<?xml version="1.0" encoding="UTF-8"?>
<gpx version="1.1" creator="Skyline fixture generator" xmlns="http://www.topografix.com/GPX/1/1" xmlns:gpxtpx="http://www.garmin.com/xmlschemas/TrackPointExtension/v1">
  <metadata><name>Тестовый полёт</name><author><name>Тест Пилот &amp; Ко</name></author><time>2026-07-15T00:00:00Z</time></metadata>
  <trk><name>Skyline fixture</name>
    <trkseg>
      <trkpt lat="43.1280000" lon="76.9550000"><ele>2350.0</ele><time>2026-07-15T09:00:00Z</time><extensions><gpxtpx:TrackPointExtension><gpxtpx:hr>120</gpxtpx:hr></gpxtpx:TrackPointExtension></extensions></trkpt>
      <trkpt lat="43.1279772" lon="76.9552531"><ele>2351.8</ele><time>2026-07-15T09:00:01Z</time><extensions><gpxtpx:TrackPointExtension><gpxtpx:hr>120</gpxtpx:hr></gpxtpx:TrackPointExtension></extensions></trkpt>
      <trkpt lat="43.1279026" lon="76.9554830"><ele>2353.5</ele><time>2026-07-15T09:00:02Z</time><extensions><gpxtpx:TrackPointExtension><gpxtpx:hr>120</gpxtpx:hr></gpxtpx:TrackPointExtension></extensions></trkpt>
      <trkpt lat="43.1277839" lon="76.9556691"><ele>2355.3</ele><time>2026-07-15T09:00:03Z</time><extensions><gpxtpx:TrackPointExtension><gpxtpx:hr>120</gpxtpx:hr></gpxtpx:TrackPointExtension></extensions></trkpt>
      <trkpt lat="43.1276331" lon="76.9557947"><ele>2357.0</ele><time>2026-07-15T09:00:04Z</time><extensions><gpxtpx:TrackPointExtension><gpxtpx:hr>120</gpxtpx:hr></gpxtpx:TrackPointExtension></extensions></trkpt>
      <trkpt lat="43.1274655" lon="76.9558493"><ele>2358.8</ele><time>2026-07-15T09:00:05Z</time><extensions><gpxtpx:TrackPointExtension><gpxtpx:hr>120</gpxtpx:hr></gpxtpx:TrackPointExtension></extensions></trkpt>
      <trkpt lat="43.1272979" lon="76.9558292"><ele>2360.5</ele><time>2026-07-15T09:00:06Z</time><extensions><gpxtpx:TrackPointExtension><gpxtpx:hr>120</gpxtpx:hr></gpxtpx:TrackPointExtension></extensions></trkpt>
      <trkpt lat="43.1271471" lon="76.9557380"><ele>2362.3</ele><time>2026-07-15T09:00:07Z</time><extensions><gpxtpx:TrackPointExtension><gpxtpx:hr>120</gpxtpx:hr></gpxtpx:TrackPointExtension></extensions></trkpt>
      <trkpt lat="43.1270284" lon="76.9555864"><ele>2364.0</ele><time>2026-07-15T09:00:08Z</time><extensions><gpxtpx:TrackPointExtension><gpxtpx:hr>120</gpxtpx:hr></gpxtpx:TrackPointExtension></extensions></trkpt>
      <trkpt lat="43.1269538" lon="76.9553909"><ele>2365.8</ele><time>2026-07-15T09:00:09Z</time><extensions><gpxtpx:TrackPointExtension><gpxtpx:hr>120</gpxtpx:hr></gpxtpx:TrackPointExtension></extensions></trkpt>
      <trkpt lat="43.1269310" lon="76.9551723"><ele>2367.5</ele><time>2026-07-15T09:00:10Z</time><extensions><gpxtpx:TrackPointExtension><gpxtpx:hr>120</gpxtpx:hr></gpxtpx:TrackPointExtension></extensions></trkpt>
      <trkpt lat="43.1269628" lon="76.9549537"><ele>2369.3</ele><time>2026-07-15T09:00:11Z</time><extensions><gpxtpx:TrackPointExtension><gpxtpx:hr>120</gpxtpx:hr></gpxtpx:TrackPointExtension></extensions></trkpt>
      <trkpt lat="43.1270464" lon="76.9547582"><ele>2371.0</ele><time>2026-07-15T09:00:12Z</time><extensions><gpxtpx:TrackPointExtension><gpxtpx:hr>120</gpxtpx:hr></gpxtpx:TrackPointExtension></extensions></trkpt>
      <trkpt lat="43.1271741" lon="76.9546066"><ele>2372.8</ele><time>2026-07-15T09:00:13Z</time><extensions><gpxtpx:TrackPointExtension><gpxtpx:hr>120</gpxtpx:hr></gpxtpx:TrackPointExtension></extensions></trkpt>
      <trkpt lat="43.1273338" lon="76.9545155"><ele>2374.5</ele><time>2026-07-15T09:00:14Z</time><extensions><gpxtpx:TrackPointExtension><gpxtpx:hr>120</gpxtpx:hr></gpxtpx:TrackPointExtension></extensions></trkpt>
      <trkpt lat="43.1275104" lon="76.9544954"><ele>2376.3</ele><time>2026-07-15T09:00:15Z</time><extensions><gpxtpx:TrackPointExtension><gpxtpx:hr>120</gpxtpx:hr></gpxtpx:TrackPointExtension></extensions></trkpt>
      <trkpt lat="43.1276870" lon="76.9545499"><ele>2378.0</ele><time>2026-07-15T09:00:16Z</time><extensions><gpxtpx:TrackPointExtension><gpxtpx:hr>120</gpxtpx:hr></gpxtpx:TrackPointExtension></extensions></trkpt>
      <trkpt lat="43.1278468" lon="76.9546756"><ele>2379.8</ele><time>2026-07-15T09:00:17Z</time><extensions><gpxtpx:TrackPointExtension><gpxtpx:hr>120</gpxtpx:hr></gpxtpx:TrackPointExtension></extensions></trkpt>
      <trkpt lat="43.1279745" lon="76.9548616"><ele>2381.5</ele><time>2026-07-15T09:00:18Z</time><extensions><gpxtpx:TrackPointExtension><gpxtpx:hr>120</gpxtpx:hr></gpxtpx:TrackPointExtension></extensions></trkpt>
      <trkpt lat="43.1280581" lon="76.9550916"><ele>2383.3</ele><time>2026-07-15T09:00:19Z</time><extensions><gpxtpx:TrackPointExtension><gpxtpx:hr>120</gpxtpx:hr></gpxtpx:TrackPointExtension></extensions></trkpt>
      <trkpt lat="43.1280898" lon="76.9553446"><ele>2385.0</ele><time>2026-07-15T09:00:20Z</time><extensions><gpxtpx:TrackPointExtension><gpxtpx:hr>120</gpxtpx:hr></gpxtpx:TrackPointExtension></extensions></trkpt>
      <trkpt lat="43.1280671" lon="76.9555977"><ele>2386.8</ele><time>2026-07-15T09:00:21Z</time><extensions><gpxtpx:TrackPointExtension><gpxtpx:hr>120</gpxtpx:hr></gpxtpx:TrackPointExtension></extensions></trkpt>
      <trkpt lat="43.1279924" lon="76.9558277"><ele>2388.5</ele><time>2026-07-15T09:00:22Z</time><extensions><gpxtpx:TrackPointExtension><gpxtpx:hr>120</gpxtpx:hr></gpxtpx:TrackPointExtension></extensions></trkpt>
      <trkpt lat="43.1278737" lon="76.9560137"><ele>2390.3</ele><time>2026-07-15T09:00:23Z</time><extensions><gpxtpx:TrackPointExtension><gpxtpx:hr>120</gpxtpx:hr></gpxtpx:TrackPointExtension></extensions></trkpt>
      <trkpt lat="43.1277230" lon="76.9561393"><ele>2392.0</ele><time>2026-07-15T09:00:24Z</time><extensions><gpxtpx:TrackPointExtension><gpxtpx:hr>120</gpxtpx:hr></gpxtpx:TrackPointExtension></extensions></trkpt>
      <trkpt lat="43.1275553" lon="76.9561939"><ele>2393.8</ele><time>2026-07-15T09:00:25Z</time><extensions><gpxtpx:TrackPointExtension><gpxtpx:hr>120</gpxtpx:hr></gpxtpx:TrackPointExtension></extensions></trkpt>
      <trkpt lat="43.1273877" lon="76.9561738"><ele>2395.5</ele><time>2026-07-15T09:00:26Z</time><extensions><gpxtpx:TrackPointExtension><gpxtpx:hr>120</gpxtpx:hr></gpxtpx:TrackPointExtension></extensions></trkpt>
      <trkpt lat="43.1272370" lon="76.9560826"><ele>2397.3</ele><time>2026-07-15T09:00:27Z</time><extensions><gpxtpx:TrackPointExtension><gpxtpx:hr>120</gpxtpx:hr></gpxtpx:TrackPointExtension></extensions></trkpt>
      <trkpt lat="43.1271182" lon="76.9559311"><ele>2399.0</ele><time>2026-07-15T09:00:28Z</time><extensions><gpxtpx:TrackPointExtension><gpxtpx:hr>120</gpxtpx:hr></gpxtpx:TrackPointExtension></extensions></trkpt>
      <trkpt lat="43.1270436" lon="76.9557355"><ele>2400.8</ele><time>2026-07-15T09:00:29Z</time><extensions><gpxtpx:TrackPointExtension><gpxtpx:hr>120</gpxtpx:hr></gpxtpx:TrackPointExtension></extensions></trkpt>
      <trkpt lat="43.1270208" lon="76.9555170"><ele>2402.5</ele><time>2026-07-15T09:00:30Z</time><extensions><gpxtpx:TrackPointExtension><gpxtpx:hr>120</gpxtpx:hr></gpxtpx:TrackPointExtension></extensions></trkpt>
      <trkpt lat="43.1270526" lon="76.9552984"><ele>2404.3</ele><time>2026-07-15T09:00:31Z</time><extensions><gpxtpx:TrackPointExtension><gpxtpx:hr>120</gpxtpx:hr></gpxtpx:TrackPointExtension></extensions></trkpt>
      <trkpt lat="43.1271362" lon="76.9551029"><ele>2406.0</ele><time>2026-07-15T09:00:32Z</time><extensions><gpxtpx:TrackPointExtension><gpxtpx:hr>120</gpxtpx:hr></gpxtpx:TrackPointExtension></extensions></trkpt>
      <trkpt lat="43.1272639" lon="76.9549513"><ele>2407.8</ele><time>2026-07-15T09:00:33Z</time><extensions><gpxtpx:TrackPointExtension><gpxtpx:hr>120</gpxtpx:hr></gpxtpx:TrackPointExtension></extensions></trkpt>
      <trkpt lat="43.1274237" lon="76.9548601"><ele>2409.5</ele><time>2026-07-15T09:00:34Z</time><extensions><gpxtpx:TrackPointExtension><gpxtpx:hr>120</gpxtpx:hr></gpxtpx:TrackPointExtension></extensions></trkpt>
      <trkpt lat="43.1276003" lon="76.9548400"><ele>2411.3</ele><time>2026-07-15T09:00:35Z</time><extensions><gpxtpx:TrackPointExtension><gpxtpx:hr>120</gpxtpx:hr></gpxtpx:TrackPointExtension></extensions></trkpt>
      <trkpt lat="43.1277769" lon="76.9548946"><ele>2413.0</ele><time>2026-07-15T09:00:36Z</time><extensions><gpxtpx:TrackPointExtension><gpxtpx:hr>120</gpxtpx:hr></gpxtpx:TrackPointExtension></extensions></trkpt>
      <trkpt lat="43.1279366" lon="76.9550202"><ele>2414.8</ele><time>2026-07-15T09:00:37Z</time><extensions><gpxtpx:TrackPointExtension><gpxtpx:hr>120</gpxtpx:hr></gpxtpx:TrackPointExtension></extensions></trkpt>
      <trkpt lat="43.1280643" lon="76.9552063"><ele>2416.5</ele><time>2026-07-15T09:00:38Z</time><extensions><gpxtpx:TrackPointExtension><gpxtpx:hr>120</gpxtpx:hr></gpxtpx:TrackPointExtension></extensions></trkpt>
      <trkpt lat="43.1281479" lon="76.9554362"><ele>2418.3</ele><time>2026-07-15T09:00:39Z</time><extensions><gpxtpx:TrackPointExtension><gpxtpx:hr>120</gpxtpx:hr></gpxtpx:TrackPointExtension></extensions></trkpt>
      <trkpt lat="43.1281797" lon="76.9556893"><ele>2420.0</ele><time>2026-07-15T09:00:40Z</time><extensions><gpxtpx:TrackPointExtension><gpxtpx:hr>120</gpxtpx:hr></gpxtpx:TrackPointExtension></extensions></trkpt>
      <trkpt lat="43.1281569" lon="76.9559423"><ele>2421.8</ele><time>2026-07-15T09:00:41Z</time><extensions><gpxtpx:TrackPointExtension><gpxtpx:hr>120</gpxtpx:hr></gpxtpx:TrackPointExtension></extensions></trkpt>
      <trkpt lat="43.1280823" lon="76.9561723"><ele>2423.5</ele><time>2026-07-15T09:00:42Z</time><extensions><gpxtpx:TrackPointExtension><gpxtpx:hr>120</gpxtpx:hr></gpxtpx:TrackPointExtension></extensions></trkpt>
      <trkpt lat="43.1279636" lon="76.9563584"><ele>2425.3</ele><time>2026-07-15T09:00:43Z</time><extensions><gpxtpx:TrackPointExtension><gpxtpx:hr>120</gpxtpx:hr></gpxtpx:TrackPointExtension></extensions></trkpt>
      <trkpt lat="43.1278128" lon="76.9564840"><ele>2427.0</ele><time>2026-07-15T09:00:44Z</time><extensions><gpxtpx:TrackPointExtension><gpxtpx:hr>120</gpxtpx:hr></gpxtpx:TrackPointExtension></extensions></trkpt>
      <trkpt lat="43.1276452" lon="76.9565386"><ele>2428.8</ele><time>2026-07-15T09:00:45Z</time><extensions><gpxtpx:TrackPointExtension><gpxtpx:hr>120</gpxtpx:hr></gpxtpx:TrackPointExtension></extensions></trkpt>
      <trkpt lat="43.1274776" lon="76.9565184"><ele>2430.5</ele><time>2026-07-15T09:00:46Z</time><extensions><gpxtpx:TrackPointExtension><gpxtpx:hr>120</gpxtpx:hr></gpxtpx:TrackPointExtension></extensions></trkpt>
      <trkpt lat="43.1273268" lon="76.9564273"><ele>2432.3</ele><time>2026-07-15T09:00:47Z</time><extensions><gpxtpx:TrackPointExtension><gpxtpx:hr>120</gpxtpx:hr></gpxtpx:TrackPointExtension></extensions></trkpt>
      <trkpt lat="43.1272081" lon="76.9562757"><ele>2434.0</ele><time>2026-07-15T09:00:48Z</time><extensions><gpxtpx:TrackPointExtension><gpxtpx:hr>120</gpxtpx:hr></gpxtpx:TrackPointExtension></extensions></trkpt>
      <trkpt lat="43.1271334" lon="76.9560802"><ele>2435.8</ele><time>2026-07-15T09:00:49Z</time><extensions><gpxtpx:TrackPointExtension><gpxtpx:hr>120</gpxtpx:hr></gpxtpx:TrackPointExtension></extensions></trkpt>
      <trkpt lat="43.1271107" lon="76.9558616"><ele>2437.5</ele><time>2026-07-15T09:00:50Z</time><extensions><gpxtpx:TrackPointExtension><gpxtpx:hr>120</gpxtpx:hr></gpxtpx:TrackPointExtension></extensions></trkpt>
      <trkpt lat="43.1271424" lon="76.9556430"><ele>2439.3</ele><time>2026-07-15T09:00:51Z</time><extensions><gpxtpx:TrackPointExtension><gpxtpx:hr>120</gpxtpx:hr></gpxtpx:TrackPointExtension></extensions></trkpt>
      <trkpt lat="43.1272260" lon="76.9554475"><ele>2441.0</ele><time>2026-07-15T09:00:52Z</time><extensions><gpxtpx:TrackPointExtension><gpxtpx:hr>120</gpxtpx:hr></gpxtpx:TrackPointExtension></extensions></trkpt>
      <trkpt lat="43.1273537" lon="76.9552959"><ele>2442.8</ele><time>2026-07-15T09:00:53Z</time><extensions><gpxtpx:TrackPointExtension><gpxtpx:hr>120</gpxtpx:hr></gpxtpx:TrackPointExtension></extensions></trkpt>
      <trkpt lat="43.1275135" lon="76.9552047"><ele>2444.5</ele><time>2026-07-15T09:00:54Z</time><extensions><gpxtpx:TrackPointExtension><gpxtpx:hr>120</gpxtpx:hr></gpxtpx:TrackPointExtension></extensions></trkpt>
      <trkpt lat="43.1276901" lon="76.9551846"><ele>2446.3</ele><time>2026-07-15T09:00:55Z</time><extensions><gpxtpx:TrackPointExtension><gpxtpx:hr>120</gpxtpx:hr></gpxtpx:TrackPointExtension></extensions></trkpt>
      <trkpt lat="43.1278667" lon="76.9552392"><ele>2448.0</ele><time>2026-07-15T09:00:56Z</time><extensions><gpxtpx:TrackPointExtension><gpxtpx:hr>120</gpxtpx:hr></gpxtpx:TrackPointExtension></extensions></trkpt>
      <trkpt lat="43.1280264" lon="76.9553648"><ele>2449.8</ele><time>2026-07-15T09:00:57Z</time><extensions><gpxtpx:TrackPointExtension><gpxtpx:hr>120</gpxtpx:hr></gpxtpx:TrackPointExtension></extensions></trkpt>
      <trkpt lat="43.1281541" lon="76.9555509"><ele>2451.5</ele><time>2026-07-15T09:00:58Z</time><extensions><gpxtpx:TrackPointExtension><gpxtpx:hr>120</gpxtpx:hr></gpxtpx:TrackPointExtension></extensions></trkpt>
      <trkpt lat="43.1282377" lon="76.9557809"><ele>2453.3</ele><time>2026-07-15T09:00:59Z</time><extensions><gpxtpx:TrackPointExtension><gpxtpx:hr>120</gpxtpx:hr></gpxtpx:TrackPointExtension></extensions></trkpt>
      <trkpt lat="43.1282695" lon="76.9560339"><ele>2455.0</ele><time>2026-07-15T09:01:00Z</time><extensions><gpxtpx:TrackPointExtension><gpxtpx:hr>120</gpxtpx:hr></gpxtpx:TrackPointExtension></extensions></trkpt>
      <trkpt lat="43.1282467" lon="76.9562870"><ele>2456.8</ele><time>2026-07-15T09:01:01Z</time><extensions><gpxtpx:TrackPointExtension><gpxtpx:hr>120</gpxtpx:hr></gpxtpx:TrackPointExtension></extensions></trkpt>
      <trkpt lat="43.1281721" lon="76.9565169"><ele>2458.5</ele><time>2026-07-15T09:01:02Z</time><extensions><gpxtpx:TrackPointExtension><gpxtpx:hr>120</gpxtpx:hr></gpxtpx:TrackPointExtension></extensions></trkpt>
      <trkpt lat="43.1280534" lon="76.9567030"><ele>2460.3</ele><time>2026-07-15T09:01:03Z</time><extensions><gpxtpx:TrackPointExtension><gpxtpx:hr>120</gpxtpx:hr></gpxtpx:TrackPointExtension></extensions></trkpt>
      <trkpt lat="43.1279026" lon="76.9568286"><ele>2462.0</ele><time>2026-07-15T09:01:04Z</time><extensions><gpxtpx:TrackPointExtension><gpxtpx:hr>120</gpxtpx:hr></gpxtpx:TrackPointExtension></extensions></trkpt>
      <trkpt lat="43.1277350" lon="76.9568832"><ele>2463.8</ele><time>2026-07-15T09:01:05Z</time><extensions><gpxtpx:TrackPointExtension><gpxtpx:hr>120</gpxtpx:hr></gpxtpx:TrackPointExtension></extensions></trkpt>
      <trkpt lat="43.1275674" lon="76.9568631"><ele>2465.5</ele><time>2026-07-15T09:01:06Z</time><extensions><gpxtpx:TrackPointExtension><gpxtpx:hr>120</gpxtpx:hr></gpxtpx:TrackPointExtension></extensions></trkpt>
      <trkpt lat="43.1274166" lon="76.9567719"><ele>2467.3</ele><time>2026-07-15T09:01:07Z</time><extensions><gpxtpx:TrackPointExtension><gpxtpx:hr>120</gpxtpx:hr></gpxtpx:TrackPointExtension></extensions></trkpt>
      <trkpt lat="43.1272979" lon="76.9566203"><ele>2469.0</ele><time>2026-07-15T09:01:08Z</time><extensions><gpxtpx:TrackPointExtension><gpxtpx:hr>120</gpxtpx:hr></gpxtpx:TrackPointExtension></extensions></trkpt>
      <trkpt lat="43.1272233" lon="76.9564248"><ele>2470.8</ele><time>2026-07-15T09:01:09Z</time><extensions><gpxtpx:TrackPointExtension><gpxtpx:hr>120</gpxtpx:hr></gpxtpx:TrackPointExtension></extensions></trkpt>
      <trkpt lat="43.1272005" lon="76.9562062"><ele>2472.5</ele><time>2026-07-15T09:01:10Z</time><extensions><gpxtpx:TrackPointExtension><gpxtpx:hr>120</gpxtpx:hr></gpxtpx:TrackPointExtension></extensions></trkpt>
      <trkpt lat="43.1272323" lon="76.9559876"><ele>2474.3</ele><time>2026-07-15T09:01:11Z</time><extensions><gpxtpx:TrackPointExtension><gpxtpx:hr>120</gpxtpx:hr></gpxtpx:TrackPointExtension></extensions></trkpt>
      <trkpt lat="43.1273159" lon="76.9557921"><ele>2476.0</ele><time>2026-07-15T09:01:12Z</time><extensions><gpxtpx:TrackPointExtension><gpxtpx:hr>120</gpxtpx:hr></gpxtpx:TrackPointExtension></extensions></trkpt>
      <trkpt lat="43.1274436" lon="76.9556405"><ele>2477.8</ele><time>2026-07-15T09:01:13Z</time><extensions><gpxtpx:TrackPointExtension><gpxtpx:hr>120</gpxtpx:hr></gpxtpx:TrackPointExtension></extensions></trkpt>
      <trkpt lat="43.1276033" lon="76.9555494"><ele>2479.5</ele><time>2026-07-15T09:01:14Z</time><extensions><gpxtpx:TrackPointExtension><gpxtpx:hr>120</gpxtpx:hr></gpxtpx:TrackPointExtension></extensions></trkpt>
      <trkpt lat="43.1277799" lon="76.9555293"><ele>2481.3</ele><time>2026-07-15T09:01:15Z</time><extensions><gpxtpx:TrackPointExtension><gpxtpx:hr>120</gpxtpx:hr></gpxtpx:TrackPointExtension></extensions></trkpt>
      <trkpt lat="43.1279565" lon="76.9555838"><ele>2483.0</ele><time>2026-07-15T09:01:16Z</time><extensions><gpxtpx:TrackPointExtension><gpxtpx:hr>120</gpxtpx:hr></gpxtpx:TrackPointExtension></extensions></trkpt>
      <trkpt lat="43.1281163" lon="76.9557095"><ele>2484.8</ele><time>2026-07-15T09:01:17Z</time><extensions><gpxtpx:TrackPointExtension><gpxtpx:hr>120</gpxtpx:hr></gpxtpx:TrackPointExtension></extensions></trkpt>
      <trkpt lat="43.1282440" lon="76.9558955"><ele>2486.5</ele><time>2026-07-15T09:01:18Z</time><extensions><gpxtpx:TrackPointExtension><gpxtpx:hr>120</gpxtpx:hr></gpxtpx:TrackPointExtension></extensions></trkpt>
      <trkpt lat="43.1283276" lon="76.9561255"><ele>2488.3</ele><time>2026-07-15T09:01:19Z</time><extensions><gpxtpx:TrackPointExtension><gpxtpx:hr>120</gpxtpx:hr></gpxtpx:TrackPointExtension></extensions></trkpt>
      <trkpt lat="43.1283593" lon="76.9563786"><ele>2490.0</ele><time>2026-07-15T09:01:20Z</time><extensions><gpxtpx:TrackPointExtension><gpxtpx:hr>120</gpxtpx:hr></gpxtpx:TrackPointExtension></extensions></trkpt>
      <trkpt lat="43.1283366" lon="76.9566316"><ele>2491.8</ele><time>2026-07-15T09:01:21Z</time><extensions><gpxtpx:TrackPointExtension><gpxtpx:hr>120</gpxtpx:hr></gpxtpx:TrackPointExtension></extensions></trkpt>
      <trkpt lat="43.1282619" lon="76.9568616"><ele>2493.5</ele><time>2026-07-15T09:01:22Z</time><extensions><gpxtpx:TrackPointExtension><gpxtpx:hr>120</gpxtpx:hr></gpxtpx:TrackPointExtension></extensions></trkpt>
      <trkpt lat="43.1281432" lon="76.9570476"><ele>2495.3</ele><time>2026-07-15T09:01:23Z</time><extensions><gpxtpx:TrackPointExtension><gpxtpx:hr>120</gpxtpx:hr></gpxtpx:TrackPointExtension></extensions></trkpt>
      <trkpt lat="43.1279924" lon="76.9571733"><ele>2497.0</ele><time>2026-07-15T09:01:24Z</time><extensions><gpxtpx:TrackPointExtension><gpxtpx:hr>120</gpxtpx:hr></gpxtpx:TrackPointExtension></extensions></trkpt>
      <trkpt lat="43.1278248" lon="76.9572278"><ele>2498.8</ele><time>2026-07-15T09:01:25Z</time><extensions><gpxtpx:TrackPointExtension><gpxtpx:hr>120</gpxtpx:hr></gpxtpx:TrackPointExtension></extensions></trkpt>
      <trkpt lat="43.1276572" lon="76.9572077"><ele>2500.5</ele><time>2026-07-15T09:01:26Z</time><extensions><gpxtpx:TrackPointExtension><gpxtpx:hr>120</gpxtpx:hr></gpxtpx:TrackPointExtension></extensions></trkpt>
      <trkpt lat="43.1275064" lon="76.9571166"><ele>2502.3</ele><time>2026-07-15T09:01:27Z</time><extensions><gpxtpx:TrackPointExtension><gpxtpx:hr>120</gpxtpx:hr></gpxtpx:TrackPointExtension></extensions></trkpt>
      <trkpt lat="43.1273877" lon="76.9569650"><ele>2504.0</ele><time>2026-07-15T09:01:28Z</time><extensions><gpxtpx:TrackPointExtension><gpxtpx:hr>120</gpxtpx:hr></gpxtpx:TrackPointExtension></extensions></trkpt>
      <trkpt lat="43.1273131" lon="76.9567695"><ele>2505.8</ele><time>2026-07-15T09:01:29Z</time><extensions><gpxtpx:TrackPointExtension><gpxtpx:hr>120</gpxtpx:hr></gpxtpx:TrackPointExtension></extensions></trkpt>
      <trkpt lat="43.1272903" lon="76.9565509"><ele>2507.5</ele><time>2026-07-15T09:01:30Z</time><extensions><gpxtpx:TrackPointExtension><gpxtpx:hr>120</gpxtpx:hr></gpxtpx:TrackPointExtension></extensions></trkpt>
      <trkpt lat="43.1273221" lon="76.9563323"><ele>2509.3</ele><time>2026-07-15T09:01:31Z</time><extensions><gpxtpx:TrackPointExtension><gpxtpx:hr>120</gpxtpx:hr></gpxtpx:TrackPointExtension></extensions></trkpt>
      <trkpt lat="43.1274057" lon="76.9561368"><ele>2511.0</ele><time>2026-07-15T09:01:32Z</time><extensions><gpxtpx:TrackPointExtension><gpxtpx:hr>120</gpxtpx:hr></gpxtpx:TrackPointExtension></extensions></trkpt>
      <trkpt lat="43.1275334" lon="76.9559852"><ele>2512.8</ele><time>2026-07-15T09:01:33Z</time><extensions><gpxtpx:TrackPointExtension><gpxtpx:hr>120</gpxtpx:hr></gpxtpx:TrackPointExtension></extensions></trkpt>
      <trkpt lat="43.1276931" lon="76.9558940"><ele>2514.5</ele><time>2026-07-15T09:01:34Z</time><extensions><gpxtpx:TrackPointExtension><gpxtpx:hr>120</gpxtpx:hr></gpxtpx:TrackPointExtension></extensions></trkpt>
      <trkpt lat="43.1278697" lon="76.9558739"><ele>2516.3</ele><time>2026-07-15T09:01:35Z</time><extensions><gpxtpx:TrackPointExtension><gpxtpx:hr>120</gpxtpx:hr></gpxtpx:TrackPointExtension></extensions></trkpt>
      <trkpt lat="43.1280463" lon="76.9559285"><ele>2518.0</ele><time>2026-07-15T09:01:36Z</time><extensions><gpxtpx:TrackPointExtension><gpxtpx:hr>120</gpxtpx:hr></gpxtpx:TrackPointExtension></extensions></trkpt>
      <trkpt lat="43.1282061" lon="76.9560541"><ele>2519.8</ele><time>2026-07-15T09:01:37Z</time><extensions><gpxtpx:TrackPointExtension><gpxtpx:hr>120</gpxtpx:hr></gpxtpx:TrackPointExtension></extensions></trkpt>
      <trkpt lat="43.1283338" lon="76.9562402"><ele>2521.5</ele><time>2026-07-15T09:01:38Z</time><extensions><gpxtpx:TrackPointExtension><gpxtpx:hr>120</gpxtpx:hr></gpxtpx:TrackPointExtension></extensions></trkpt>
      <trkpt lat="43.1284174" lon="76.9564701"><ele>2523.3</ele><time>2026-07-15T09:01:39Z</time><extensions><gpxtpx:TrackPointExtension><gpxtpx:hr>120</gpxtpx:hr></gpxtpx:TrackPointExtension></extensions></trkpt>
      <trkpt lat="43.1284492" lon="76.9567232"><ele>2525.0</ele><time>2026-07-15T09:01:40Z</time><extensions><gpxtpx:TrackPointExtension><gpxtpx:hr>120</gpxtpx:hr></gpxtpx:TrackPointExtension></extensions></trkpt>
      <trkpt lat="43.1284264" lon="76.9569762"><ele>2526.8</ele><time>2026-07-15T09:01:41Z</time><extensions><gpxtpx:TrackPointExtension><gpxtpx:hr>120</gpxtpx:hr></gpxtpx:TrackPointExtension></extensions></trkpt>
      <trkpt lat="43.1283518" lon="76.9572062"><ele>2528.5</ele><time>2026-07-15T09:01:42Z</time><extensions><gpxtpx:TrackPointExtension><gpxtpx:hr>120</gpxtpx:hr></gpxtpx:TrackPointExtension></extensions></trkpt>
      <trkpt lat="43.1282330" lon="76.9573923"><ele>2530.3</ele><time>2026-07-15T09:01:43Z</time><extensions><gpxtpx:TrackPointExtension><gpxtpx:hr>120</gpxtpx:hr></gpxtpx:TrackPointExtension></extensions></trkpt>
      <trkpt lat="43.1280823" lon="76.9575179"><ele>2532.0</ele><time>2026-07-15T09:01:44Z</time><extensions><gpxtpx:TrackPointExtension><gpxtpx:hr>120</gpxtpx:hr></gpxtpx:TrackPointExtension></extensions></trkpt>
      <trkpt lat="43.1279147" lon="76.9575725"><ele>2533.8</ele><time>2026-07-15T09:01:45Z</time><extensions><gpxtpx:TrackPointExtension><gpxtpx:hr>120</gpxtpx:hr></gpxtpx:TrackPointExtension></extensions></trkpt>
      <trkpt lat="43.1277470" lon="76.9575524"><ele>2535.5</ele><time>2026-07-15T09:01:46Z</time><extensions><gpxtpx:TrackPointExtension><gpxtpx:hr>120</gpxtpx:hr></gpxtpx:TrackPointExtension></extensions></trkpt>
      <trkpt lat="43.1275963" lon="76.9574612"><ele>2537.3</ele><time>2026-07-15T09:01:47Z</time><extensions><gpxtpx:TrackPointExtension><gpxtpx:hr>120</gpxtpx:hr></gpxtpx:TrackPointExtension></extensions></trkpt>
      <trkpt lat="43.1274776" lon="76.9573096"><ele>2539.0</ele><time>2026-07-15T09:01:48Z</time><extensions><gpxtpx:TrackPointExtension><gpxtpx:hr>120</gpxtpx:hr></gpxtpx:TrackPointExtension></extensions></trkpt>
      <trkpt lat="43.1274029" lon="76.9571141"><ele>2540.8</ele><time>2026-07-15T09:01:49Z</time><extensions><gpxtpx:TrackPointExtension><gpxtpx:hr>120</gpxtpx:hr></gpxtpx:TrackPointExtension></extensions></trkpt>
      <trkpt lat="43.1273802" lon="76.9568955"><ele>2542.5</ele><time>2026-07-15T09:01:50Z</time><extensions><gpxtpx:TrackPointExtension><gpxtpx:hr>120</gpxtpx:hr></gpxtpx:TrackPointExtension></extensions></trkpt>
      <trkpt lat="43.1274119" lon="76.9566769"><ele>2544.3</ele><time>2026-07-15T09:01:51Z</time><extensions><gpxtpx:TrackPointExtension><gpxtpx:hr>120</gpxtpx:hr></gpxtpx:TrackPointExtension></extensions></trkpt>
      <trkpt lat="43.1274955" lon="76.9564814"><ele>2546.0</ele><time>2026-07-15T09:01:52Z</time><extensions><gpxtpx:TrackPointExtension><gpxtpx:hr>120</gpxtpx:hr></gpxtpx:TrackPointExtension></extensions></trkpt>
      <trkpt lat="43.1276232" lon="76.9563298"><ele>2547.8</ele><time>2026-07-15T09:01:53Z</time><extensions><gpxtpx:TrackPointExtension><gpxtpx:hr>120</gpxtpx:hr></gpxtpx:TrackPointExtension></extensions></trkpt>
      <trkpt lat="43.1277830" lon="76.9562387"><ele>2549.5</ele><time>2026-07-15T09:01:54Z</time><extensions><gpxtpx:TrackPointExtension><gpxtpx:hr>120</gpxtpx:hr></gpxtpx:TrackPointExtension></extensions></trkpt>
      <trkpt lat="43.1279596" lon="76.9562185"><ele>2551.3</ele><time>2026-07-15T09:01:55Z</time><extensions><gpxtpx:TrackPointExtension><gpxtpx:hr>120</gpxtpx:hr></gpxtpx:TrackPointExtension></extensions></trkpt>
      <trkpt lat="43.1281362" lon="76.9562731"><ele>2553.0</ele><time>2026-07-15T09:01:56Z</time><extensions><gpxtpx:TrackPointExtension><gpxtpx:hr>120</gpxtpx:hr></gpxtpx:TrackPointExtension></extensions></trkpt>
      <trkpt lat="43.1282959" lon="76.9563988"><ele>2554.8</ele><time>2026-07-15T09:01:57Z</time><extensions><gpxtpx:TrackPointExtension><gpxtpx:hr>120</gpxtpx:hr></gpxtpx:TrackPointExtension></extensions></trkpt>
      <trkpt lat="43.1284236" lon="76.9565848"><ele>2556.5</ele><time>2026-07-15T09:01:58Z</time><extensions><gpxtpx:TrackPointExtension><gpxtpx:hr>120</gpxtpx:hr></gpxtpx:TrackPointExtension></extensions></trkpt>
      <trkpt lat="43.1285072" lon="76.9568148"><ele>2558.3</ele><time>2026-07-15T09:01:59Z</time><extensions><gpxtpx:TrackPointExtension><gpxtpx:hr>120</gpxtpx:hr></gpxtpx:TrackPointExtension></extensions></trkpt>
      <trkpt lat="43.1285390" lon="76.9570678"><ele>2560.0</ele><time>2026-07-15T09:02:00Z</time><extensions><gpxtpx:TrackPointExtension><gpxtpx:hr>120</gpxtpx:hr></gpxtpx:TrackPointExtension></extensions></trkpt>
      <trkpt lat="43.1285162" lon="76.9573209"><ele>2561.8</ele><time>2026-07-15T09:02:01Z</time><extensions><gpxtpx:TrackPointExtension><gpxtpx:hr>120</gpxtpx:hr></gpxtpx:TrackPointExtension></extensions></trkpt>
      <trkpt lat="43.1284416" lon="76.9575509"><ele>2563.5</ele><time>2026-07-15T09:02:02Z</time><extensions><gpxtpx:TrackPointExtension><gpxtpx:hr>120</gpxtpx:hr></gpxtpx:TrackPointExtension></extensions></trkpt>
      <trkpt lat="43.1283229" lon="76.9577369"><ele>2565.3</ele><time>2026-07-15T09:02:03Z</time><extensions><gpxtpx:TrackPointExtension><gpxtpx:hr>120</gpxtpx:hr></gpxtpx:TrackPointExtension></extensions></trkpt>
      <trkpt lat="43.1281721" lon="76.9578625"><ele>2567.0</ele><time>2026-07-15T09:02:04Z</time><extensions><gpxtpx:TrackPointExtension><gpxtpx:hr>120</gpxtpx:hr></gpxtpx:TrackPointExtension></extensions></trkpt>
      <trkpt lat="43.1280045" lon="76.9579171"><ele>2568.8</ele><time>2026-07-15T09:02:05Z</time><extensions><gpxtpx:TrackPointExtension><gpxtpx:hr>120</gpxtpx:hr></gpxtpx:TrackPointExtension></extensions></trkpt>
      <trkpt lat="43.1278369" lon="76.9578970"><ele>2570.5</ele><time>2026-07-15T09:02:06Z</time><extensions><gpxtpx:TrackPointExtension><gpxtpx:hr>120</gpxtpx:hr></gpxtpx:TrackPointExtension></extensions></trkpt>
      <trkpt lat="43.1276861" lon="76.9578058"><ele>2572.3</ele><time>2026-07-15T09:02:07Z</time><extensions><gpxtpx:TrackPointExtension><gpxtpx:hr>120</gpxtpx:hr></gpxtpx:TrackPointExtension></extensions></trkpt>
      <trkpt lat="43.1275674" lon="76.9576542"><ele>2574.0</ele><time>2026-07-15T09:02:08Z</time><extensions><gpxtpx:TrackPointExtension><gpxtpx:hr>120</gpxtpx:hr></gpxtpx:TrackPointExtension></extensions></trkpt>
      <trkpt lat="43.1274928" lon="76.9574587"><ele>2575.8</ele><time>2026-07-15T09:02:09Z</time><extensions><gpxtpx:TrackPointExtension><gpxtpx:hr>120</gpxtpx:hr></gpxtpx:TrackPointExtension></extensions></trkpt>
      <trkpt lat="43.1274700" lon="76.9572402"><ele>2577.5</ele><time>2026-07-15T09:02:10Z</time><extensions><gpxtpx:TrackPointExtension><gpxtpx:hr>120</gpxtpx:hr></gpxtpx:TrackPointExtension></extensions></trkpt>
      <trkpt lat="43.1275017" lon="76.9570216"><ele>2579.3</ele><time>2026-07-15T09:02:11Z</time><extensions><gpxtpx:TrackPointExtension><gpxtpx:hr>120</gpxtpx:hr></gpxtpx:TrackPointExtension></extensions></trkpt>
      <trkpt lat="43.1275853" lon="76.9568261"><ele>2581.0</ele><time>2026-07-15T09:02:12Z</time><extensions><gpxtpx:TrackPointExtension><gpxtpx:hr>120</gpxtpx:hr></gpxtpx:TrackPointExtension></extensions></trkpt>
      <trkpt lat="43.1277131" lon="76.9566745"><ele>2582.8</ele><time>2026-07-15T09:02:13Z</time><extensions><gpxtpx:TrackPointExtension><gpxtpx:hr>120</gpxtpx:hr></gpxtpx:TrackPointExtension></extensions></trkpt>
      <trkpt lat="43.1278728" lon="76.9565833"><ele>2584.5</ele><time>2026-07-15T09:02:14Z</time><extensions><gpxtpx:TrackPointExtension><gpxtpx:hr>120</gpxtpx:hr></gpxtpx:TrackPointExtension></extensions></trkpt>
      <trkpt lat="43.1280494" lon="76.9565632"><ele>2586.3</ele><time>2026-07-15T09:02:15Z</time><extensions><gpxtpx:TrackPointExtension><gpxtpx:hr>120</gpxtpx:hr></gpxtpx:TrackPointExtension></extensions></trkpt>
      <trkpt lat="43.1282260" lon="76.9566178"><ele>2588.0</ele><time>2026-07-15T09:02:16Z</time><extensions><gpxtpx:TrackPointExtension><gpxtpx:hr>120</gpxtpx:hr></gpxtpx:TrackPointExtension></extensions></trkpt>
      <trkpt lat="43.1283858" lon="76.9567434"><ele>2589.8</ele><time>2026-07-15T09:02:17Z</time><extensions><gpxtpx:TrackPointExtension><gpxtpx:hr>120</gpxtpx:hr></gpxtpx:TrackPointExtension></extensions></trkpt>
      <trkpt lat="43.1285135" lon="76.9569295"><ele>2591.5</ele><time>2026-07-15T09:02:18Z</time><extensions><gpxtpx:TrackPointExtension><gpxtpx:hr>120</gpxtpx:hr></gpxtpx:TrackPointExtension></extensions></trkpt>
      <trkpt lat="43.1285971" lon="76.9571594"><ele>2593.3</ele><time>2026-07-15T09:02:19Z</time><extensions><gpxtpx:TrackPointExtension><gpxtpx:hr>120</gpxtpx:hr></gpxtpx:TrackPointExtension></extensions></trkpt>
      <trkpt lat="43.1286288" lon="76.9574125"><ele>2595.0</ele><time>2026-07-15T09:02:20Z</time><extensions><gpxtpx:TrackPointExtension><gpxtpx:hr>120</gpxtpx:hr></gpxtpx:TrackPointExtension></extensions></trkpt>
      <trkpt lat="43.1286061" lon="76.9576655"><ele>2596.8</ele><time>2026-07-15T09:02:21Z</time><extensions><gpxtpx:TrackPointExtension><gpxtpx:hr>120</gpxtpx:hr></gpxtpx:TrackPointExtension></extensions></trkpt>
      <trkpt lat="43.1285314" lon="76.9578955"><ele>2598.5</ele><time>2026-07-15T09:02:22Z</time><extensions><gpxtpx:TrackPointExtension><gpxtpx:hr>120</gpxtpx:hr></gpxtpx:TrackPointExtension></extensions></trkpt>
      <trkpt lat="43.1284127" lon="76.9580816"><ele>2600.3</ele><time>2026-07-15T09:02:23Z</time><extensions><gpxtpx:TrackPointExtension><gpxtpx:hr>120</gpxtpx:hr></gpxtpx:TrackPointExtension></extensions></trkpt>
      <trkpt lat="43.1282619" lon="76.9582072"><ele>2602.0</ele><time>2026-07-15T09:02:24Z</time><extensions><gpxtpx:TrackPointExtension><gpxtpx:hr>120</gpxtpx:hr></gpxtpx:TrackPointExtension></extensions></trkpt>
      <trkpt lat="43.1280943" lon="76.9582618"><ele>2603.8</ele><time>2026-07-15T09:02:25Z</time><extensions><gpxtpx:TrackPointExtension><gpxtpx:hr>120</gpxtpx:hr></gpxtpx:TrackPointExtension></extensions></trkpt>
      <trkpt lat="43.1279267" lon="76.9582416"><ele>2605.5</ele><time>2026-07-15T09:02:26Z</time><extensions><gpxtpx:TrackPointExtension><gpxtpx:hr>120</gpxtpx:hr></gpxtpx:TrackPointExtension></extensions></trkpt>
      <trkpt lat="43.1277759" lon="76.9581505"><ele>2607.3</ele><time>2026-07-15T09:02:27Z</time><extensions><gpxtpx:TrackPointExtension><gpxtpx:hr>120</gpxtpx:hr></gpxtpx:TrackPointExtension></extensions></trkpt>
      <trkpt lat="43.1276572" lon="76.9579989"><ele>2609.0</ele><time>2026-07-15T09:02:28Z</time><extensions><gpxtpx:TrackPointExtension><gpxtpx:hr>120</gpxtpx:hr></gpxtpx:TrackPointExtension></extensions></trkpt>
      <trkpt lat="43.1275826" lon="76.9578034"><ele>2610.8</ele><time>2026-07-15T09:02:29Z</time><extensions><gpxtpx:TrackPointExtension><gpxtpx:hr>120</gpxtpx:hr></gpxtpx:TrackPointExtension></extensions></trkpt>
      <trkpt lat="43.1275598" lon="76.9575848"><ele>2612.5</ele><time>2026-07-15T09:02:30Z</time><extensions><gpxtpx:TrackPointExtension><gpxtpx:hr>120</gpxtpx:hr></gpxtpx:TrackPointExtension></extensions></trkpt>
      <trkpt lat="43.1275916" lon="76.9573662"><ele>2614.3</ele><time>2026-07-15T09:02:31Z</time><extensions><gpxtpx:TrackPointExtension><gpxtpx:hr>120</gpxtpx:hr></gpxtpx:TrackPointExtension></extensions></trkpt>
      <trkpt lat="43.1276752" lon="76.9571707"><ele>2616.0</ele><time>2026-07-15T09:02:32Z</time><extensions><gpxtpx:TrackPointExtension><gpxtpx:hr>120</gpxtpx:hr></gpxtpx:TrackPointExtension></extensions></trkpt>
      <trkpt lat="43.1278029" lon="76.9570191"><ele>2617.8</ele><time>2026-07-15T09:02:33Z</time><extensions><gpxtpx:TrackPointExtension><gpxtpx:hr>120</gpxtpx:hr></gpxtpx:TrackPointExtension></extensions></trkpt>
      <trkpt lat="43.1279626" lon="76.9569279"><ele>2619.5</ele><time>2026-07-15T09:02:34Z</time><extensions><gpxtpx:TrackPointExtension><gpxtpx:hr>120</gpxtpx:hr></gpxtpx:TrackPointExtension></extensions></trkpt>
      <trkpt lat="43.1281392" lon="76.9569078"><ele>2621.3</ele><time>2026-07-15T09:02:35Z</time><extensions><gpxtpx:TrackPointExtension><gpxtpx:hr>120</gpxtpx:hr></gpxtpx:TrackPointExtension></extensions></trkpt>
      <trkpt lat="43.1283158" lon="76.9569624"><ele>2623.0</ele><time>2026-07-15T09:02:36Z</time><extensions><gpxtpx:TrackPointExtension><gpxtpx:hr>120</gpxtpx:hr></gpxtpx:TrackPointExtension></extensions></trkpt>
      <trkpt lat="43.1284756" lon="76.9570880"><ele>2624.8</ele><time>2026-07-15T09:02:37Z</time><extensions><gpxtpx:TrackPointExtension><gpxtpx:hr>120</gpxtpx:hr></gpxtpx:TrackPointExtension></extensions></trkpt>
      <trkpt lat="43.1286033" lon="76.9572741"><ele>2626.5</ele><time>2026-07-15T09:02:38Z</time><extensions><gpxtpx:TrackPointExtension><gpxtpx:hr>120</gpxtpx:hr></gpxtpx:TrackPointExtension></extensions></trkpt>
      <trkpt lat="43.1286869" lon="76.9575041"><ele>2628.3</ele><time>2026-07-15T09:02:39Z</time><extensions><gpxtpx:TrackPointExtension><gpxtpx:hr>120</gpxtpx:hr></gpxtpx:TrackPointExtension></extensions></trkpt>
      <trkpt lat="43.1287186" lon="76.9577571"><ele>2630.0</ele><time>2026-07-15T09:02:40Z</time><extensions><gpxtpx:TrackPointExtension><gpxtpx:hr>120</gpxtpx:hr></gpxtpx:TrackPointExtension></extensions></trkpt>
      <trkpt lat="43.1286959" lon="76.9580102"><ele>2631.8</ele><time>2026-07-15T09:02:41Z</time><extensions><gpxtpx:TrackPointExtension><gpxtpx:hr>120</gpxtpx:hr></gpxtpx:TrackPointExtension></extensions></trkpt>
      <trkpt lat="43.1286213" lon="76.9582401"><ele>2633.5</ele><time>2026-07-15T09:02:42Z</time><extensions><gpxtpx:TrackPointExtension><gpxtpx:hr>120</gpxtpx:hr></gpxtpx:TrackPointExtension></extensions></trkpt>
      <trkpt lat="43.1285025" lon="76.9584262"><ele>2635.3</ele><time>2026-07-15T09:02:43Z</time><extensions><gpxtpx:TrackPointExtension><gpxtpx:hr>120</gpxtpx:hr></gpxtpx:TrackPointExtension></extensions></trkpt>
      <trkpt lat="43.1283518" lon="76.9585518"><ele>2637.0</ele><time>2026-07-15T09:02:44Z</time><extensions><gpxtpx:TrackPointExtension><gpxtpx:hr>120</gpxtpx:hr></gpxtpx:TrackPointExtension></extensions></trkpt>
      <trkpt lat="43.1281842" lon="76.9586064"><ele>2638.8</ele><time>2026-07-15T09:02:45Z</time><extensions><gpxtpx:TrackPointExtension><gpxtpx:hr>120</gpxtpx:hr></gpxtpx:TrackPointExtension></extensions></trkpt>
      <trkpt lat="43.1280165" lon="76.9585863"><ele>2640.5</ele><time>2026-07-15T09:02:46Z</time><extensions><gpxtpx:TrackPointExtension><gpxtpx:hr>120</gpxtpx:hr></gpxtpx:TrackPointExtension></extensions></trkpt>
      <trkpt lat="43.1278658" lon="76.9584951"><ele>2642.3</ele><time>2026-07-15T09:02:47Z</time><extensions><gpxtpx:TrackPointExtension><gpxtpx:hr>120</gpxtpx:hr></gpxtpx:TrackPointExtension></extensions></trkpt>
      <trkpt lat="43.1277470" lon="76.9583435"><ele>2644.0</ele><time>2026-07-15T09:02:48Z</time><extensions><gpxtpx:TrackPointExtension><gpxtpx:hr>120</gpxtpx:hr></gpxtpx:TrackPointExtension></extensions></trkpt>
      <trkpt lat="43.1276724" lon="76.9581480"><ele>2645.8</ele><time>2026-07-15T09:02:49Z</time><extensions><gpxtpx:TrackPointExtension><gpxtpx:hr>120</gpxtpx:hr></gpxtpx:TrackPointExtension></extensions></trkpt>
      <trkpt lat="43.1276497" lon="76.9579294"><ele>2647.5</ele><time>2026-07-15T09:02:50Z</time><extensions><gpxtpx:TrackPointExtension><gpxtpx:hr>120</gpxtpx:hr></gpxtpx:TrackPointExtension></extensions></trkpt>
      <trkpt lat="43.1276814" lon="76.9577108"><ele>2649.3</ele><time>2026-07-15T09:02:51Z</time><extensions><gpxtpx:TrackPointExtension><gpxtpx:hr>120</gpxtpx:hr></gpxtpx:TrackPointExtension></extensions></trkpt>
      <trkpt lat="43.1277650" lon="76.9575153"><ele>2651.0</ele><time>2026-07-15T09:02:52Z</time><extensions><gpxtpx:TrackPointExtension><gpxtpx:hr>120</gpxtpx:hr></gpxtpx:TrackPointExtension></extensions></trkpt>
      <trkpt lat="43.1278927" lon="76.9573637"><ele>2652.8</ele><time>2026-07-15T09:02:53Z</time><extensions><gpxtpx:TrackPointExtension><gpxtpx:hr>120</gpxtpx:hr></gpxtpx:TrackPointExtension></extensions></trkpt>
      <trkpt lat="43.1280525" lon="76.9572726"><ele>2654.5</ele><time>2026-07-15T09:02:54Z</time><extensions><gpxtpx:TrackPointExtension><gpxtpx:hr>120</gpxtpx:hr></gpxtpx:TrackPointExtension></extensions></trkpt>
      <trkpt lat="43.1282291" lon="76.9572525"><ele>2656.3</ele><time>2026-07-15T09:02:55Z</time><extensions><gpxtpx:TrackPointExtension><gpxtpx:hr>120</gpxtpx:hr></gpxtpx:TrackPointExtension></extensions></trkpt>
      <trkpt lat="43.1284057" lon="76.9573070"><ele>2658.0</ele><time>2026-07-15T09:02:56Z</time><extensions><gpxtpx:TrackPointExtension><gpxtpx:hr>120</gpxtpx:hr></gpxtpx:TrackPointExtension></extensions></trkpt>
      <trkpt lat="43.1285654" lon="76.9574327"><ele>2659.8</ele><time>2026-07-15T09:02:57Z</time><extensions><gpxtpx:TrackPointExtension><gpxtpx:hr>120</gpxtpx:hr></gpxtpx:TrackPointExtension></extensions></trkpt>
      <trkpt lat="43.1286931" lon="76.9576187"><ele>2661.5</ele><time>2026-07-15T09:02:58Z</time><extensions><gpxtpx:TrackPointExtension><gpxtpx:hr>120</gpxtpx:hr></gpxtpx:TrackPointExtension></extensions></trkpt>
      <trkpt lat="43.1287767" lon="76.9578487"><ele>2663.3</ele><time>2026-07-15T09:02:59Z</time><extensions><gpxtpx:TrackPointExtension><gpxtpx:hr>120</gpxtpx:hr></gpxtpx:TrackPointExtension></extensions></trkpt>
      <trkpt lat="43.1288085" lon="76.9581017"><ele>2665.0</ele><time>2026-07-15T09:03:00Z</time><extensions><gpxtpx:TrackPointExtension><gpxtpx:hr>120</gpxtpx:hr></gpxtpx:TrackPointExtension></extensions></trkpt>
      <trkpt lat="43.1287857" lon="76.9583548"><ele>2666.8</ele><time>2026-07-15T09:03:01Z</time><extensions><gpxtpx:TrackPointExtension><gpxtpx:hr>120</gpxtpx:hr></gpxtpx:TrackPointExtension></extensions></trkpt>
      <trkpt lat="43.1287111" lon="76.9585848"><ele>2668.5</ele><time>2026-07-15T09:03:02Z</time><extensions><gpxtpx:TrackPointExtension><gpxtpx:hr>120</gpxtpx:hr></gpxtpx:TrackPointExtension></extensions></trkpt>
      <trkpt lat="43.1285924" lon="76.9587708"><ele>2670.3</ele><time>2026-07-15T09:03:03Z</time><extensions><gpxtpx:TrackPointExtension><gpxtpx:hr>120</gpxtpx:hr></gpxtpx:TrackPointExtension></extensions></trkpt>
      <trkpt lat="43.1284416" lon="76.9588965"><ele>2672.0</ele><time>2026-07-15T09:03:04Z</time><extensions><gpxtpx:TrackPointExtension><gpxtpx:hr>120</gpxtpx:hr></gpxtpx:TrackPointExtension></extensions></trkpt>
      <trkpt lat="43.1282740" lon="76.9589510"><ele>2673.8</ele><time>2026-07-15T09:03:05Z</time><extensions><gpxtpx:TrackPointExtension><gpxtpx:hr>120</gpxtpx:hr></gpxtpx:TrackPointExtension></extensions></trkpt>
      <trkpt lat="43.1281064" lon="76.9589309"><ele>2675.5</ele><time>2026-07-15T09:03:06Z</time><extensions><gpxtpx:TrackPointExtension><gpxtpx:hr>120</gpxtpx:hr></gpxtpx:TrackPointExtension></extensions></trkpt>
      <trkpt lat="43.1279556" lon="76.9588398"><ele>2677.3</ele><time>2026-07-15T09:03:07Z</time><extensions><gpxtpx:TrackPointExtension><gpxtpx:hr>120</gpxtpx:hr></gpxtpx:TrackPointExtension></extensions></trkpt>
      <trkpt lat="43.1278369" lon="76.9586882"><ele>2679.0</ele><time>2026-07-15T09:03:08Z</time><extensions><gpxtpx:TrackPointExtension><gpxtpx:hr>120</gpxtpx:hr></gpxtpx:TrackPointExtension></extensions></trkpt>
      <trkpt lat="43.1277623" lon="76.9584927"><ele>2680.8</ele><time>2026-07-15T09:03:09Z</time><extensions><gpxtpx:TrackPointExtension><gpxtpx:hr>120</gpxtpx:hr></gpxtpx:TrackPointExtension></extensions></trkpt>
      <trkpt lat="43.1277395" lon="76.9582741"><ele>2682.5</ele><time>2026-07-15T09:03:10Z</time><extensions><gpxtpx:TrackPointExtension><gpxtpx:hr>120</gpxtpx:hr></gpxtpx:TrackPointExtension></extensions></trkpt>
      <trkpt lat="43.1277712" lon="76.9580555"><ele>2684.3</ele><time>2026-07-15T09:03:11Z</time><extensions><gpxtpx:TrackPointExtension><gpxtpx:hr>120</gpxtpx:hr></gpxtpx:TrackPointExtension></extensions></trkpt>
      <trkpt lat="43.1278548" lon="76.9578600"><ele>2686.0</ele><time>2026-07-15T09:03:12Z</time><extensions><gpxtpx:TrackPointExtension><gpxtpx:hr>120</gpxtpx:hr></gpxtpx:TrackPointExtension></extensions></trkpt>
      <trkpt lat="43.1279825" lon="76.9577084"><ele>2687.8</ele><time>2026-07-15T09:03:13Z</time><extensions><gpxtpx:TrackPointExtension><gpxtpx:hr>120</gpxtpx:hr></gpxtpx:TrackPointExtension></extensions></trkpt>
      <trkpt lat="43.1281423" lon="76.9576172"><ele>2689.5</ele><time>2026-07-15T09:03:14Z</time><extensions><gpxtpx:TrackPointExtension><gpxtpx:hr>120</gpxtpx:hr></gpxtpx:TrackPointExtension></extensions></trkpt>
      <trkpt lat="43.1283189" lon="76.9575971"><ele>2691.3</ele><time>2026-07-15T09:03:15Z</time><extensions><gpxtpx:TrackPointExtension><gpxtpx:hr>120</gpxtpx:hr></gpxtpx:TrackPointExtension></extensions></trkpt>
      <trkpt lat="43.1284955" lon="76.9576517"><ele>2693.0</ele><time>2026-07-15T09:03:16Z</time><extensions><gpxtpx:TrackPointExtension><gpxtpx:hr>120</gpxtpx:hr></gpxtpx:TrackPointExtension></extensions></trkpt>
      <trkpt lat="43.1286553" lon="76.9577773"><ele>2694.8</ele><time>2026-07-15T09:03:17Z</time><extensions><gpxtpx:TrackPointExtension><gpxtpx:hr>120</gpxtpx:hr></gpxtpx:TrackPointExtension></extensions></trkpt>
      <trkpt lat="43.1287830" lon="76.9579634"><ele>2696.5</ele><time>2026-07-15T09:03:18Z</time><extensions><gpxtpx:TrackPointExtension><gpxtpx:hr>120</gpxtpx:hr></gpxtpx:TrackPointExtension></extensions></trkpt>
      <trkpt lat="43.1288666" lon="76.9581933"><ele>2698.3</ele><time>2026-07-15T09:03:19Z</time><extensions><gpxtpx:TrackPointExtension><gpxtpx:hr>120</gpxtpx:hr></gpxtpx:TrackPointExtension></extensions></trkpt>
      <trkpt lat="43.1288983" lon="76.9584464"><ele>2700.0</ele><time>2026-07-15T09:03:20Z</time><extensions><gpxtpx:TrackPointExtension><gpxtpx:hr>120</gpxtpx:hr></gpxtpx:TrackPointExtension></extensions></trkpt>
      <trkpt lat="43.1288755" lon="76.9586994"><ele>2701.8</ele><time>2026-07-15T09:03:21Z</time><extensions><gpxtpx:TrackPointExtension><gpxtpx:hr>120</gpxtpx:hr></gpxtpx:TrackPointExtension></extensions></trkpt>
      <trkpt lat="43.1288009" lon="76.9589294"><ele>2703.5</ele><time>2026-07-15T09:03:22Z</time><extensions><gpxtpx:TrackPointExtension><gpxtpx:hr>120</gpxtpx:hr></gpxtpx:TrackPointExtension></extensions></trkpt>
      <trkpt lat="43.1286822" lon="76.9591155"><ele>2705.3</ele><time>2026-07-15T09:03:23Z</time><extensions><gpxtpx:TrackPointExtension><gpxtpx:hr>120</gpxtpx:hr></gpxtpx:TrackPointExtension></extensions></trkpt>
      <trkpt lat="43.1285314" lon="76.9592411"><ele>2707.0</ele><time>2026-07-15T09:03:24Z</time><extensions><gpxtpx:TrackPointExtension><gpxtpx:hr>120</gpxtpx:hr></gpxtpx:TrackPointExtension></extensions></trkpt>
      <trkpt lat="43.1283638" lon="76.9592957"><ele>2708.8</ele><time>2026-07-15T09:03:25Z</time><extensions><gpxtpx:TrackPointExtension><gpxtpx:hr>120</gpxtpx:hr></gpxtpx:TrackPointExtension></extensions></trkpt>
      <trkpt lat="43.1281962" lon="76.9592756"><ele>2710.5</ele><time>2026-07-15T09:03:26Z</time><extensions><gpxtpx:TrackPointExtension><gpxtpx:hr>120</gpxtpx:hr></gpxtpx:TrackPointExtension></extensions></trkpt>
      <trkpt lat="43.1280454" lon="76.9591844"><ele>2712.3</ele><time>2026-07-15T09:03:27Z</time><extensions><gpxtpx:TrackPointExtension><gpxtpx:hr>120</gpxtpx:hr></gpxtpx:TrackPointExtension></extensions></trkpt>
      <trkpt lat="43.1279267" lon="76.9590328"><ele>2714.0</ele><time>2026-07-15T09:03:28Z</time><extensions><gpxtpx:TrackPointExtension><gpxtpx:hr>120</gpxtpx:hr></gpxtpx:TrackPointExtension></extensions></trkpt>
      <trkpt lat="43.1278521" lon="76.9588373"><ele>2715.8</ele><time>2026-07-15T09:03:29Z</time><extensions><gpxtpx:TrackPointExtension><gpxtpx:hr>120</gpxtpx:hr></gpxtpx:TrackPointExtension></extensions></trkpt>
      <trkpt lat="43.1278293" lon="76.9586187"><ele>2717.5</ele><time>2026-07-15T09:03:30Z</time><extensions><gpxtpx:TrackPointExtension><gpxtpx:hr>120</gpxtpx:hr></gpxtpx:TrackPointExtension></extensions></trkpt>
      <trkpt lat="43.1278611" lon="76.9584001"><ele>2719.3</ele><time>2026-07-15T09:03:31Z</time><extensions><gpxtpx:TrackPointExtension><gpxtpx:hr>120</gpxtpx:hr></gpxtpx:TrackPointExtension></extensions></trkpt>
      <trkpt lat="43.1279447" lon="76.9582046"><ele>2721.0</ele><time>2026-07-15T09:03:32Z</time><extensions><gpxtpx:TrackPointExtension><gpxtpx:hr>120</gpxtpx:hr></gpxtpx:TrackPointExtension></extensions></trkpt>
      <trkpt lat="43.1280724" lon="76.9580530"><ele>2722.8</ele><time>2026-07-15T09:03:33Z</time><extensions><gpxtpx:TrackPointExtension><gpxtpx:hr>120</gpxtpx:hr></gpxtpx:TrackPointExtension></extensions></trkpt>
      <trkpt lat="43.1282321" lon="76.9579619"><ele>2724.5</ele><time>2026-07-15T09:03:34Z</time><extensions><gpxtpx:TrackPointExtension><gpxtpx:hr>120</gpxtpx:hr></gpxtpx:TrackPointExtension></extensions></trkpt>
      <trkpt lat="43.1284087" lon="76.9579417"><ele>2726.3</ele><time>2026-07-15T09:03:35Z</time><extensions><gpxtpx:TrackPointExtension><gpxtpx:hr>120</gpxtpx:hr></gpxtpx:TrackPointExtension></extensions></trkpt>
      <trkpt lat="43.1285853" lon="76.9579963"><ele>2728.0</ele><time>2026-07-15T09:03:36Z</time><extensions><gpxtpx:TrackPointExtension><gpxtpx:hr>120</gpxtpx:hr></gpxtpx:TrackPointExtension></extensions></trkpt>
      <trkpt lat="43.1287451" lon="76.9581219"><ele>2729.8</ele><time>2026-07-15T09:03:37Z</time><extensions><gpxtpx:TrackPointExtension><gpxtpx:hr>120</gpxtpx:hr></gpxtpx:TrackPointExtension></extensions></trkpt>
      <trkpt lat="43.1288728" lon="76.9583080"><ele>2731.5</ele><time>2026-07-15T09:03:38Z</time><extensions><gpxtpx:TrackPointExtension><gpxtpx:hr>120</gpxtpx:hr></gpxtpx:TrackPointExtension></extensions></trkpt>
      <trkpt lat="43.1289564" lon="76.9585380"><ele>2733.3</ele><time>2026-07-15T09:03:39Z</time><extensions><gpxtpx:TrackPointExtension><gpxtpx:hr>120</gpxtpx:hr></gpxtpx:TrackPointExtension></extensions></trkpt>
      <trkpt lat="43.1289881" lon="76.9587910"><ele>2735.0</ele><time>2026-07-15T09:03:40Z</time><extensions><gpxtpx:TrackPointExtension><gpxtpx:hr>120</gpxtpx:hr></gpxtpx:TrackPointExtension></extensions></trkpt>
      <trkpt lat="43.1289654" lon="76.9590441"><ele>2736.8</ele><time>2026-07-15T09:03:41Z</time><extensions><gpxtpx:TrackPointExtension><gpxtpx:hr>120</gpxtpx:hr></gpxtpx:TrackPointExtension></extensions></trkpt>
      <trkpt lat="43.1288908" lon="76.9592740"><ele>2738.5</ele><time>2026-07-15T09:03:42Z</time><extensions><gpxtpx:TrackPointExtension><gpxtpx:hr>120</gpxtpx:hr></gpxtpx:TrackPointExtension></extensions></trkpt>
      <trkpt lat="43.1287720" lon="76.9594601"><ele>2740.3</ele><time>2026-07-15T09:03:43Z</time><extensions><gpxtpx:TrackPointExtension><gpxtpx:hr>120</gpxtpx:hr></gpxtpx:TrackPointExtension></extensions></trkpt>
      <trkpt lat="43.1286213" lon="76.9595857"><ele>2742.0</ele><time>2026-07-15T09:03:44Z</time><extensions><gpxtpx:TrackPointExtension><gpxtpx:hr>120</gpxtpx:hr></gpxtpx:TrackPointExtension></extensions></trkpt>
      <trkpt lat="43.1284536" lon="76.9596403"><ele>2743.8</ele><time>2026-07-15T09:03:45Z</time><extensions><gpxtpx:TrackPointExtension><gpxtpx:hr>120</gpxtpx:hr></gpxtpx:TrackPointExtension></extensions></trkpt>
      <trkpt lat="43.1282860" lon="76.9596202"><ele>2745.5</ele><time>2026-07-15T09:03:46Z</time><extensions><gpxtpx:TrackPointExtension><gpxtpx:hr>120</gpxtpx:hr></gpxtpx:TrackPointExtension></extensions></trkpt>
      <trkpt lat="43.1281353" lon="76.9595290"><ele>2747.3</ele><time>2026-07-15T09:03:47Z</time><extensions><gpxtpx:TrackPointExtension><gpxtpx:hr>120</gpxtpx:hr></gpxtpx:TrackPointExtension></extensions></trkpt>
      <trkpt lat="43.1280165" lon="76.9593774"><ele>2749.0</ele><time>2026-07-15T09:03:48Z</time><extensions><gpxtpx:TrackPointExtension><gpxtpx:hr>120</gpxtpx:hr></gpxtpx:TrackPointExtension></extensions></trkpt>
      <trkpt lat="43.1279419" lon="76.9591819"><ele>2750.8</ele><time>2026-07-15T09:03:49Z</time><extensions><gpxtpx:TrackPointExtension><gpxtpx:hr>120</gpxtpx:hr></gpxtpx:TrackPointExtension></extensions></trkpt>
      <trkpt lat="43.1279192" lon="76.9589633"><ele>2752.5</ele><time>2026-07-15T09:03:50Z</time><extensions><gpxtpx:TrackPointExtension><gpxtpx:hr>120</gpxtpx:hr></gpxtpx:TrackPointExtension></extensions></trkpt>
      <trkpt lat="43.1279509" lon="76.9587448"><ele>2754.3</ele><time>2026-07-15T09:03:51Z</time><extensions><gpxtpx:TrackPointExtension><gpxtpx:hr>120</gpxtpx:hr></gpxtpx:TrackPointExtension></extensions></trkpt>
      <trkpt lat="43.1280345" lon="76.9585493"><ele>2756.0</ele><time>2026-07-15T09:03:52Z</time><extensions><gpxtpx:TrackPointExtension><gpxtpx:hr>120</gpxtpx:hr></gpxtpx:TrackPointExtension></extensions></trkpt>
      <trkpt lat="43.1281622" lon="76.9583977"><ele>2757.8</ele><time>2026-07-15T09:03:53Z</time><extensions><gpxtpx:TrackPointExtension><gpxtpx:hr>120</gpxtpx:hr></gpxtpx:TrackPointExtension></extensions></trkpt>
      <trkpt lat="43.1283220" lon="76.9583065"><ele>2759.5</ele><time>2026-07-15T09:03:54Z</time><extensions><gpxtpx:TrackPointExtension><gpxtpx:hr>120</gpxtpx:hr></gpxtpx:TrackPointExtension></extensions></trkpt>
      <trkpt lat="43.1284986" lon="76.9582864"><ele>2761.3</ele><time>2026-07-15T09:03:55Z</time><extensions><gpxtpx:TrackPointExtension><gpxtpx:hr>120</gpxtpx:hr></gpxtpx:TrackPointExtension></extensions></trkpt>
      <trkpt lat="43.1286752" lon="76.9583410"><ele>2763.0</ele><time>2026-07-15T09:03:56Z</time><extensions><gpxtpx:TrackPointExtension><gpxtpx:hr>120</gpxtpx:hr></gpxtpx:TrackPointExtension></extensions></trkpt>
      <trkpt lat="43.1288349" lon="76.9584666"><ele>2764.8</ele><time>2026-07-15T09:03:57Z</time><extensions><gpxtpx:TrackPointExtension><gpxtpx:hr>120</gpxtpx:hr></gpxtpx:TrackPointExtension></extensions></trkpt>
      <trkpt lat="43.1289626" lon="76.9586526"><ele>2766.5</ele><time>2026-07-15T09:03:58Z</time><extensions><gpxtpx:TrackPointExtension><gpxtpx:hr>120</gpxtpx:hr></gpxtpx:TrackPointExtension></extensions></trkpt>
      <trkpt lat="43.1290462" lon="76.9588826"><ele>2768.3</ele><time>2026-07-15T09:03:59Z</time><extensions><gpxtpx:TrackPointExtension><gpxtpx:hr>120</gpxtpx:hr></gpxtpx:TrackPointExtension></extensions></trkpt>
      <trkpt lat="43.1285210" lon="76.9591357"><ele>2770.0</ele><time>2026-07-15T09:04:00Z</time><extensions><gpxtpx:TrackPointExtension><gpxtpx:hr>120</gpxtpx:hr></gpxtpx:TrackPointExtension></extensions></trkpt>
      <trkpt lat="43.1285372" lon="76.9592661"><ele>2768.8</ele><time>2026-07-15T09:04:01Z</time><extensions><gpxtpx:TrackPointExtension><gpxtpx:hr>120</gpxtpx:hr></gpxtpx:TrackPointExtension></extensions></trkpt>
      <trkpt lat="43.1285534" lon="76.9593966"><ele>2767.6</ele><time>2026-07-15T09:04:02Z</time><extensions><gpxtpx:TrackPointExtension><gpxtpx:hr>120</gpxtpx:hr></gpxtpx:TrackPointExtension></extensions></trkpt>
      <trkpt lat="43.1285695" lon="76.9595271"><ele>2766.4</ele><time>2026-07-15T09:04:03Z</time><extensions><gpxtpx:TrackPointExtension><gpxtpx:hr>120</gpxtpx:hr></gpxtpx:TrackPointExtension></extensions></trkpt>
      <trkpt lat="43.1285857" lon="76.9596575"><ele>2765.2</ele><time>2026-07-15T09:04:04Z</time><extensions><gpxtpx:TrackPointExtension><gpxtpx:hr>120</gpxtpx:hr></gpxtpx:TrackPointExtension></extensions></trkpt>
      <trkpt lat="43.1286019" lon="76.9597880"><ele>2764.0</ele><time>2026-07-15T09:04:05Z</time><extensions><gpxtpx:TrackPointExtension><gpxtpx:hr>120</gpxtpx:hr></gpxtpx:TrackPointExtension></extensions></trkpt>
      <trkpt lat="43.1286180" lon="76.9599185"><ele>2762.8</ele><time>2026-07-15T09:04:06Z</time><extensions><gpxtpx:TrackPointExtension><gpxtpx:hr>120</gpxtpx:hr></gpxtpx:TrackPointExtension></extensions></trkpt>
      <trkpt lat="43.1286342" lon="76.9600490"><ele>2761.6</ele><time>2026-07-15T09:04:07Z</time><extensions><gpxtpx:TrackPointExtension><gpxtpx:hr>120</gpxtpx:hr></gpxtpx:TrackPointExtension></extensions></trkpt>
      <trkpt lat="43.1286504" lon="76.9601794"><ele>2760.4</ele><time>2026-07-15T09:04:08Z</time><extensions><gpxtpx:TrackPointExtension><gpxtpx:hr>120</gpxtpx:hr></gpxtpx:TrackPointExtension></extensions></trkpt>
      <trkpt lat="43.1286665" lon="76.9603099"><ele>2759.2</ele><time>2026-07-15T09:04:09Z</time><extensions><gpxtpx:TrackPointExtension><gpxtpx:hr>120</gpxtpx:hr></gpxtpx:TrackPointExtension></extensions></trkpt>
      <trkpt lat="43.1286827" lon="76.9604404"><ele>2758.0</ele><time>2026-07-15T09:04:10Z</time><extensions><gpxtpx:TrackPointExtension><gpxtpx:hr>120</gpxtpx:hr></gpxtpx:TrackPointExtension></extensions></trkpt>
      <trkpt lat="43.1286989" lon="76.9605708"><ele>2756.8</ele><time>2026-07-15T09:04:11Z</time><extensions><gpxtpx:TrackPointExtension><gpxtpx:hr>120</gpxtpx:hr></gpxtpx:TrackPointExtension></extensions></trkpt>
      <trkpt lat="43.1287151" lon="76.9607013"><ele>2755.6</ele><time>2026-07-15T09:04:12Z</time><extensions><gpxtpx:TrackPointExtension><gpxtpx:hr>120</gpxtpx:hr></gpxtpx:TrackPointExtension></extensions></trkpt>
      <trkpt lat="43.1287312" lon="76.9608318"><ele>2754.4</ele><time>2026-07-15T09:04:13Z</time><extensions><gpxtpx:TrackPointExtension><gpxtpx:hr>120</gpxtpx:hr></gpxtpx:TrackPointExtension></extensions></trkpt>
      <trkpt lat="43.1287474" lon="76.9609623"><ele>2753.2</ele><time>2026-07-15T09:04:14Z</time><extensions><gpxtpx:TrackPointExtension><gpxtpx:hr>120</gpxtpx:hr></gpxtpx:TrackPointExtension></extensions></trkpt>
      <trkpt lat="43.1287636" lon="76.9610927"><ele>2752.0</ele><time>2026-07-15T09:04:15Z</time><extensions><gpxtpx:TrackPointExtension><gpxtpx:hr>120</gpxtpx:hr></gpxtpx:TrackPointExtension></extensions></trkpt>
      <trkpt lat="43.1287797" lon="76.9612232"><ele>2750.8</ele><time>2026-07-15T09:04:16Z</time><extensions><gpxtpx:TrackPointExtension><gpxtpx:hr>120</gpxtpx:hr></gpxtpx:TrackPointExtension></extensions></trkpt>
      <trkpt lat="43.1287959" lon="76.9613537"><ele>2749.6</ele><time>2026-07-15T09:04:17Z</time><extensions><gpxtpx:TrackPointExtension><gpxtpx:hr>120</gpxtpx:hr></gpxtpx:TrackPointExtension></extensions></trkpt>
      <trkpt lat="43.1288121" lon="76.9614841"><ele>2748.4</ele><time>2026-07-15T09:04:18Z</time><extensions><gpxtpx:TrackPointExtension><gpxtpx:hr>120</gpxtpx:hr></gpxtpx:TrackPointExtension></extensions></trkpt>
      <trkpt lat="43.1288282" lon="76.9616146"><ele>2747.2</ele><time>2026-07-15T09:04:19Z</time><extensions><gpxtpx:TrackPointExtension><gpxtpx:hr>120</gpxtpx:hr></gpxtpx:TrackPointExtension></extensions></trkpt>
      <trkpt lat="43.1288444" lon="76.9617451"><ele>2746.0</ele><time>2026-07-15T09:04:20Z</time><extensions><gpxtpx:TrackPointExtension><gpxtpx:hr>120</gpxtpx:hr></gpxtpx:TrackPointExtension></extensions></trkpt>
      <trkpt lat="43.1288606" lon="76.9618755"><ele>2744.8</ele><time>2026-07-15T09:04:21Z</time><extensions><gpxtpx:TrackPointExtension><gpxtpx:hr>120</gpxtpx:hr></gpxtpx:TrackPointExtension></extensions></trkpt>
      <trkpt lat="43.1288768" lon="76.9620060"><ele>2743.6</ele><time>2026-07-15T09:04:22Z</time><extensions><gpxtpx:TrackPointExtension><gpxtpx:hr>120</gpxtpx:hr></gpxtpx:TrackPointExtension></extensions></trkpt>
      <trkpt lat="43.1288929" lon="76.9621365"><ele>2742.4</ele><time>2026-07-15T09:04:23Z</time><extensions><gpxtpx:TrackPointExtension><gpxtpx:hr>120</gpxtpx:hr></gpxtpx:TrackPointExtension></extensions></trkpt>
      <trkpt lat="43.1289091" lon="76.9622670"><ele>2741.2</ele><time>2026-07-15T09:04:24Z</time><extensions><gpxtpx:TrackPointExtension><gpxtpx:hr>120</gpxtpx:hr></gpxtpx:TrackPointExtension></extensions></trkpt>
      <trkpt lat="43.1289253" lon="76.9623974"><ele>2740.0</ele><time>2026-07-15T09:04:25Z</time><extensions><gpxtpx:TrackPointExtension><gpxtpx:hr>120</gpxtpx:hr></gpxtpx:TrackPointExtension></extensions></trkpt>
      <trkpt lat="43.1289414" lon="76.9625279"><ele>2738.8</ele><time>2026-07-15T09:04:26Z</time><extensions><gpxtpx:TrackPointExtension><gpxtpx:hr>120</gpxtpx:hr></gpxtpx:TrackPointExtension></extensions></trkpt>
      <trkpt lat="43.1289576" lon="76.9626584"><ele>2737.6</ele><time>2026-07-15T09:04:27Z</time><extensions><gpxtpx:TrackPointExtension><gpxtpx:hr>120</gpxtpx:hr></gpxtpx:TrackPointExtension></extensions></trkpt>
      <trkpt lat="43.1289738" lon="76.9627888"><ele>2736.4</ele><time>2026-07-15T09:04:28Z</time><extensions><gpxtpx:TrackPointExtension><gpxtpx:hr>120</gpxtpx:hr></gpxtpx:TrackPointExtension></extensions></trkpt>
      <trkpt lat="43.1289899" lon="76.9629193"><ele>2735.2</ele><time>2026-07-15T09:04:29Z</time><extensions><gpxtpx:TrackPointExtension><gpxtpx:hr>120</gpxtpx:hr></gpxtpx:TrackPointExtension></extensions></trkpt>
      <trkpt lat="43.1290061" lon="76.9630498"><ele>2734.0</ele><time>2026-07-15T09:04:30Z</time><extensions><gpxtpx:TrackPointExtension><gpxtpx:hr>120</gpxtpx:hr></gpxtpx:TrackPointExtension></extensions></trkpt>
      <trkpt lat="43.1290223" lon="76.9631802"><ele>2732.8</ele><time>2026-07-15T09:04:31Z</time><extensions><gpxtpx:TrackPointExtension><gpxtpx:hr>120</gpxtpx:hr></gpxtpx:TrackPointExtension></extensions></trkpt>
      <trkpt lat="43.1290384" lon="76.9633107"><ele>2731.6</ele><time>2026-07-15T09:04:32Z</time><extensions><gpxtpx:TrackPointExtension><gpxtpx:hr>120</gpxtpx:hr></gpxtpx:TrackPointExtension></extensions></trkpt>
      <trkpt lat="43.1290546" lon="76.9634412"><ele>2730.4</ele><time>2026-07-15T09:04:33Z</time><extensions><gpxtpx:TrackPointExtension><gpxtpx:hr>120</gpxtpx:hr></gpxtpx:TrackPointExtension></extensions></trkpt>
      <trkpt lat="43.1290708" lon="76.9635717"><ele>2729.2</ele><time>2026-07-15T09:04:34Z</time><extensions><gpxtpx:TrackPointExtension><gpxtpx:hr>120</gpxtpx:hr></gpxtpx:TrackPointExtension></extensions></trkpt>
      <trkpt lat="43.1290870" lon="76.9637021"><ele>2728.0</ele><time>2026-07-15T09:04:35Z</time><extensions><gpxtpx:TrackPointExtension><gpxtpx:hr>120</gpxtpx:hr></gpxtpx:TrackPointExtension></extensions></trkpt>
      <trkpt lat="43.1291031" lon="76.9638326"><ele>2726.8</ele><time>2026-07-15T09:04:36Z</time><extensions><gpxtpx:TrackPointExtension><gpxtpx:hr>120</gpxtpx:hr></gpxtpx:TrackPointExtension></extensions></trkpt>
      <trkpt lat="43.1291193" lon="76.9639631"><ele>2725.6</ele><time>2026-07-15T09:04:37Z</time><extensions><gpxtpx:TrackPointExtension><gpxtpx:hr>120</gpxtpx:hr></gpxtpx:TrackPointExtension></extensions></trkpt>
      <trkpt lat="43.1291355" lon="76.9640935"><ele>2724.4</ele><time>2026-07-15T09:04:38Z</time><extensions><gpxtpx:TrackPointExtension><gpxtpx:hr>120</gpxtpx:hr></gpxtpx:TrackPointExtension></extensions></trkpt>
      <trkpt lat="43.1291516" lon="76.9642240"><ele>2723.2</ele><time>2026-07-15T09:04:39Z</time><extensions><gpxtpx:TrackPointExtension><gpxtpx:hr>120</gpxtpx:hr></gpxtpx:TrackPointExtension></extensions></trkpt>
      <trkpt lat="43.1291678" lon="76.9643545"><ele>2722.0</ele><time>2026-07-15T09:04:40Z</time><extensions><gpxtpx:TrackPointExtension><gpxtpx:hr>120</gpxtpx:hr></gpxtpx:TrackPointExtension></extensions></trkpt>
      <trkpt lat="43.1291840" lon="76.9644850"><ele>2720.8</ele><time>2026-07-15T09:04:41Z</time><extensions><gpxtpx:TrackPointExtension><gpxtpx:hr>120</gpxtpx:hr></gpxtpx:TrackPointExtension></extensions></trkpt>
      <trkpt lat="43.1292001" lon="76.9646154"><ele>2719.6</ele><time>2026-07-15T09:04:42Z</time><extensions><gpxtpx:TrackPointExtension><gpxtpx:hr>120</gpxtpx:hr></gpxtpx:TrackPointExtension></extensions></trkpt>
      <trkpt lat="43.1292163" lon="76.9647459"><ele>2718.4</ele><time>2026-07-15T09:04:43Z</time><extensions><gpxtpx:TrackPointExtension><gpxtpx:hr>120</gpxtpx:hr></gpxtpx:TrackPointExtension></extensions></trkpt>
      <trkpt lat="43.1292325" lon="76.9648764"><ele>2717.2</ele><time>2026-07-15T09:04:44Z</time><extensions><gpxtpx:TrackPointExtension><gpxtpx:hr>120</gpxtpx:hr></gpxtpx:TrackPointExtension></extensions></trkpt>
      <trkpt lat="43.1292487" lon="76.9650068"><ele>2716.0</ele><time>2026-07-15T09:04:45Z</time><extensions><gpxtpx:TrackPointExtension><gpxtpx:hr>120</gpxtpx:hr></gpxtpx:TrackPointExtension></extensions></trkpt>
      <trkpt lat="43.1292648" lon="76.9651373"><ele>2714.8</ele><time>2026-07-15T09:04:46Z</time><extensions><gpxtpx:TrackPointExtension><gpxtpx:hr>120</gpxtpx:hr></gpxtpx:TrackPointExtension></extensions></trkpt>
      <trkpt lat="43.1292810" lon="76.9652678"><ele>2713.6</ele><time>2026-07-15T09:04:47Z</time><extensions><gpxtpx:TrackPointExtension><gpxtpx:hr>120</gpxtpx:hr></gpxtpx:TrackPointExtension></extensions></trkpt>
      <trkpt lat="43.1292972" lon="76.9653982"><ele>2712.4</ele><time>2026-07-15T09:04:48Z</time><extensions><gpxtpx:TrackPointExtension><gpxtpx:hr>120</gpxtpx:hr></gpxtpx:TrackPointExtension></extensions></trkpt>
      <trkpt lat="43.1293133" lon="76.9655287"><ele>2711.2</ele><time>2026-07-15T09:04:49Z</time><extensions><gpxtpx:TrackPointExtension><gpxtpx:hr>120</gpxtpx:hr></gpxtpx:TrackPointExtension></extensions></trkpt>
      <trkpt lat="43.1293295" lon="76.9656592"><ele>2710.0</ele><time>2026-07-15T09:04:50Z</time><extensions><gpxtpx:TrackPointExtension><gpxtpx:hr>120</gpxtpx:hr></gpxtpx:TrackPointExtension></extensions></trkpt>
      <trkpt lat="43.1293457" lon="76.9657897"><ele>2708.8</ele><time>2026-07-15T09:04:51Z</time><extensions><gpxtpx:TrackPointExtension><gpxtpx:hr>120</gpxtpx:hr></gpxtpx:TrackPointExtension></extensions></trkpt>
      <trkpt lat="43.1293618" lon="76.9659201"><ele>2707.6</ele><time>2026-07-15T09:04:52Z</time><extensions><gpxtpx:TrackPointExtension><gpxtpx:hr>120</gpxtpx:hr></gpxtpx:TrackPointExtension></extensions></trkpt>
      <trkpt lat="43.1293780" lon="76.9660506"><ele>2706.4</ele><time>2026-07-15T09:04:53Z</time><extensions><gpxtpx:TrackPointExtension><gpxtpx:hr>120</gpxtpx:hr></gpxtpx:TrackPointExtension></extensions></trkpt>
      <trkpt lat="43.1293942" lon="76.9661811"><ele>2705.2</ele><time>2026-07-15T09:04:54Z</time><extensions><gpxtpx:TrackPointExtension><gpxtpx:hr>120</gpxtpx:hr></gpxtpx:TrackPointExtension></extensions></trkpt>
      <trkpt lat="43.1294103" lon="76.9663115"><ele>2704.0</ele><time>2026-07-15T09:04:55Z</time><extensions><gpxtpx:TrackPointExtension><gpxtpx:hr>120</gpxtpx:hr></gpxtpx:TrackPointExtension></extensions></trkpt>
      <trkpt lat="43.1294265" lon="76.9664420"><ele>2702.8</ele><time>2026-07-15T09:04:56Z</time><extensions><gpxtpx:TrackPointExtension><gpxtpx:hr>120</gpxtpx:hr></gpxtpx:TrackPointExtension></extensions></trkpt>
      <trkpt lat="43.1294427" lon="76.9665725"><ele>2701.6</ele><time>2026-07-15T09:04:57Z</time><extensions><gpxtpx:TrackPointExtension><gpxtpx:hr>120</gpxtpx:hr></gpxtpx:TrackPointExtension></extensions></trkpt>
      <trkpt lat="43.1294589" lon="76.9667029"><ele>2700.4</ele><time>2026-07-15T09:04:58Z</time><extensions><gpxtpx:TrackPointExtension><gpxtpx:hr>120</gpxtpx:hr></gpxtpx:TrackPointExtension></extensions></trkpt>
      <trkpt lat="43.1294750" lon="76.9668334"><ele>2699.2</ele><time>2026-07-15T09:04:59Z</time><extensions><gpxtpx:TrackPointExtension><gpxtpx:hr>120</gpxtpx:hr></gpxtpx:TrackPointExtension></extensions></trkpt>
      <trkpt lat="43.1294912" lon="76.9669639"><ele>2698.0</ele><time>2026-07-15T09:05:00Z</time><extensions><gpxtpx:TrackPointExtension><gpxtpx:hr>120</gpxtpx:hr></gpxtpx:TrackPointExtension></extensions></trkpt>
      <trkpt lat="43.1295074" lon="76.9670944"><ele>2696.8</ele><time>2026-07-15T09:05:01Z</time><extensions><gpxtpx:TrackPointExtension><gpxtpx:hr>120</gpxtpx:hr></gpxtpx:TrackPointExtension></extensions></trkpt>
      <trkpt lat="43.1295235" lon="76.9672248"><ele>2695.6</ele><time>2026-07-15T09:05:02Z</time><extensions><gpxtpx:TrackPointExtension><gpxtpx:hr>120</gpxtpx:hr></gpxtpx:TrackPointExtension></extensions></trkpt>
      <trkpt lat="43.1295397" lon="76.9673553"><ele>2694.4</ele><time>2026-07-15T09:05:03Z</time><extensions><gpxtpx:TrackPointExtension><gpxtpx:hr>120</gpxtpx:hr></gpxtpx:TrackPointExtension></extensions></trkpt>
      <trkpt lat="43.1295559" lon="76.9674858"><ele>2693.2</ele><time>2026-07-15T09:05:04Z</time><extensions><gpxtpx:TrackPointExtension><gpxtpx:hr>120</gpxtpx:hr></gpxtpx:TrackPointExtension></extensions></trkpt>
      <trkpt lat="43.1295720" lon="76.9676162"><ele>2692.0</ele><time>2026-07-15T09:05:05Z</time><extensions><gpxtpx:TrackPointExtension><gpxtpx:hr>120</gpxtpx:hr></gpxtpx:TrackPointExtension></extensions></trkpt>
      <trkpt lat="43.1295882" lon="76.9677467"><ele>2690.8</ele><time>2026-07-15T09:05:06Z</time><extensions><gpxtpx:TrackPointExtension><gpxtpx:hr>120</gpxtpx:hr></gpxtpx:TrackPointExtension></extensions></trkpt>
      <trkpt lat="43.1296044" lon="76.9678772"><ele>2689.6</ele><time>2026-07-15T09:05:07Z</time><extensions><gpxtpx:TrackPointExtension><gpxtpx:hr>120</gpxtpx:hr></gpxtpx:TrackPointExtension></extensions></trkpt>
      <trkpt lat="43.1296206" lon="76.9680077"><ele>2688.4</ele><time>2026-07-15T09:05:08Z</time><extensions><gpxtpx:TrackPointExtension><gpxtpx:hr>120</gpxtpx:hr></gpxtpx:TrackPointExtension></extensions></trkpt>
      <trkpt lat="43.1296367" lon="76.9681381"><ele>2687.2</ele><time>2026-07-15T09:05:09Z</time><extensions><gpxtpx:TrackPointExtension><gpxtpx:hr>120</gpxtpx:hr></gpxtpx:TrackPointExtension></extensions></trkpt>
      <trkpt lat="43.1296529" lon="76.9682686"><ele>2686.0</ele><time>2026-07-15T09:05:10Z</time><extensions><gpxtpx:TrackPointExtension><gpxtpx:hr>120</gpxtpx:hr></gpxtpx:TrackPointExtension></extensions></trkpt>
      <trkpt lat="43.1296691" lon="76.9683991"><ele>2684.8</ele><time>2026-07-15T09:05:11Z</time><extensions><gpxtpx:TrackPointExtension><gpxtpx:hr>120</gpxtpx:hr></gpxtpx:TrackPointExtension></extensions></trkpt>
      <trkpt lat="43.1296852" lon="76.9685295"><ele>2683.6</ele><time>2026-07-15T09:05:12Z</time><extensions><gpxtpx:TrackPointExtension><gpxtpx:hr>120</gpxtpx:hr></gpxtpx:TrackPointExtension></extensions></trkpt>
      <trkpt lat="43.1297014" lon="76.9686600"><ele>2682.4</ele><time>2026-07-15T09:05:13Z</time><extensions><gpxtpx:TrackPointExtension><gpxtpx:hr>120</gpxtpx:hr></gpxtpx:TrackPointExtension></extensions></trkpt>
      <trkpt lat="43.1297176" lon="76.9687905"><ele>2681.2</ele><time>2026-07-15T09:05:14Z</time><extensions><gpxtpx:TrackPointExtension><gpxtpx:hr>120</gpxtpx:hr></gpxtpx:TrackPointExtension></extensions></trkpt>
      <trkpt lat="43.1297337" lon="76.9689209"><ele>2680.0</ele><time>2026-07-15T09:05:15Z</time><extensions><gpxtpx:TrackPointExtension><gpxtpx:hr>120</gpxtpx:hr></gpxtpx:TrackPointExtension></extensions></trkpt>
      <trkpt lat="43.1297499" lon="76.9690514"><ele>2678.8</ele><time>2026-07-15T09:05:16Z</time><extensions><gpxtpx:TrackPointExtension><gpxtpx:hr>120</gpxtpx:hr></gpxtpx:TrackPointExtension></extensions></trkpt>
      <trkpt lat="43.1297661" lon="76.9691819"><ele>2677.6</ele><time>2026-07-15T09:05:17Z</time><extensions><gpxtpx:TrackPointExtension><gpxtpx:hr>120</gpxtpx:hr></gpxtpx:TrackPointExtension></extensions></trkpt>
      <trkpt lat="43.1297822" lon="76.9693124"><ele>2676.4</ele><time>2026-07-15T09:05:18Z</time><extensions><gpxtpx:TrackPointExtension><gpxtpx:hr>120</gpxtpx:hr></gpxtpx:TrackPointExtension></extensions></trkpt>
      <trkpt lat="43.1297984" lon="76.9694428"><ele>2675.2</ele><time>2026-07-15T09:05:19Z</time><extensions><gpxtpx:TrackPointExtension><gpxtpx:hr>120</gpxtpx:hr></gpxtpx:TrackPointExtension></extensions></trkpt>
      <trkpt lat="43.1298146" lon="76.9695733"><ele>2674.0</ele><time>2026-07-15T09:05:20Z</time><extensions><gpxtpx:TrackPointExtension><gpxtpx:hr>120</gpxtpx:hr></gpxtpx:TrackPointExtension></extensions></trkpt>
      <trkpt lat="43.1298308" lon="76.9697038"><ele>2672.8</ele><time>2026-07-15T09:05:21Z</time><extensions><gpxtpx:TrackPointExtension><gpxtpx:hr>120</gpxtpx:hr></gpxtpx:TrackPointExtension></extensions></trkpt>
      <trkpt lat="43.1298469" lon="76.9698342"><ele>2671.6</ele><time>2026-07-15T09:05:22Z</time><extensions><gpxtpx:TrackPointExtension><gpxtpx:hr>120</gpxtpx:hr></gpxtpx:TrackPointExtension></extensions></trkpt>
      <trkpt lat="43.1298631" lon="76.9699647"><ele>2670.4</ele><time>2026-07-15T09:05:23Z</time><extensions><gpxtpx:TrackPointExtension><gpxtpx:hr>120</gpxtpx:hr></gpxtpx:TrackPointExtension></extensions></trkpt>
      <trkpt lat="43.1298793" lon="76.9700952"><ele>2669.2</ele><time>2026-07-15T09:05:24Z</time><extensions><gpxtpx:TrackPointExtension><gpxtpx:hr>120</gpxtpx:hr></gpxtpx:TrackPointExtension></extensions></trkpt>
      <trkpt lat="43.1298954" lon="76.9702256"><ele>2668.0</ele><time>2026-07-15T09:05:25Z</time><extensions><gpxtpx:TrackPointExtension><gpxtpx:hr>120</gpxtpx:hr></gpxtpx:TrackPointExtension></extensions></trkpt>
      <trkpt lat="43.1299116" lon="76.9703561"><ele>2666.8</ele><time>2026-07-15T09:05:26Z</time><extensions><gpxtpx:TrackPointExtension><gpxtpx:hr>120</gpxtpx:hr></gpxtpx:TrackPointExtension></extensions></trkpt>
      <trkpt lat="43.1299278" lon="76.9704866"><ele>2665.6</ele><time>2026-07-15T09:05:27Z</time><extensions><gpxtpx:TrackPointExtension><gpxtpx:hr>120</gpxtpx:hr></gpxtpx:TrackPointExtension></extensions></trkpt>
      <trkpt lat="43.1299439" lon="76.9706171"><ele>2664.4</ele><time>2026-07-15T09:05:28Z</time><extensions><gpxtpx:TrackPointExtension><gpxtpx:hr>120</gpxtpx:hr></gpxtpx:TrackPointExtension></extensions></trkpt>
      <trkpt lat="43.1299601" lon="76.9707475"><ele>2663.2</ele><time>2026-07-15T09:05:29Z</time><extensions><gpxtpx:TrackPointExtension><gpxtpx:hr>120</gpxtpx:hr></gpxtpx:TrackPointExtension></extensions></trkpt>
      <trkpt lat="43.1299763" lon="76.9708780"><ele>2662.0</ele><time>2026-07-15T09:05:30Z</time><extensions><gpxtpx:TrackPointExtension><gpxtpx:hr>120</gpxtpx:hr></gpxtpx:TrackPointExtension></extensions></trkpt>
      <trkpt lat="43.1299925" lon="76.9710085"><ele>2660.8</ele><time>2026-07-15T09:05:31Z</time><extensions><gpxtpx:TrackPointExtension><gpxtpx:hr>120</gpxtpx:hr></gpxtpx:TrackPointExtension></extensions></trkpt>
      <trkpt lat="43.1300086" lon="76.9711389"><ele>2659.6</ele><time>2026-07-15T09:05:32Z</time><extensions><gpxtpx:TrackPointExtension><gpxtpx:hr>120</gpxtpx:hr></gpxtpx:TrackPointExtension></extensions></trkpt>
      <trkpt lat="43.1300248" lon="76.9712694"><ele>2658.4</ele><time>2026-07-15T09:05:33Z</time><extensions><gpxtpx:TrackPointExtension><gpxtpx:hr>120</gpxtpx:hr></gpxtpx:TrackPointExtension></extensions></trkpt>
      <trkpt lat="43.1300410" lon="76.9713999"><ele>2657.2</ele><time>2026-07-15T09:05:34Z</time><extensions><gpxtpx:TrackPointExtension><gpxtpx:hr>120</gpxtpx:hr></gpxtpx:TrackPointExtension></extensions></trkpt>
      <trkpt lat="43.1300571" lon="76.9715304"><ele>2656.0</ele><time>2026-07-15T09:05:35Z</time><extensions><gpxtpx:TrackPointExtension><gpxtpx:hr>120</gpxtpx:hr></gpxtpx:TrackPointExtension></extensions></trkpt>
      <trkpt lat="43.1300733" lon="76.9716608"><ele>2654.8</ele><time>2026-07-15T09:05:36Z</time><extensions><gpxtpx:TrackPointExtension><gpxtpx:hr>120</gpxtpx:hr></gpxtpx:TrackPointExtension></extensions></trkpt>
      <trkpt lat="43.1300895" lon="76.9717913"><ele>2653.6</ele><time>2026-07-15T09:05:37Z</time><extensions><gpxtpx:TrackPointExtension><gpxtpx:hr>120</gpxtpx:hr></gpxtpx:TrackPointExtension></extensions></trkpt>
      <trkpt lat="43.1301056" lon="76.9719218"><ele>2652.4</ele><time>2026-07-15T09:05:38Z</time><extensions><gpxtpx:TrackPointExtension><gpxtpx:hr>120</gpxtpx:hr></gpxtpx:TrackPointExtension></extensions></trkpt>
      <trkpt lat="43.1301218" lon="76.9720522"><ele>2651.2</ele><time>2026-07-15T09:05:39Z</time><extensions><gpxtpx:TrackPointExtension><gpxtpx:hr>120</gpxtpx:hr></gpxtpx:TrackPointExtension></extensions></trkpt>
      <trkpt lat="43.1301380" lon="76.9721827"><ele>2650.0</ele><time>2026-07-15T09:05:40Z</time><extensions><gpxtpx:TrackPointExtension><gpxtpx:hr>120</gpxtpx:hr></gpxtpx:TrackPointExtension></extensions></trkpt>
      <trkpt lat="43.1301542" lon="76.9723132"><ele>2648.8</ele><time>2026-07-15T09:05:41Z</time><extensions><gpxtpx:TrackPointExtension><gpxtpx:hr>120</gpxtpx:hr></gpxtpx:TrackPointExtension></extensions></trkpt>
      <trkpt lat="43.1301703" lon="76.9724436"><ele>2647.6</ele><time>2026-07-15T09:05:42Z</time><extensions><gpxtpx:TrackPointExtension><gpxtpx:hr>120</gpxtpx:hr></gpxtpx:TrackPointExtension></extensions></trkpt>
      <trkpt lat="43.1301865" lon="76.9725741"><ele>2646.4</ele><time>2026-07-15T09:05:43Z</time><extensions><gpxtpx:TrackPointExtension><gpxtpx:hr>120</gpxtpx:hr></gpxtpx:TrackPointExtension></extensions></trkpt>
      <trkpt lat="43.1302027" lon="76.9727046"><ele>2645.2</ele><time>2026-07-15T09:05:44Z</time><extensions><gpxtpx:TrackPointExtension><gpxtpx:hr>120</gpxtpx:hr></gpxtpx:TrackPointExtension></extensions></trkpt>
      <trkpt lat="43.1302188" lon="76.9728351"><ele>2644.0</ele><time>2026-07-15T09:05:45Z</time><extensions><gpxtpx:TrackPointExtension><gpxtpx:hr>120</gpxtpx:hr></gpxtpx:TrackPointExtension></extensions></trkpt>
      <trkpt lat="43.1302350" lon="76.9729655"><ele>2642.8</ele><time>2026-07-15T09:05:46Z</time><extensions><gpxtpx:TrackPointExtension><gpxtpx:hr>120</gpxtpx:hr></gpxtpx:TrackPointExtension></extensions></trkpt>
      <trkpt lat="43.1302512" lon="76.9730960"><ele>2641.6</ele><time>2026-07-15T09:05:47Z</time><extensions><gpxtpx:TrackPointExtension><gpxtpx:hr>120</gpxtpx:hr></gpxtpx:TrackPointExtension></extensions></trkpt>
      <trkpt lat="43.1302673" lon="76.9732265"><ele>2640.4</ele><time>2026-07-15T09:05:48Z</time><extensions><gpxtpx:TrackPointExtension><gpxtpx:hr>120</gpxtpx:hr></gpxtpx:TrackPointExtension></extensions></trkpt>
      <trkpt lat="43.1302835" lon="76.9733569"><ele>2639.2</ele><time>2026-07-15T09:05:49Z</time><extensions><gpxtpx:TrackPointExtension><gpxtpx:hr>120</gpxtpx:hr></gpxtpx:TrackPointExtension></extensions></trkpt>
      <trkpt lat="43.1302997" lon="76.9734874"><ele>2638.0</ele><time>2026-07-15T09:05:50Z</time><extensions><gpxtpx:TrackPointExtension><gpxtpx:hr>120</gpxtpx:hr></gpxtpx:TrackPointExtension></extensions></trkpt>
      <trkpt lat="43.1303158" lon="76.9736179"><ele>2636.8</ele><time>2026-07-15T09:05:51Z</time><extensions><gpxtpx:TrackPointExtension><gpxtpx:hr>120</gpxtpx:hr></gpxtpx:TrackPointExtension></extensions></trkpt>
      <trkpt lat="43.1303320" lon="76.9737483"><ele>2635.6</ele><time>2026-07-15T09:05:52Z</time><extensions><gpxtpx:TrackPointExtension><gpxtpx:hr>120</gpxtpx:hr></gpxtpx:TrackPointExtension></extensions></trkpt>
      <trkpt lat="43.1303482" lon="76.9738788"><ele>2634.4</ele><time>2026-07-15T09:05:53Z</time><extensions><gpxtpx:TrackPointExtension><gpxtpx:hr>120</gpxtpx:hr></gpxtpx:TrackPointExtension></extensions></trkpt>
      <trkpt lat="43.1303644" lon="76.9740093"><ele>2633.2</ele><time>2026-07-15T09:05:54Z</time><extensions><gpxtpx:TrackPointExtension><gpxtpx:hr>120</gpxtpx:hr></gpxtpx:TrackPointExtension></extensions></trkpt>
      <trkpt lat="43.1303805" lon="76.9741398"><ele>2632.0</ele><time>2026-07-15T09:05:55Z</time><extensions><gpxtpx:TrackPointExtension><gpxtpx:hr>120</gpxtpx:hr></gpxtpx:TrackPointExtension></extensions></trkpt>
      <trkpt lat="43.1303967" lon="76.9742702"><ele>2630.8</ele><time>2026-07-15T09:05:56Z</time><extensions><gpxtpx:TrackPointExtension><gpxtpx:hr>120</gpxtpx:hr></gpxtpx:TrackPointExtension></extensions></trkpt>
      <trkpt lat="43.1304129" lon="76.9744007"><ele>2629.6</ele><time>2026-07-15T09:05:57Z</time><extensions><gpxtpx:TrackPointExtension><gpxtpx:hr>120</gpxtpx:hr></gpxtpx:TrackPointExtension></extensions></trkpt>
      <trkpt lat="43.1304290" lon="76.9745312"><ele>2628.4</ele><time>2026-07-15T09:05:58Z</time><extensions><gpxtpx:TrackPointExtension><gpxtpx:hr>120</gpxtpx:hr></gpxtpx:TrackPointExtension></extensions></trkpt>
      <trkpt lat="43.1304452" lon="76.9746616"><ele>2627.2</ele><time>2026-07-15T09:05:59Z</time><extensions><gpxtpx:TrackPointExtension><gpxtpx:hr>120</gpxtpx:hr></gpxtpx:TrackPointExtension></extensions></trkpt>
      <trkpt lat="43.1304614" lon="76.9747921"><ele>2626.0</ele><time>2026-07-15T09:06:00Z</time><extensions><gpxtpx:TrackPointExtension><gpxtpx:hr>120</gpxtpx:hr></gpxtpx:TrackPointExtension></extensions></trkpt>
      <trkpt lat="43.1304775" lon="76.9749226"><ele>2624.8</ele><time>2026-07-15T09:06:01Z</time><extensions><gpxtpx:TrackPointExtension><gpxtpx:hr>120</gpxtpx:hr></gpxtpx:TrackPointExtension></extensions></trkpt>
      <trkpt lat="43.1304937" lon="76.9750531"><ele>2623.6</ele><time>2026-07-15T09:06:02Z</time><extensions><gpxtpx:TrackPointExtension><gpxtpx:hr>120</gpxtpx:hr></gpxtpx:TrackPointExtension></extensions></trkpt>
      <trkpt lat="43.1305099" lon="76.9751835"><ele>2622.4</ele><time>2026-07-15T09:06:03Z</time><extensions><gpxtpx:TrackPointExtension><gpxtpx:hr>120</gpxtpx:hr></gpxtpx:TrackPointExtension></extensions></trkpt>
      <trkpt lat="43.1305261" lon="76.9753140"><ele>2621.2</ele><time>2026-07-15T09:06:04Z</time><extensions><gpxtpx:TrackPointExtension><gpxtpx:hr>120</gpxtpx:hr></gpxtpx:TrackPointExtension></extensions></trkpt>
      <trkpt lat="43.1305422" lon="76.9754445"><ele>2620.0</ele><time>2026-07-15T09:06:05Z</time><extensions><gpxtpx:TrackPointExtension><gpxtpx:hr>120</gpxtpx:hr></gpxtpx:TrackPointExtension></extensions></trkpt>
      <trkpt lat="43.1305584" lon="76.9755749"><ele>2618.8</ele><time>2026-07-15T09:06:06Z</time><extensions><gpxtpx:TrackPointExtension><gpxtpx:hr>120</gpxtpx:hr></gpxtpx:TrackPointExtension></extensions></trkpt>
      <trkpt lat="43.1305746" lon="76.9757054"><ele>2617.6</ele><time>2026-07-15T09:06:07Z</time><extensions><gpxtpx:TrackPointExtension><gpxtpx:hr>120</gpxtpx:hr></gpxtpx:TrackPointExtension></extensions></trkpt>
      <trkpt lat="43.1305907" lon="76.9758359"><ele>2616.4</ele><time>2026-07-15T09:06:08Z</time><extensions><gpxtpx:TrackPointExtension><gpxtpx:hr>120</gpxtpx:hr></gpxtpx:TrackPointExtension></extensions></trkpt>
      <trkpt lat="43.1306069" lon="76.9759663"><ele>2615.2</ele><time>2026-07-15T09:06:09Z</time><extensions><gpxtpx:TrackPointExtension><gpxtpx:hr>120</gpxtpx:hr></gpxtpx:TrackPointExtension></extensions></trkpt>
      <trkpt lat="43.1306231" lon="76.9760968"><ele>2614.0</ele><time>2026-07-15T09:06:10Z</time><extensions><gpxtpx:TrackPointExtension><gpxtpx:hr>120</gpxtpx:hr></gpxtpx:TrackPointExtension></extensions></trkpt>
      <trkpt lat="43.1306392" lon="76.9762273"><ele>2612.8</ele><time>2026-07-15T09:06:11Z</time><extensions><gpxtpx:TrackPointExtension><gpxtpx:hr>120</gpxtpx:hr></gpxtpx:TrackPointExtension></extensions></trkpt>
      <trkpt lat="43.1306554" lon="76.9763578"><ele>2611.6</ele><time>2026-07-15T09:06:12Z</time><extensions><gpxtpx:TrackPointExtension><gpxtpx:hr>120</gpxtpx:hr></gpxtpx:TrackPointExtension></extensions></trkpt>
      <trkpt lat="43.1306716" lon="76.9764882"><ele>2610.4</ele><time>2026-07-15T09:06:13Z</time><extensions><gpxtpx:TrackPointExtension><gpxtpx:hr>120</gpxtpx:hr></gpxtpx:TrackPointExtension></extensions></trkpt>
      <trkpt lat="43.1306877" lon="76.9766187"><ele>2609.2</ele><time>2026-07-15T09:06:14Z</time><extensions><gpxtpx:TrackPointExtension><gpxtpx:hr>120</gpxtpx:hr></gpxtpx:TrackPointExtension></extensions></trkpt>
      <trkpt lat="43.1307039" lon="76.9767492"><ele>2608.0</ele><time>2026-07-15T09:06:15Z</time><extensions><gpxtpx:TrackPointExtension><gpxtpx:hr>120</gpxtpx:hr></gpxtpx:TrackPointExtension></extensions></trkpt>
      <trkpt lat="43.1307201" lon="76.9768796"><ele>2606.8</ele><time>2026-07-15T09:06:16Z</time><extensions><gpxtpx:TrackPointExtension><gpxtpx:hr>120</gpxtpx:hr></gpxtpx:TrackPointExtension></extensions></trkpt>
      <trkpt lat="43.1307363" lon="76.9770101"><ele>2605.6</ele><time>2026-07-15T09:06:17Z</time><extensions><gpxtpx:TrackPointExtension><gpxtpx:hr>120</gpxtpx:hr></gpxtpx:TrackPointExtension></extensions></trkpt>
      <trkpt lat="43.1307524" lon="76.9771406"><ele>2604.4</ele><time>2026-07-15T09:06:18Z</time><extensions><gpxtpx:TrackPointExtension><gpxtpx:hr>120</gpxtpx:hr></gpxtpx:TrackPointExtension></extensions></trkpt>
      <trkpt lat="43.1307686" lon="76.9772711"><ele>2603.2</ele><time>2026-07-15T09:06:19Z</time><extensions><gpxtpx:TrackPointExtension><gpxtpx:hr>120</gpxtpx:hr></gpxtpx:TrackPointExtension></extensions></trkpt>
      <trkpt lat="43.1307848" lon="76.9774015"><ele>2602.0</ele><time>2026-07-15T09:06:20Z</time><extensions><gpxtpx:TrackPointExtension><gpxtpx:hr>120</gpxtpx:hr></gpxtpx:TrackPointExtension></extensions></trkpt>
      <trkpt lat="43.1308009" lon="76.9775320"><ele>2600.8</ele><time>2026-07-15T09:06:21Z</time><extensions><gpxtpx:TrackPointExtension><gpxtpx:hr>120</gpxtpx:hr></gpxtpx:TrackPointExtension></extensions></trkpt>
      <trkpt lat="43.1308171" lon="76.9776625"><ele>2599.6</ele><time>2026-07-15T09:06:22Z</time><extensions><gpxtpx:TrackPointExtension><gpxtpx:hr>120</gpxtpx:hr></gpxtpx:TrackPointExtension></extensions></trkpt>
      <trkpt lat="43.1308333" lon="76.9777929"><ele>2598.4</ele><time>2026-07-15T09:06:23Z</time><extensions><gpxtpx:TrackPointExtension><gpxtpx:hr>120</gpxtpx:hr></gpxtpx:TrackPointExtension></extensions></trkpt>
      <trkpt lat="43.1308494" lon="76.9779234"><ele>2597.2</ele><time>2026-07-15T09:06:24Z</time><extensions><gpxtpx:TrackPointExtension><gpxtpx:hr>120</gpxtpx:hr></gpxtpx:TrackPointExtension></extensions></trkpt>
      <trkpt lat="43.1308656" lon="76.9780539"><ele>2596.0</ele><time>2026-07-15T09:06:25Z</time><extensions><gpxtpx:TrackPointExtension><gpxtpx:hr>120</gpxtpx:hr></gpxtpx:TrackPointExtension></extensions></trkpt>
      <trkpt lat="43.1308818" lon="76.9781843"><ele>2594.8</ele><time>2026-07-15T09:06:26Z</time><extensions><gpxtpx:TrackPointExtension><gpxtpx:hr>120</gpxtpx:hr></gpxtpx:TrackPointExtension></extensions></trkpt>
      <trkpt lat="43.1308980" lon="76.9783148"><ele>2593.6</ele><time>2026-07-15T09:06:27Z</time><extensions><gpxtpx:TrackPointExtension><gpxtpx:hr>120</gpxtpx:hr></gpxtpx:TrackPointExtension></extensions></trkpt>
      <trkpt lat="43.1309141" lon="76.9784453"><ele>2592.4</ele><time>2026-07-15T09:06:28Z</time><extensions><gpxtpx:TrackPointExtension><gpxtpx:hr>120</gpxtpx:hr></gpxtpx:TrackPointExtension></extensions></trkpt>
      <trkpt lat="43.1309303" lon="76.9785758"><ele>2591.2</ele><time>2026-07-15T09:06:29Z</time><extensions><gpxtpx:TrackPointExtension><gpxtpx:hr>120</gpxtpx:hr></gpxtpx:TrackPointExtension></extensions></trkpt>
      <trkpt lat="43.1309465" lon="76.9787062"><ele>2590.0</ele><time>2026-07-15T09:06:30Z</time><extensions><gpxtpx:TrackPointExtension><gpxtpx:hr>120</gpxtpx:hr></gpxtpx:TrackPointExtension></extensions></trkpt>
      <trkpt lat="43.1309626" lon="76.9788367"><ele>2588.8</ele><time>2026-07-15T09:06:31Z</time><extensions><gpxtpx:TrackPointExtension><gpxtpx:hr>120</gpxtpx:hr></gpxtpx:TrackPointExtension></extensions></trkpt>
      <trkpt lat="43.1309788" lon="76.9789672"><ele>2587.6</ele><time>2026-07-15T09:06:32Z</time><extensions><gpxtpx:TrackPointExtension><gpxtpx:hr>120</gpxtpx:hr></gpxtpx:TrackPointExtension></extensions></trkpt>
      <trkpt lat="43.1309950" lon="76.9790976"><ele>2586.4</ele><time>2026-07-15T09:06:33Z</time><extensions><gpxtpx:TrackPointExtension><gpxtpx:hr>120</gpxtpx:hr></gpxtpx:TrackPointExtension></extensions></trkpt>
      <trkpt lat="43.1310111" lon="76.9792281"><ele>2585.2</ele><time>2026-07-15T09:06:34Z</time><extensions><gpxtpx:TrackPointExtension><gpxtpx:hr>120</gpxtpx:hr></gpxtpx:TrackPointExtension></extensions></trkpt>
      <trkpt lat="43.1310273" lon="76.9793586"><ele>2584.0</ele><time>2026-07-15T09:06:35Z</time><extensions><gpxtpx:TrackPointExtension><gpxtpx:hr>120</gpxtpx:hr></gpxtpx:TrackPointExtension></extensions></trkpt>
      <trkpt lat="43.1310435" lon="76.9794890"><ele>2582.8</ele><time>2026-07-15T09:06:36Z</time><extensions><gpxtpx:TrackPointExtension><gpxtpx:hr>120</gpxtpx:hr></gpxtpx:TrackPointExtension></extensions></trkpt>
      <trkpt lat="43.1310596" lon="76.9796195"><ele>2581.6</ele><time>2026-07-15T09:06:37Z</time><extensions><gpxtpx:TrackPointExtension><gpxtpx:hr>120</gpxtpx:hr></gpxtpx:TrackPointExtension></extensions></trkpt>
      <trkpt lat="43.1310758" lon="76.9797500"><ele>2580.4</ele><time>2026-07-15T09:06:38Z</time><extensions><gpxtpx:TrackPointExtension><gpxtpx:hr>120</gpxtpx:hr></gpxtpx:TrackPointExtension></extensions></trkpt>
      <trkpt lat="43.1310920" lon="76.9798805"><ele>2579.2</ele><time>2026-07-15T09:06:39Z</time><extensions><gpxtpx:TrackPointExtension><gpxtpx:hr>120</gpxtpx:hr></gpxtpx:TrackPointExtension></extensions></trkpt>
      <trkpt lat="43.1311082" lon="76.9800109"><ele>2578.0</ele><time>2026-07-15T09:06:40Z</time><extensions><gpxtpx:TrackPointExtension><gpxtpx:hr>120</gpxtpx:hr></gpxtpx:TrackPointExtension></extensions></trkpt>
      <trkpt lat="43.1311243" lon="76.9801414"><ele>2576.8</ele><time>2026-07-15T09:06:41Z</time><extensions><gpxtpx:TrackPointExtension><gpxtpx:hr>120</gpxtpx:hr></gpxtpx:TrackPointExtension></extensions></trkpt>
      <trkpt lat="43.1311405" lon="76.9802719"><ele>2575.6</ele><time>2026-07-15T09:06:42Z</time><extensions><gpxtpx:TrackPointExtension><gpxtpx:hr>120</gpxtpx:hr></gpxtpx:TrackPointExtension></extensions></trkpt>
      <trkpt lat="43.1311567" lon="76.9804023"><ele>2574.4</ele><time>2026-07-15T09:06:43Z</time><extensions><gpxtpx:TrackPointExtension><gpxtpx:hr>120</gpxtpx:hr></gpxtpx:TrackPointExtension></extensions></trkpt>
      <trkpt lat="43.1311728" lon="76.9805328"><ele>2573.2</ele><time>2026-07-15T09:06:44Z</time><extensions><gpxtpx:TrackPointExtension><gpxtpx:hr>120</gpxtpx:hr></gpxtpx:TrackPointExtension></extensions></trkpt>
      <trkpt lat="43.1311890" lon="76.9806633"><ele>2572.0</ele><time>2026-07-15T09:06:45Z</time><extensions><gpxtpx:TrackPointExtension><gpxtpx:hr>120</gpxtpx:hr></gpxtpx:TrackPointExtension></extensions></trkpt>
      <trkpt lat="43.1312052" lon="76.9807938"><ele>2570.8</ele><time>2026-07-15T09:06:46Z</time><extensions><gpxtpx:TrackPointExtension><gpxtpx:hr>120</gpxtpx:hr></gpxtpx:TrackPointExtension></extensions></trkpt>
      <trkpt lat="43.1312213" lon="76.9809242"><ele>2569.6</ele><time>2026-07-15T09:06:47Z</time><extensions><gpxtpx:TrackPointExtension><gpxtpx:hr>120</gpxtpx:hr></gpxtpx:TrackPointExtension></extensions></trkpt>
      <trkpt lat="43.1312375" lon="76.9810547"><ele>2568.4</ele><time>2026-07-15T09:06:48Z</time><extensions><gpxtpx:TrackPointExtension><gpxtpx:hr>120</gpxtpx:hr></gpxtpx:TrackPointExtension></extensions></trkpt>
      <trkpt lat="43.1312537" lon="76.9811852"><ele>2567.2</ele><time>2026-07-15T09:06:49Z</time><extensions><gpxtpx:TrackPointExtension><gpxtpx:hr>120</gpxtpx:hr></gpxtpx:TrackPointExtension></extensions></trkpt>
      <trkpt lat="43.1312699" lon="76.9813156"><ele>2566.0</ele><time>2026-07-15T09:06:50Z</time><extensions><gpxtpx:TrackPointExtension><gpxtpx:hr>120</gpxtpx:hr></gpxtpx:TrackPointExtension></extensions></trkpt>
      <trkpt lat="43.1312860" lon="76.9814461"><ele>2564.8</ele><time>2026-07-15T09:06:51Z</time><extensions><gpxtpx:TrackPointExtension><gpxtpx:hr>120</gpxtpx:hr></gpxtpx:TrackPointExtension></extensions></trkpt>
      <trkpt lat="43.1313022" lon="76.9815766"><ele>2563.6</ele><time>2026-07-15T09:06:52Z</time><extensions><gpxtpx:TrackPointExtension><gpxtpx:hr>120</gpxtpx:hr></gpxtpx:TrackPointExtension></extensions></trkpt>
      <trkpt lat="43.1313184" lon="76.9817070"><ele>2562.4</ele><time>2026-07-15T09:06:53Z</time><extensions><gpxtpx:TrackPointExtension><gpxtpx:hr>120</gpxtpx:hr></gpxtpx:TrackPointExtension></extensions></trkpt>
      <trkpt lat="43.1313345" lon="76.9818375"><ele>2561.2</ele><time>2026-07-15T09:06:54Z</time><extensions><gpxtpx:TrackPointExtension><gpxtpx:hr>120</gpxtpx:hr></gpxtpx:TrackPointExtension></extensions></trkpt>
      <trkpt lat="43.1313507" lon="76.9819680"><ele>2560.0</ele><time>2026-07-15T09:06:55Z</time><extensions><gpxtpx:TrackPointExtension><gpxtpx:hr>120</gpxtpx:hr></gpxtpx:TrackPointExtension></extensions></trkpt>
      <trkpt lat="43.1313669" lon="76.9820985"><ele>2558.8</ele><time>2026-07-15T09:06:56Z</time><extensions><gpxtpx:TrackPointExtension><gpxtpx:hr>120</gpxtpx:hr></gpxtpx:TrackPointExtension></extensions></trkpt>
      <trkpt lat="43.1313830" lon="76.9822289"><ele>2557.6</ele><time>2026-07-15T09:06:57Z</time><extensions><gpxtpx:TrackPointExtension><gpxtpx:hr>120</gpxtpx:hr></gpxtpx:TrackPointExtension></extensions></trkpt>
      <trkpt lat="43.1313992" lon="76.9823594"><ele>2556.4</ele><time>2026-07-15T09:06:58Z</time><extensions><gpxtpx:TrackPointExtension><gpxtpx:hr>120</gpxtpx:hr></gpxtpx:TrackPointExtension></extensions></trkpt>
      <trkpt lat="43.1314154" lon="76.9824899"><ele>2555.2</ele><time>2026-07-15T09:06:59Z</time><extensions><gpxtpx:TrackPointExtension><gpxtpx:hr>120</gpxtpx:hr></gpxtpx:TrackPointExtension></extensions></trkpt>
      <trkpt lat="43.1314315" lon="76.9826203"><ele>2554.0</ele><time>2026-07-15T09:07:00Z</time><extensions><gpxtpx:TrackPointExtension><gpxtpx:hr>120</gpxtpx:hr></gpxtpx:TrackPointExtension></extensions></trkpt>
      <trkpt lat="43.1314477" lon="76.9827508"><ele>2552.8</ele><time>2026-07-15T09:07:01Z</time><extensions><gpxtpx:TrackPointExtension><gpxtpx:hr>120</gpxtpx:hr></gpxtpx:TrackPointExtension></extensions></trkpt>
      <trkpt lat="43.1314639" lon="76.9828813"><ele>2551.6</ele><time>2026-07-15T09:07:02Z</time><extensions><gpxtpx:TrackPointExtension><gpxtpx:hr>120</gpxtpx:hr></gpxtpx:TrackPointExtension></extensions></trkpt>
      <trkpt lat="43.1314801" lon="76.9830117"><ele>2550.4</ele><time>2026-07-15T09:07:03Z</time><extensions><gpxtpx:TrackPointExtension><gpxtpx:hr>120</gpxtpx:hr></gpxtpx:TrackPointExtension></extensions></trkpt>
      <trkpt lat="43.1314962" lon="76.9831422"><ele>2549.2</ele><time>2026-07-15T09:07:04Z</time><extensions><gpxtpx:TrackPointExtension><gpxtpx:hr>120</gpxtpx:hr></gpxtpx:TrackPointExtension></extensions></trkpt>
      <trkpt lat="43.1315124" lon="76.9832727"><ele>2548.0</ele><time>2026-07-15T09:07:05Z</time><extensions><gpxtpx:TrackPointExtension><gpxtpx:hr>120</gpxtpx:hr></gpxtpx:TrackPointExtension></extensions></trkpt>
      <trkpt lat="43.1315286" lon="76.9834032"><ele>2546.8</ele><time>2026-07-15T09:07:06Z</time><extensions><gpxtpx:TrackPointExtension><gpxtpx:hr>120</gpxtpx:hr></gpxtpx:TrackPointExtension></extensions></trkpt>
      <trkpt lat="43.1315447" lon="76.9835336"><ele>2545.6</ele><time>2026-07-15T09:07:07Z</time><extensions><gpxtpx:TrackPointExtension><gpxtpx:hr>120</gpxtpx:hr></gpxtpx:TrackPointExtension></extensions></trkpt>
      <trkpt lat="43.1315609" lon="76.9836641"><ele>2544.4</ele><time>2026-07-15T09:07:08Z</time><extensions><gpxtpx:TrackPointExtension><gpxtpx:hr>120</gpxtpx:hr></gpxtpx:TrackPointExtension></extensions></trkpt>
      <trkpt lat="43.1315771" lon="76.9837946"><ele>2543.2</ele><time>2026-07-15T09:07:09Z</time><extensions><gpxtpx:TrackPointExtension><gpxtpx:hr>120</gpxtpx:hr></gpxtpx:TrackPointExtension></extensions></trkpt>
      <trkpt lat="43.1315932" lon="76.9839250"><ele>2542.0</ele><time>2026-07-15T09:07:10Z</time><extensions><gpxtpx:TrackPointExtension><gpxtpx:hr>120</gpxtpx:hr></gpxtpx:TrackPointExtension></extensions></trkpt>
      <trkpt lat="43.1316094" lon="76.9840555"><ele>2540.8</ele><time>2026-07-15T09:07:11Z</time><extensions><gpxtpx:TrackPointExtension><gpxtpx:hr>120</gpxtpx:hr></gpxtpx:TrackPointExtension></extensions></trkpt>
      <trkpt lat="43.1316256" lon="76.9841860"><ele>2539.6</ele><time>2026-07-15T09:07:12Z</time><extensions><gpxtpx:TrackPointExtension><gpxtpx:hr>120</gpxtpx:hr></gpxtpx:TrackPointExtension></extensions></trkpt>
      <trkpt lat="43.1316418" lon="76.9843165"><ele>2538.4</ele><time>2026-07-15T09:07:13Z</time><extensions><gpxtpx:TrackPointExtension><gpxtpx:hr>120</gpxtpx:hr></gpxtpx:TrackPointExtension></extensions></trkpt>
      <trkpt lat="43.1316579" lon="76.9844469"><ele>2537.2</ele><time>2026-07-15T09:07:14Z</time><extensions><gpxtpx:TrackPointExtension><gpxtpx:hr>120</gpxtpx:hr></gpxtpx:TrackPointExtension></extensions></trkpt>
      <trkpt lat="43.1316741" lon="76.9845774"><ele>2536.0</ele><time>2026-07-15T09:07:15Z</time><extensions><gpxtpx:TrackPointExtension><gpxtpx:hr>120</gpxtpx:hr></gpxtpx:TrackPointExtension></extensions></trkpt>
      <trkpt lat="43.1316903" lon="76.9847079"><ele>2534.8</ele><time>2026-07-15T09:07:16Z</time><extensions><gpxtpx:TrackPointExtension><gpxtpx:hr>120</gpxtpx:hr></gpxtpx:TrackPointExtension></extensions></trkpt>
      <trkpt lat="43.1317064" lon="76.9848383"><ele>2533.6</ele><time>2026-07-15T09:07:17Z</time><extensions><gpxtpx:TrackPointExtension><gpxtpx:hr>120</gpxtpx:hr></gpxtpx:TrackPointExtension></extensions></trkpt>
      <trkpt lat="43.1317226" lon="76.9849688"><ele>2532.4</ele><time>2026-07-15T09:07:18Z</time><extensions><gpxtpx:TrackPointExtension><gpxtpx:hr>120</gpxtpx:hr></gpxtpx:TrackPointExtension></extensions></trkpt>
      <trkpt lat="43.1317388" lon="76.9850993"><ele>2531.2</ele><time>2026-07-15T09:07:19Z</time><extensions><gpxtpx:TrackPointExtension><gpxtpx:hr>120</gpxtpx:hr></gpxtpx:TrackPointExtension></extensions></trkpt>
      <trkpt lat="43.1317549" lon="76.9852297"><ele>2530.0</ele><time>2026-07-15T09:07:20Z</time><extensions><gpxtpx:TrackPointExtension><gpxtpx:hr>120</gpxtpx:hr></gpxtpx:TrackPointExtension></extensions></trkpt>
      <trkpt lat="43.1317711" lon="76.9853602"><ele>2528.8</ele><time>2026-07-15T09:07:21Z</time><extensions><gpxtpx:TrackPointExtension><gpxtpx:hr>120</gpxtpx:hr></gpxtpx:TrackPointExtension></extensions></trkpt>
      <trkpt lat="43.1317873" lon="76.9854907"><ele>2527.6</ele><time>2026-07-15T09:07:22Z</time><extensions><gpxtpx:TrackPointExtension><gpxtpx:hr>120</gpxtpx:hr></gpxtpx:TrackPointExtension></extensions></trkpt>
      <trkpt lat="43.1318034" lon="76.9856212"><ele>2526.4</ele><time>2026-07-15T09:07:23Z</time><extensions><gpxtpx:TrackPointExtension><gpxtpx:hr>120</gpxtpx:hr></gpxtpx:TrackPointExtension></extensions></trkpt>
      <trkpt lat="43.1318196" lon="76.9857516"><ele>2525.2</ele><time>2026-07-15T09:07:24Z</time><extensions><gpxtpx:TrackPointExtension><gpxtpx:hr>120</gpxtpx:hr></gpxtpx:TrackPointExtension></extensions></trkpt>
      <trkpt lat="43.1318358" lon="76.9858821"><ele>2524.0</ele><time>2026-07-15T09:07:25Z</time><extensions><gpxtpx:TrackPointExtension><gpxtpx:hr>120</gpxtpx:hr></gpxtpx:TrackPointExtension></extensions></trkpt>
      <trkpt lat="43.1318520" lon="76.9860126"><ele>2522.8</ele><time>2026-07-15T09:07:26Z</time><extensions><gpxtpx:TrackPointExtension><gpxtpx:hr>120</gpxtpx:hr></gpxtpx:TrackPointExtension></extensions></trkpt>
      <trkpt lat="43.1318681" lon="76.9861430"><ele>2521.6</ele><time>2026-07-15T09:07:27Z</time><extensions><gpxtpx:TrackPointExtension><gpxtpx:hr>120</gpxtpx:hr></gpxtpx:TrackPointExtension></extensions></trkpt>
      <trkpt lat="43.1318843" lon="76.9862735"><ele>2520.4</ele><time>2026-07-15T09:07:28Z</time><extensions><gpxtpx:TrackPointExtension><gpxtpx:hr>120</gpxtpx:hr></gpxtpx:TrackPointExtension></extensions></trkpt>
      <trkpt lat="43.1319005" lon="76.9864040"><ele>2519.2</ele><time>2026-07-15T09:07:29Z</time><extensions><gpxtpx:TrackPointExtension><gpxtpx:hr>120</gpxtpx:hr></gpxtpx:TrackPointExtension></extensions></trkpt>
      <trkpt lat="43.1319166" lon="76.9865344"><ele>2518.0</ele><time>2026-07-15T09:07:30Z</time><extensions><gpxtpx:TrackPointExtension><gpxtpx:hr>120</gpxtpx:hr></gpxtpx:TrackPointExtension></extensions></trkpt>
      <trkpt lat="43.1319328" lon="76.9866649"><ele>2516.8</ele><time>2026-07-15T09:07:31Z</time><extensions><gpxtpx:TrackPointExtension><gpxtpx:hr>120</gpxtpx:hr></gpxtpx:TrackPointExtension></extensions></trkpt>
      <trkpt lat="43.1319490" lon="76.9867954"><ele>2515.6</ele><time>2026-07-15T09:07:32Z</time><extensions><gpxtpx:TrackPointExtension><gpxtpx:hr>120</gpxtpx:hr></gpxtpx:TrackPointExtension></extensions></trkpt>
      <trkpt lat="43.1319651" lon="76.9869259"><ele>2514.4</ele><time>2026-07-15T09:07:33Z</time><extensions><gpxtpx:TrackPointExtension><gpxtpx:hr>120</gpxtpx:hr></gpxtpx:TrackPointExtension></extensions></trkpt>
      <trkpt lat="43.1319813" lon="76.9870563"><ele>2513.2</ele><time>2026-07-15T09:07:34Z</time><extensions><gpxtpx:TrackPointExtension><gpxtpx:hr>120</gpxtpx:hr></gpxtpx:TrackPointExtension></extensions></trkpt>
      <trkpt lat="43.1319975" lon="76.9871868"><ele>2512.0</ele><time>2026-07-15T09:07:35Z</time><extensions><gpxtpx:TrackPointExtension><gpxtpx:hr>120</gpxtpx:hr></gpxtpx:TrackPointExtension></extensions></trkpt>
      <trkpt lat="43.1320137" lon="76.9873173"><ele>2510.8</ele><time>2026-07-15T09:07:36Z</time><extensions><gpxtpx:TrackPointExtension><gpxtpx:hr>120</gpxtpx:hr></gpxtpx:TrackPointExtension></extensions></trkpt>
      <trkpt lat="43.1320298" lon="76.9874477"><ele>2509.6</ele><time>2026-07-15T09:07:37Z</time><extensions><gpxtpx:TrackPointExtension><gpxtpx:hr>120</gpxtpx:hr></gpxtpx:TrackPointExtension></extensions></trkpt>
      <trkpt lat="43.1320460" lon="76.9875782"><ele>2508.4</ele><time>2026-07-15T09:07:38Z</time><extensions><gpxtpx:TrackPointExtension><gpxtpx:hr>120</gpxtpx:hr></gpxtpx:TrackPointExtension></extensions></trkpt>
      <trkpt lat="43.1320622" lon="76.9877087"><ele>2507.2</ele><time>2026-07-15T09:07:39Z</time><extensions><gpxtpx:TrackPointExtension><gpxtpx:hr>120</gpxtpx:hr></gpxtpx:TrackPointExtension></extensions></trkpt>
      <trkpt lat="43.1320783" lon="76.9878392"><ele>2506.0</ele><time>2026-07-15T09:07:40Z</time><extensions><gpxtpx:TrackPointExtension><gpxtpx:hr>120</gpxtpx:hr></gpxtpx:TrackPointExtension></extensions></trkpt>
      <trkpt lat="43.1320945" lon="76.9879696"><ele>2504.8</ele><time>2026-07-15T09:07:41Z</time><extensions><gpxtpx:TrackPointExtension><gpxtpx:hr>120</gpxtpx:hr></gpxtpx:TrackPointExtension></extensions></trkpt>
      <trkpt lat="43.1321107" lon="76.9881001"><ele>2503.6</ele><time>2026-07-15T09:07:42Z</time><extensions><gpxtpx:TrackPointExtension><gpxtpx:hr>120</gpxtpx:hr></gpxtpx:TrackPointExtension></extensions></trkpt>
      <trkpt lat="43.1321268" lon="76.9882306"><ele>2502.4</ele><time>2026-07-15T09:07:43Z</time><extensions><gpxtpx:TrackPointExtension><gpxtpx:hr>120</gpxtpx:hr></gpxtpx:TrackPointExtension></extensions></trkpt>
      <trkpt lat="43.1321430" lon="76.9883610"><ele>2501.2</ele><time>2026-07-15T09:07:44Z</time><extensions><gpxtpx:TrackPointExtension><gpxtpx:hr>120</gpxtpx:hr></gpxtpx:TrackPointExtension></extensions></trkpt>
      <trkpt lat="43.1321592" lon="76.9884915"><ele>2500.0</ele><time>2026-07-15T09:07:45Z</time><extensions><gpxtpx:TrackPointExtension><gpxtpx:hr>120</gpxtpx:hr></gpxtpx:TrackPointExtension></extensions></trkpt>
      <trkpt lat="43.1321754" lon="76.9886220"><ele>2498.8</ele><time>2026-07-15T09:07:46Z</time><extensions><gpxtpx:TrackPointExtension><gpxtpx:hr>120</gpxtpx:hr></gpxtpx:TrackPointExtension></extensions></trkpt>
      <trkpt lat="43.1321915" lon="76.9887524"><ele>2497.6</ele><time>2026-07-15T09:07:47Z</time><extensions><gpxtpx:TrackPointExtension><gpxtpx:hr>120</gpxtpx:hr></gpxtpx:TrackPointExtension></extensions></trkpt>
      <trkpt lat="43.1322077" lon="76.9888829"><ele>2496.4</ele><time>2026-07-15T09:07:48Z</time><extensions><gpxtpx:TrackPointExtension><gpxtpx:hr>120</gpxtpx:hr></gpxtpx:TrackPointExtension></extensions></trkpt>
      <trkpt lat="43.1322239" lon="76.9890134"><ele>2495.2</ele><time>2026-07-15T09:07:49Z</time><extensions><gpxtpx:TrackPointExtension><gpxtpx:hr>120</gpxtpx:hr></gpxtpx:TrackPointExtension></extensions></trkpt>
      <trkpt lat="43.1322400" lon="76.9891439"><ele>2494.0</ele><time>2026-07-15T09:07:50Z</time><extensions><gpxtpx:TrackPointExtension><gpxtpx:hr>120</gpxtpx:hr></gpxtpx:TrackPointExtension></extensions></trkpt>
      <trkpt lat="43.1322562" lon="76.9892743"><ele>2492.8</ele><time>2026-07-15T09:07:51Z</time><extensions><gpxtpx:TrackPointExtension><gpxtpx:hr>120</gpxtpx:hr></gpxtpx:TrackPointExtension></extensions></trkpt>
      <trkpt lat="43.1322724" lon="76.9894048"><ele>2491.6</ele><time>2026-07-15T09:07:52Z</time><extensions><gpxtpx:TrackPointExtension><gpxtpx:hr>120</gpxtpx:hr></gpxtpx:TrackPointExtension></extensions></trkpt>
      <trkpt lat="43.1322885" lon="76.9895353"><ele>2490.4</ele><time>2026-07-15T09:07:53Z</time><extensions><gpxtpx:TrackPointExtension><gpxtpx:hr>120</gpxtpx:hr></gpxtpx:TrackPointExtension></extensions></trkpt>
      <trkpt lat="43.1323047" lon="76.9896657"><ele>2489.2</ele><time>2026-07-15T09:07:54Z</time><extensions><gpxtpx:TrackPointExtension><gpxtpx:hr>120</gpxtpx:hr></gpxtpx:TrackPointExtension></extensions></trkpt>
      <trkpt lat="43.1323209" lon="76.9897962"><ele>2488.0</ele><time>2026-07-15T09:07:55Z</time><extensions><gpxtpx:TrackPointExtension><gpxtpx:hr>120</gpxtpx:hr></gpxtpx:TrackPointExtension></extensions></trkpt>
      <trkpt lat="43.1323370" lon="76.9899267"><ele>2486.8</ele><time>2026-07-15T09:07:56Z</time><extensions><gpxtpx:TrackPointExtension><gpxtpx:hr>120</gpxtpx:hr></gpxtpx:TrackPointExtension></extensions></trkpt>
      <trkpt lat="43.1323532" lon="76.9900571"><ele>2485.6</ele><time>2026-07-15T09:07:57Z</time><extensions><gpxtpx:TrackPointExtension><gpxtpx:hr>120</gpxtpx:hr></gpxtpx:TrackPointExtension></extensions></trkpt>
      <trkpt lat="43.1323694" lon="76.9901876"><ele>2484.4</ele><time>2026-07-15T09:07:58Z</time><extensions><gpxtpx:TrackPointExtension><gpxtpx:hr>120</gpxtpx:hr></gpxtpx:TrackPointExtension></extensions></trkpt>
      <trkpt lat="43.1323856" lon="76.9903181"><ele>2483.2</ele><time>2026-07-15T09:07:59Z</time><extensions><gpxtpx:TrackPointExtension><gpxtpx:hr>120</gpxtpx:hr></gpxtpx:TrackPointExtension></extensions></trkpt>
      <trkpt lat="43.1360848" lon="77.0214661"><ele>2770.0</ele><time>2026-07-15T09:08:00Z</time><extensions><gpxtpx:TrackPointExtension><gpxtpx:hr>120</gpxtpx:hr></gpxtpx:TrackPointExtension></extensions></trkpt>
      <trkpt lat="43.1360620" lon="77.0217191"><ele>2771.8</ele><time>2026-07-15T09:08:01Z</time><extensions><gpxtpx:TrackPointExtension><gpxtpx:hr>120</gpxtpx:hr></gpxtpx:TrackPointExtension></extensions></trkpt>
      <trkpt lat="43.1359874" lon="77.0219491"><ele>2773.5</ele><time>2026-07-15T09:08:02Z</time><extensions><gpxtpx:TrackPointExtension><gpxtpx:hr>120</gpxtpx:hr></gpxtpx:TrackPointExtension></extensions></trkpt>
      <trkpt lat="43.1358687" lon="77.0221351"><ele>2775.3</ele><time>2026-07-15T09:08:03Z</time><extensions><gpxtpx:TrackPointExtension><gpxtpx:hr>120</gpxtpx:hr></gpxtpx:TrackPointExtension></extensions></trkpt>
      <trkpt lat="43.1357179" lon="77.0222608"><ele>2777.0</ele><time>2026-07-15T09:08:04Z</time><extensions><gpxtpx:TrackPointExtension><gpxtpx:hr>120</gpxtpx:hr></gpxtpx:TrackPointExtension></extensions></trkpt>
      <trkpt lat="43.1355503" lon="77.0223153"><ele>2778.8</ele><time>2026-07-15T09:08:05Z</time><extensions><gpxtpx:TrackPointExtension><gpxtpx:hr>120</gpxtpx:hr></gpxtpx:TrackPointExtension></extensions></trkpt>
      <trkpt lat="43.1353827" lon="77.0222952"><ele>2780.5</ele><time>2026-07-15T09:08:06Z</time><extensions><gpxtpx:TrackPointExtension><gpxtpx:hr>120</gpxtpx:hr></gpxtpx:TrackPointExtension></extensions></trkpt>
      <trkpt lat="43.1352319" lon="77.0222041"><ele>2782.3</ele><time>2026-07-15T09:08:07Z</time><extensions><gpxtpx:TrackPointExtension><gpxtpx:hr>120</gpxtpx:hr></gpxtpx:TrackPointExtension></extensions></trkpt>
      <trkpt lat="43.1351132" lon="77.0220525"><ele>2784.0</ele><time>2026-07-15T09:08:08Z</time><extensions><gpxtpx:TrackPointExtension><gpxtpx:hr>120</gpxtpx:hr></gpxtpx:TrackPointExtension></extensions></trkpt>
      <trkpt lat="43.1350386" lon="77.0218570"><ele>2785.8</ele><time>2026-07-15T09:08:09Z</time><extensions><gpxtpx:TrackPointExtension><gpxtpx:hr>120</gpxtpx:hr></gpxtpx:TrackPointExtension></extensions></trkpt>
      <trkpt lat="43.1350158" lon="77.0216384"><ele>2787.5</ele><time>2026-07-15T09:08:10Z</time><extensions><gpxtpx:TrackPointExtension><gpxtpx:hr>120</gpxtpx:hr></gpxtpx:TrackPointExtension></extensions></trkpt>
      <trkpt lat="43.1350476" lon="77.0214198"><ele>2789.3</ele><time>2026-07-15T09:08:11Z</time><extensions><gpxtpx:TrackPointExtension><gpxtpx:hr>120</gpxtpx:hr></gpxtpx:TrackPointExtension></extensions></trkpt>
      <trkpt lat="43.1351312" lon="77.0212243"><ele>2791.0</ele><time>2026-07-15T09:08:12Z</time><extensions><gpxtpx:TrackPointExtension><gpxtpx:hr>120</gpxtpx:hr></gpxtpx:TrackPointExtension></extensions></trkpt>
      <trkpt lat="43.1352589" lon="77.0210727"><ele>2792.8</ele><time>2026-07-15T09:08:13Z</time><extensions><gpxtpx:TrackPointExtension><gpxtpx:hr>120</gpxtpx:hr></gpxtpx:TrackPointExtension></extensions></trkpt>
      <trkpt lat="43.1354186" lon="77.0209815"><ele>2794.5</ele><time>2026-07-15T09:08:14Z</time><extensions><gpxtpx:TrackPointExtension><gpxtpx:hr>120</gpxtpx:hr></gpxtpx:TrackPointExtension></extensions></trkpt>
      <trkpt lat="43.1355952" lon="77.0209614"><ele>2796.3</ele><time>2026-07-15T09:08:15Z</time><extensions><gpxtpx:TrackPointExtension><gpxtpx:hr>120</gpxtpx:hr></gpxtpx:TrackPointExtension></extensions></trkpt>
      <trkpt lat="43.1357718" lon="77.0210160"><ele>2798.0</ele><time>2026-07-15T09:08:16Z</time><extensions><gpxtpx:TrackPointExtension><gpxtpx:hr>120</gpxtpx:hr></gpxtpx:TrackPointExtension></extensions></trkpt>
      <trkpt lat="43.1359316" lon="77.0211416"><ele>2799.8</ele><time>2026-07-15T09:08:17Z</time><extensions><gpxtpx:TrackPointExtension><gpxtpx:hr>120</gpxtpx:hr></gpxtpx:TrackPointExtension></extensions></trkpt>
      <trkpt lat="43.1360593" lon="77.0213277"><ele>2801.5</ele><time>2026-07-15T09:08:18Z</time><extensions><gpxtpx:TrackPointExtension><gpxtpx:hr>120</gpxtpx:hr></gpxtpx:TrackPointExtension></extensions></trkpt>
      <trkpt lat="43.1361429" lon="77.0215576"><ele>2803.3</ele><time>2026-07-15T09:08:19Z</time><extensions><gpxtpx:TrackPointExtension><gpxtpx:hr>120</gpxtpx:hr></gpxtpx:TrackPointExtension></extensions></trkpt>
      <trkpt lat="43.1361746" lon="77.0218107"><ele>2805.0</ele><time>2026-07-15T09:08:20Z</time><extensions><gpxtpx:TrackPointExtension><gpxtpx:hr>120</gpxtpx:hr></gpxtpx:TrackPointExtension></extensions></trkpt>
      <trkpt lat="43.1361519" lon="77.0220637"><ele>2806.8</ele><time>2026-07-15T09:08:21Z</time><extensions><gpxtpx:TrackPointExtension><gpxtpx:hr>120</gpxtpx:hr></gpxtpx:TrackPointExtension></extensions></trkpt>
      <trkpt lat="43.1360772" lon="77.0222937"><ele>2808.5</ele><time>2026-07-15T09:08:22Z</time><extensions><gpxtpx:TrackPointExtension><gpxtpx:hr>120</gpxtpx:hr></gpxtpx:TrackPointExtension></extensions></trkpt>
      <trkpt lat="43.1359585" lon="77.0224798"><ele>2810.3</ele><time>2026-07-15T09:08:23Z</time><extensions><gpxtpx:TrackPointExtension><gpxtpx:hr>120</gpxtpx:hr></gpxtpx:TrackPointExtension></extensions></trkpt>
      <trkpt lat="43.1358078" lon="77.0226054"><ele>2812.0</ele><time>2026-07-15T09:08:24Z</time><extensions><gpxtpx:TrackPointExtension><gpxtpx:hr>120</gpxtpx:hr></gpxtpx:TrackPointExtension></extensions></trkpt>
      <trkpt lat="43.1356401" lon="77.0226600"><ele>2813.8</ele><time>2026-07-15T09:08:25Z</time><extensions><gpxtpx:TrackPointExtension><gpxtpx:hr>120</gpxtpx:hr></gpxtpx:TrackPointExtension></extensions></trkpt>
      <trkpt lat="43.1354725" lon="77.0226399"><ele>2815.5</ele><time>2026-07-15T09:08:26Z</time><extensions><gpxtpx:TrackPointExtension><gpxtpx:hr>120</gpxtpx:hr></gpxtpx:TrackPointExtension></extensions></trkpt>
      <trkpt lat="43.1353218" lon="77.0225487"><ele>2817.3</ele><time>2026-07-15T09:08:27Z</time><extensions><gpxtpx:TrackPointExtension><gpxtpx:hr>120</gpxtpx:hr></gpxtpx:TrackPointExtension></extensions></trkpt>
      <trkpt lat="43.1352030" lon="77.0223971"><ele>2819.0</ele><time>2026-07-15T09:08:28Z</time><extensions><gpxtpx:TrackPointExtension><gpxtpx:hr>120</gpxtpx:hr></gpxtpx:TrackPointExtension></extensions></trkpt>
      <trkpt lat="43.1351284" lon="77.0222016"><ele>2820.8</ele><time>2026-07-15T09:08:29Z</time><extensions><gpxtpx:TrackPointExtension><gpxtpx:hr>120</gpxtpx:hr></gpxtpx:TrackPointExtension></extensions></trkpt>
      <trkpt lat="43.1351056" lon="77.0219830"><ele>2822.5</ele><time>2026-07-15T09:08:30Z</time><extensions><gpxtpx:TrackPointExtension><gpxtpx:hr>120</gpxtpx:hr></gpxtpx:TrackPointExtension></extensions></trkpt>
      <trkpt lat="43.1351374" lon="77.0217644"><ele>2824.3</ele><time>2026-07-15T09:08:31Z</time><extensions><gpxtpx:TrackPointExtension><gpxtpx:hr>120</gpxtpx:hr></gpxtpx:TrackPointExtension></extensions></trkpt>
      <trkpt lat="43.1352210" lon="77.0215689"><ele>2826.0</ele><time>2026-07-15T09:08:32Z</time><extensions><gpxtpx:TrackPointExtension><gpxtpx:hr>120</gpxtpx:hr></gpxtpx:TrackPointExtension></extensions></trkpt>
      <trkpt lat="43.1353487" lon="77.0214173"><ele>2827.8</ele><time>2026-07-15T09:08:33Z</time><extensions><gpxtpx:TrackPointExtension><gpxtpx:hr>120</gpxtpx:hr></gpxtpx:TrackPointExtension></extensions></trkpt>
      <trkpt lat="43.1355085" lon="77.0213262"><ele>2829.5</ele><time>2026-07-15T09:08:34Z</time><extensions><gpxtpx:TrackPointExtension><gpxtpx:hr>120</gpxtpx:hr></gpxtpx:TrackPointExtension></extensions></trkpt>
      <trkpt lat="43.1356851" lon="77.0213060"><ele>2831.3</ele><time>2026-07-15T09:08:35Z</time><extensions><gpxtpx:TrackPointExtension><gpxtpx:hr>120</gpxtpx:hr></gpxtpx:TrackPointExtension></extensions></trkpt>
      <trkpt lat="43.1358617" lon="77.0213606"><ele>2833.0</ele><time>2026-07-15T09:08:36Z</time><extensions><gpxtpx:TrackPointExtension><gpxtpx:hr>120</gpxtpx:hr></gpxtpx:TrackPointExtension></extensions></trkpt>
      <trkpt lat="43.1360214" lon="77.0214862"><ele>2834.8</ele><time>2026-07-15T09:08:37Z</time><extensions><gpxtpx:TrackPointExtension><gpxtpx:hr>120</gpxtpx:hr></gpxtpx:TrackPointExtension></extensions></trkpt>
      <trkpt lat="43.1361491" lon="77.0216723"><ele>2836.5</ele><time>2026-07-15T09:08:38Z</time><extensions><gpxtpx:TrackPointExtension><gpxtpx:hr>120</gpxtpx:hr></gpxtpx:TrackPointExtension></extensions></trkpt>
      <trkpt lat="43.1362327" lon="77.0219023"><ele>2838.3</ele><time>2026-07-15T09:08:39Z</time><extensions><gpxtpx:TrackPointExtension><gpxtpx:hr>120</gpxtpx:hr></gpxtpx:TrackPointExtension></extensions></trkpt>
      <trkpt lat="43.1362645" lon="77.0221553"><ele>2840.0</ele><time>2026-07-15T09:08:40Z</time><extensions><gpxtpx:TrackPointExtension><gpxtpx:hr>120</gpxtpx:hr></gpxtpx:TrackPointExtension></extensions></trkpt>
      <trkpt lat="43.1362417" lon="77.0224084"><ele>2841.8</ele><time>2026-07-15T09:08:41Z</time><extensions><gpxtpx:TrackPointExtension><gpxtpx:hr>120</gpxtpx:hr></gpxtpx:TrackPointExtension></extensions></trkpt>
      <trkpt lat="43.1361671" lon="77.0226383"><ele>2843.5</ele><time>2026-07-15T09:08:42Z</time><extensions><gpxtpx:TrackPointExtension><gpxtpx:hr>120</gpxtpx:hr></gpxtpx:TrackPointExtension></extensions></trkpt>
      <trkpt lat="43.1360484" lon="77.0228244"><ele>2845.3</ele><time>2026-07-15T09:08:43Z</time><extensions><gpxtpx:TrackPointExtension><gpxtpx:hr>120</gpxtpx:hr></gpxtpx:TrackPointExtension></extensions></trkpt>
      <trkpt lat="43.1358976" lon="77.0229500"><ele>2847.0</ele><time>2026-07-15T09:08:44Z</time><extensions><gpxtpx:TrackPointExtension><gpxtpx:hr>120</gpxtpx:hr></gpxtpx:TrackPointExtension></extensions></trkpt>
      <trkpt lat="43.1357300" lon="77.0230046"><ele>2848.8</ele><time>2026-07-15T09:08:45Z</time><extensions><gpxtpx:TrackPointExtension><gpxtpx:hr>120</gpxtpx:hr></gpxtpx:TrackPointExtension></extensions></trkpt>
      <trkpt lat="43.1355624" lon="77.0229845"><ele>2850.5</ele><time>2026-07-15T09:08:46Z</time><extensions><gpxtpx:TrackPointExtension><gpxtpx:hr>120</gpxtpx:hr></gpxtpx:TrackPointExtension></extensions></trkpt>
      <trkpt lat="43.1354116" lon="77.0228933"><ele>2852.3</ele><time>2026-07-15T09:08:47Z</time><extensions><gpxtpx:TrackPointExtension><gpxtpx:hr>120</gpxtpx:hr></gpxtpx:TrackPointExtension></extensions></trkpt>
      <trkpt lat="43.1352929" lon="77.0227417"><ele>2854.0</ele><time>2026-07-15T09:08:48Z</time><extensions><gpxtpx:TrackPointExtension><gpxtpx:hr>120</gpxtpx:hr></gpxtpx:TrackPointExtension></extensions></trkpt>
      <trkpt lat="43.1352182" lon="77.0225462"><ele>2855.8</ele><time>2026-07-15T09:08:49Z</time><extensions><gpxtpx:TrackPointExtension><gpxtpx:hr>120</gpxtpx:hr></gpxtpx:TrackPointExtension></extensions></trkpt>
      <trkpt lat="43.1351955" lon="77.0223276"><ele>2857.5</ele><time>2026-07-15T09:08:50Z</time><extensions><gpxtpx:TrackPointExtension><gpxtpx:hr>120</gpxtpx:hr></gpxtpx:TrackPointExtension></extensions></trkpt>
      <trkpt lat="43.1352272" lon="77.0221091"><ele>2859.3</ele><time>2026-07-15T09:08:51Z</time><extensions><gpxtpx:TrackPointExtension><gpxtpx:hr>120</gpxtpx:hr></gpxtpx:TrackPointExtension></extensions></trkpt>
      <trkpt lat="43.1353108" lon="77.0219136"><ele>2861.0</ele><time>2026-07-15T09:08:52Z</time><extensions><gpxtpx:TrackPointExtension><gpxtpx:hr>120</gpxtpx:hr></gpxtpx:TrackPointExtension></extensions></trkpt>
      <trkpt lat="43.1354385" lon="77.0217620"><ele>2862.8</ele><time>2026-07-15T09:08:53Z</time><extensions><gpxtpx:TrackPointExtension><gpxtpx:hr>120</gpxtpx:hr></gpxtpx:TrackPointExtension></extensions></trkpt>
      <trkpt lat="43.1355983" lon="77.0216708"><ele>2864.5</ele><time>2026-07-15T09:08:54Z</time><extensions><gpxtpx:TrackPointExtension><gpxtpx:hr>120</gpxtpx:hr></gpxtpx:TrackPointExtension></extensions></trkpt>
      <trkpt lat="43.1357749" lon="77.0216507"><ele>2866.3</ele><time>2026-07-15T09:08:55Z</time><extensions><gpxtpx:TrackPointExtension><gpxtpx:hr>120</gpxtpx:hr></gpxtpx:TrackPointExtension></extensions></trkpt>
      <trkpt lat="43.1359515" lon="77.0217053"><ele>2868.0</ele><time>2026-07-15T09:08:56Z</time><extensions><gpxtpx:TrackPointExtension><gpxtpx:hr>120</gpxtpx:hr></gpxtpx:TrackPointExtension></extensions></trkpt>
      <trkpt lat="43.1361112" lon="77.0218309"><ele>2869.8</ele><time>2026-07-15T09:08:57Z</time><extensions><gpxtpx:TrackPointExtension><gpxtpx:hr>120</gpxtpx:hr></gpxtpx:TrackPointExtension></extensions></trkpt>
      <trkpt lat="43.1362389" lon="77.0220169"><ele>2871.5</ele><time>2026-07-15T09:08:58Z</time><extensions><gpxtpx:TrackPointExtension><gpxtpx:hr>120</gpxtpx:hr></gpxtpx:TrackPointExtension></extensions></trkpt>
      <trkpt lat="43.1363225" lon="77.0222469"><ele>2873.3</ele><time>2026-07-15T09:08:59Z</time><extensions><gpxtpx:TrackPointExtension><gpxtpx:hr>120</gpxtpx:hr></gpxtpx:TrackPointExtension></extensions></trkpt>
      <trkpt lat="43.1363543" lon="77.0225000"><ele>2875.0</ele><time>2026-07-15T09:09:00Z</time><extensions><gpxtpx:TrackPointExtension><gpxtpx:hr>120</gpxtpx:hr></gpxtpx:TrackPointExtension></extensions></trkpt>
      <trkpt lat="43.1363315" lon="77.0227530"><ele>2876.8</ele><time>2026-07-15T09:09:01Z</time><extensions><gpxtpx:TrackPointExtension><gpxtpx:hr>120</gpxtpx:hr></gpxtpx:TrackPointExtension></extensions></trkpt>
      <trkpt lat="43.1362569" lon="77.0229830"><ele>2878.5</ele><time>2026-07-15T09:09:02Z</time><extensions><gpxtpx:TrackPointExtension><gpxtpx:hr>120</gpxtpx:hr></gpxtpx:TrackPointExtension></extensions></trkpt>
      <trkpt lat="43.1361382" lon="77.0231690"><ele>2880.3</ele><time>2026-07-15T09:09:03Z</time><extensions><gpxtpx:TrackPointExtension><gpxtpx:hr>120</gpxtpx:hr></gpxtpx:TrackPointExtension></extensions></trkpt>
      <trkpt lat="43.1359874" lon="77.0232947"><ele>2882.0</ele><time>2026-07-15T09:09:04Z</time><extensions><gpxtpx:TrackPointExtension><gpxtpx:hr>120</gpxtpx:hr></gpxtpx:TrackPointExtension></extensions></trkpt>
      <trkpt lat="43.1358198" lon="77.0233493"><ele>2883.8</ele><time>2026-07-15T09:09:05Z</time><extensions><gpxtpx:TrackPointExtension><gpxtpx:hr>120</gpxtpx:hr></gpxtpx:TrackPointExtension></extensions></trkpt>
      <trkpt lat="43.1356522" lon="77.0233291"><ele>2885.5</ele><time>2026-07-15T09:09:06Z</time><extensions><gpxtpx:TrackPointExtension><gpxtpx:hr>120</gpxtpx:hr></gpxtpx:TrackPointExtension></extensions></trkpt>
      <trkpt lat="43.1355014" lon="77.0232380"><ele>2887.3</ele><time>2026-07-15T09:09:07Z</time><extensions><gpxtpx:TrackPointExtension><gpxtpx:hr>120</gpxtpx:hr></gpxtpx:TrackPointExtension></extensions></trkpt>
      <trkpt lat="43.1353827" lon="77.0230864"><ele>2889.0</ele><time>2026-07-15T09:09:08Z</time><extensions><gpxtpx:TrackPointExtension><gpxtpx:hr>120</gpxtpx:hr></gpxtpx:TrackPointExtension></extensions></trkpt>
      <trkpt lat="43.1353081" lon="77.0228909"><ele>2890.8</ele><time>2026-07-15T09:09:09Z</time><extensions><gpxtpx:TrackPointExtension><gpxtpx:hr>120</gpxtpx:hr></gpxtpx:TrackPointExtension></extensions></trkpt>
      <trkpt lat="43.1352853" lon="77.0226723"><ele>2892.5</ele><time>2026-07-15T09:09:10Z</time><extensions><gpxtpx:TrackPointExtension><gpxtpx:hr>120</gpxtpx:hr></gpxtpx:TrackPointExtension></extensions></trkpt>
      <trkpt lat="43.1353171" lon="77.0224537"><ele>2894.3</ele><time>2026-07-15T09:09:11Z</time><extensions><gpxtpx:TrackPointExtension><gpxtpx:hr>120</gpxtpx:hr></gpxtpx:TrackPointExtension></extensions></trkpt>
      <trkpt lat="43.1354007" lon="77.0222582"><ele>2896.0</ele><time>2026-07-15T09:09:12Z</time><extensions><gpxtpx:TrackPointExtension><gpxtpx:hr>120</gpxtpx:hr></gpxtpx:TrackPointExtension></extensions></trkpt>
      <trkpt lat="43.1355284" lon="77.0221066"><ele>2897.8</ele><time>2026-07-15T09:09:13Z</time><extensions><gpxtpx:TrackPointExtension><gpxtpx:hr>120</gpxtpx:hr></gpxtpx:TrackPointExtension></extensions></trkpt>
      <trkpt lat="43.1356881" lon="77.0220154"><ele>2899.5</ele><time>2026-07-15T09:09:14Z</time><extensions><gpxtpx:TrackPointExtension><gpxtpx:hr>120</gpxtpx:hr></gpxtpx:TrackPointExtension></extensions></trkpt>
      <trkpt lat="43.1358647" lon="77.0219953"><ele>2901.3</ele><time>2026-07-15T09:09:15Z</time><extensions><gpxtpx:TrackPointExtension><gpxtpx:hr>120</gpxtpx:hr></gpxtpx:TrackPointExtension></extensions></trkpt>
      <trkpt lat="43.1360413" lon="77.0220499"><ele>2903.0</ele><time>2026-07-15T09:09:16Z</time><extensions><gpxtpx:TrackPointExtension><gpxtpx:hr>120</gpxtpx:hr></gpxtpx:TrackPointExtension></extensions></trkpt>
      <trkpt lat="43.1362011" lon="77.0221755"><ele>2904.8</ele><time>2026-07-15T09:09:17Z</time><extensions><gpxtpx:TrackPointExtension><gpxtpx:hr>120</gpxtpx:hr></gpxtpx:TrackPointExtension></extensions></trkpt>
      <trkpt lat="43.1363288" lon="77.0223616"><ele>2906.5</ele><time>2026-07-15T09:09:18Z</time><extensions><gpxtpx:TrackPointExtension><gpxtpx:hr>120</gpxtpx:hr></gpxtpx:TrackPointExtension></extensions></trkpt>
      <trkpt lat="43.1364124" lon="77.0225916"><ele>2908.3</ele><time>2026-07-15T09:09:19Z</time><extensions><gpxtpx:TrackPointExtension><gpxtpx:hr>120</gpxtpx:hr></gpxtpx:TrackPointExtension></extensions></trkpt>
      <trkpt lat="43.1364441" lon="77.0228446"><ele>2910.0</ele><time>2026-07-15T09:09:20Z</time><extensions><gpxtpx:TrackPointExtension><gpxtpx:hr>120</gpxtpx:hr></gpxtpx:TrackPointExtension></extensions></trkpt>
      <trkpt lat="43.1364214" lon="77.0230977"><ele>2911.8</ele><time>2026-07-15T09:09:21Z</time><extensions><gpxtpx:TrackPointExtension><gpxtpx:hr>120</gpxtpx:hr></gpxtpx:TrackPointExtension></extensions></trkpt>
      <trkpt lat="43.1363467" lon="77.0233276"><ele>2913.5</ele><time>2026-07-15T09:09:22Z</time><extensions><gpxtpx:TrackPointExtension><gpxtpx:hr>120</gpxtpx:hr></gpxtpx:TrackPointExtension></extensions></trkpt>
      <trkpt lat="43.1362280" lon="77.0235137"><ele>2915.3</ele><time>2026-07-15T09:09:23Z</time><extensions><gpxtpx:TrackPointExtension><gpxtpx:hr>120</gpxtpx:hr></gpxtpx:TrackPointExtension></extensions></trkpt>
      <trkpt lat="43.1360772" lon="77.0236393"><ele>2917.0</ele><time>2026-07-15T09:09:24Z</time><extensions><gpxtpx:TrackPointExtension><gpxtpx:hr>120</gpxtpx:hr></gpxtpx:TrackPointExtension></extensions></trkpt>
      <trkpt lat="43.1359096" lon="77.0236939"><ele>2918.8</ele><time>2026-07-15T09:09:25Z</time><extensions><gpxtpx:TrackPointExtension><gpxtpx:hr>120</gpxtpx:hr></gpxtpx:TrackPointExtension></extensions></trkpt>
      <trkpt lat="43.1357420" lon="77.0236738"><ele>2920.5</ele><time>2026-07-15T09:09:26Z</time><extensions><gpxtpx:TrackPointExtension><gpxtpx:hr>120</gpxtpx:hr></gpxtpx:TrackPointExtension></extensions></trkpt>
      <trkpt lat="43.1355912" lon="77.0235826"><ele>2922.3</ele><time>2026-07-15T09:09:27Z</time><extensions><gpxtpx:TrackPointExtension><gpxtpx:hr>120</gpxtpx:hr></gpxtpx:TrackPointExtension></extensions></trkpt>
      <trkpt lat="43.1354725" lon="77.0234310"><ele>2924.0</ele><time>2026-07-15T09:09:28Z</time><extensions><gpxtpx:TrackPointExtension><gpxtpx:hr>120</gpxtpx:hr></gpxtpx:TrackPointExtension></extensions></trkpt>
      <trkpt lat="43.1353979" lon="77.0232355"><ele>2925.8</ele><time>2026-07-15T09:09:29Z</time><extensions><gpxtpx:TrackPointExtension><gpxtpx:hr>120</gpxtpx:hr></gpxtpx:TrackPointExtension></extensions></trkpt>
      <trkpt lat="43.1353751" lon="77.0230169"><ele>2927.5</ele><time>2026-07-15T09:09:30Z</time><extensions><gpxtpx:TrackPointExtension><gpxtpx:hr>120</gpxtpx:hr></gpxtpx:TrackPointExtension></extensions></trkpt>
      <trkpt lat="43.1354069" lon="77.0227983"><ele>2929.3</ele><time>2026-07-15T09:09:31Z</time><extensions><gpxtpx:TrackPointExtension><gpxtpx:hr>120</gpxtpx:hr></gpxtpx:TrackPointExtension></extensions></trkpt>
      <trkpt lat="43.1354905" lon="77.0226028"><ele>2931.0</ele><time>2026-07-15T09:09:32Z</time><extensions><gpxtpx:TrackPointExtension><gpxtpx:hr>120</gpxtpx:hr></gpxtpx:TrackPointExtension></extensions></trkpt>
      <trkpt lat="43.1356182" lon="77.0224512"><ele>2932.8</ele><time>2026-07-15T09:09:33Z</time><extensions><gpxtpx:TrackPointExtension><gpxtpx:hr>120</gpxtpx:hr></gpxtpx:TrackPointExtension></extensions></trkpt>
      <trkpt lat="43.1357779" lon="77.0223601"><ele>2934.5</ele><time>2026-07-15T09:09:34Z</time><extensions><gpxtpx:TrackPointExtension><gpxtpx:hr>120</gpxtpx:hr></gpxtpx:TrackPointExtension></extensions></trkpt>
      <trkpt lat="43.1359545" lon="77.0223400"><ele>2936.3</ele><time>2026-07-15T09:09:35Z</time><extensions><gpxtpx:TrackPointExtension><gpxtpx:hr>120</gpxtpx:hr></gpxtpx:TrackPointExtension></extensions></trkpt>
      <trkpt lat="43.1361311" lon="77.0223945"><ele>2938.0</ele><time>2026-07-15T09:09:36Z</time><extensions><gpxtpx:TrackPointExtension><gpxtpx:hr>120</gpxtpx:hr></gpxtpx:TrackPointExtension></extensions></trkpt>
      <trkpt lat="43.1362909" lon="77.0225202"><ele>2939.8</ele><time>2026-07-15T09:09:37Z</time><extensions><gpxtpx:TrackPointExtension><gpxtpx:hr>120</gpxtpx:hr></gpxtpx:TrackPointExtension></extensions></trkpt>
      <trkpt lat="43.1364186" lon="77.0227062"><ele>2941.5</ele><time>2026-07-15T09:09:38Z</time><extensions><gpxtpx:TrackPointExtension><gpxtpx:hr>120</gpxtpx:hr></gpxtpx:TrackPointExtension></extensions></trkpt>
      <trkpt lat="43.1365022" lon="77.0229362"><ele>2943.3</ele><time>2026-07-15T09:09:39Z</time><extensions><gpxtpx:TrackPointExtension><gpxtpx:hr>120</gpxtpx:hr></gpxtpx:TrackPointExtension></extensions></trkpt>
      <trkpt lat="43.1365340" lon="77.0231892"><ele>2945.0</ele><time>2026-07-15T09:09:40Z</time><extensions><gpxtpx:TrackPointExtension><gpxtpx:hr>120</gpxtpx:hr></gpxtpx:TrackPointExtension></extensions></trkpt>
      <trkpt lat="43.1365112" lon="77.0234423"><ele>2946.8</ele><time>2026-07-15T09:09:41Z</time><extensions><gpxtpx:TrackPointExtension><gpxtpx:hr>120</gpxtpx:hr></gpxtpx:TrackPointExtension></extensions></trkpt>
      <trkpt lat="43.1364366" lon="77.0236723"><ele>2948.5</ele><time>2026-07-15T09:09:42Z</time><extensions><gpxtpx:TrackPointExtension><gpxtpx:hr>120</gpxtpx:hr></gpxtpx:TrackPointExtension></extensions></trkpt>
      <trkpt lat="43.1363178" lon="77.0238583"><ele>2950.3</ele><time>2026-07-15T09:09:43Z</time><extensions><gpxtpx:TrackPointExtension><gpxtpx:hr>120</gpxtpx:hr></gpxtpx:TrackPointExtension></extensions></trkpt>
      <trkpt lat="43.1361671" lon="77.0239840"><ele>2952.0</ele><time>2026-07-15T09:09:44Z</time><extensions><gpxtpx:TrackPointExtension><gpxtpx:hr>120</gpxtpx:hr></gpxtpx:TrackPointExtension></extensions></trkpt>
      <trkpt lat="43.1359995" lon="77.0240385"><ele>2953.8</ele><time>2026-07-15T09:09:45Z</time><extensions><gpxtpx:TrackPointExtension><gpxtpx:hr>120</gpxtpx:hr></gpxtpx:TrackPointExtension></extensions></trkpt>
      <trkpt lat="43.1358318" lon="77.0240184"><ele>2955.5</ele><time>2026-07-15T09:09:46Z</time><extensions><gpxtpx:TrackPointExtension><gpxtpx:hr>120</gpxtpx:hr></gpxtpx:TrackPointExtension></extensions></trkpt>
      <trkpt lat="43.1356811" lon="77.0239273"><ele>2957.3</ele><time>2026-07-15T09:09:47Z</time><extensions><gpxtpx:TrackPointExtension><gpxtpx:hr>120</gpxtpx:hr></gpxtpx:TrackPointExtension></extensions></trkpt>
      <trkpt lat="43.1355624" lon="77.0237757"><ele>2959.0</ele><time>2026-07-15T09:09:48Z</time><extensions><gpxtpx:TrackPointExtension><gpxtpx:hr>120</gpxtpx:hr></gpxtpx:TrackPointExtension></extensions></trkpt>
      <trkpt lat="43.1354877" lon="77.0235802"><ele>2960.8</ele><time>2026-07-15T09:09:49Z</time><extensions><gpxtpx:TrackPointExtension><gpxtpx:hr>120</gpxtpx:hr></gpxtpx:TrackPointExtension></extensions></trkpt>
      <trkpt lat="43.1354650" lon="77.0233616"><ele>2962.5</ele><time>2026-07-15T09:09:50Z</time><extensions><gpxtpx:TrackPointExtension><gpxtpx:hr>120</gpxtpx:hr></gpxtpx:TrackPointExtension></extensions></trkpt>
      <trkpt lat="43.1354967" lon="77.0231430"><ele>2964.3</ele><time>2026-07-15T09:09:51Z</time><extensions><gpxtpx:TrackPointExtension><gpxtpx:hr>120</gpxtpx:hr></gpxtpx:TrackPointExtension></extensions></trkpt>
      <trkpt lat="43.1355803" lon="77.0229475"><ele>2966.0</ele><time>2026-07-15T09:09:52Z</time><extensions><gpxtpx:TrackPointExtension><gpxtpx:hr>120</gpxtpx:hr></gpxtpx:TrackPointExtension></extensions></trkpt>
      <trkpt lat="43.1357080" lon="77.0227959"><ele>2967.8</ele><time>2026-07-15T09:09:53Z</time><extensions><gpxtpx:TrackPointExtension><gpxtpx:hr>120</gpxtpx:hr></gpxtpx:TrackPointExtension></extensions></trkpt>
      <trkpt lat="43.1358678" lon="77.0227047"><ele>2969.5</ele><time>2026-07-15T09:09:54Z</time><extensions><gpxtpx:TrackPointExtension><gpxtpx:hr>120</gpxtpx:hr></gpxtpx:TrackPointExtension></extensions></trkpt>
      <trkpt lat="43.1360444" lon="77.0226846"><ele>2971.3</ele><time>2026-07-15T09:09:55Z</time><extensions><gpxtpx:TrackPointExtension><gpxtpx:hr>120</gpxtpx:hr></gpxtpx:TrackPointExtension></extensions></trkpt>
      <trkpt lat="43.1362210" lon="77.0227392"><ele>2973.0</ele><time>2026-07-15T09:09:56Z</time><extensions><gpxtpx:TrackPointExtension><gpxtpx:hr>120</gpxtpx:hr></gpxtpx:TrackPointExtension></extensions></trkpt>
      <trkpt lat="43.1363807" lon="77.0228648"><ele>2974.8</ele><time>2026-07-15T09:09:57Z</time><extensions><gpxtpx:TrackPointExtension><gpxtpx:hr>120</gpxtpx:hr></gpxtpx:TrackPointExtension></extensions></trkpt>
      <trkpt lat="43.1365084" lon="77.0230509"><ele>2976.5</ele><time>2026-07-15T09:09:58Z</time><extensions><gpxtpx:TrackPointExtension><gpxtpx:hr>120</gpxtpx:hr></gpxtpx:TrackPointExtension></extensions></trkpt>
      <trkpt lat="43.1365920" lon="77.0232808"><ele>2978.3</ele><time>2026-07-15T09:09:59Z</time><extensions><gpxtpx:TrackPointExtension><gpxtpx:hr>120</gpxtpx:hr></gpxtpx:TrackPointExtension></extensions></trkpt>
    </trkseg>
  </trk>
</gpx>
