AXCT000
HFFTYFRTYPE:OnePlus BE2013 11
HFRFWFIRMWAREVERSION:0.9.10.3
HOCCLCOMPETITION CLASS:FAI-3
HODTM100GPSDATUM:WGS-84
HFALPALTPRESSURE:ISA
HFALG:GEO
HFDTEDATE:230723,01
I023636LAD3737LOD
B0633164307647N07627891EA000000193504
B0633174307647N07627891EA000000193555
B0633184307647N07627891EA000000193554
B0633194307647N07627891EA000000193453
B0633204307647N07627891EA000000193453
B0633214307647N07627891EA000000193460
B0633224307647N07627891EA000000193450
B0633234307647N07627891EA000000193450
B0633244307647N07627891EA000000193450
B0633254307647N07627891EA000000193450
B0633264307647N07627891EA000000193450
B0633274307647N07627891EA000000193472
B0633284307647N07627891EA000000193477
B0633294307647N07627891EA000000193477
B0633304307647N07627891EA000000193467
B0633314307647N07627890EA000000193448
B0633324307646N07627889EA000000193596
B0633334307647N07627889EA000000193602
B0633344307647N07627889EA000000193737
B0633354307647N07627893EA000000193670
B0633364307647N07627896EA000000193851
B0633374307647N07627897EA000000194154
B0633384307648N07627897EA000000194275
B0633394307650N07627896EA000000194274
B0633404307653N07627895EA000000194235
B0633414307655N07627895EA000000194291
B0633424307658N07627894EA000000194390
B0633434307663N07627891EA000000194221
B0633444307666N07627888EA000000194530
B0633454307668N07627884EA000000194601
B0633464307669N07627880EA000000194786
B0633474307671N07627878EA000000194696
B0633484307674N07627876EA000000194466
B0633494307677N07627875EA000000194261
B0633504307680N07627874EA000000194064
B0633514307683N07627873EA000000194124
B0633524307685N07627872EA000000194165
B0633534307687N07627871EA000000194149
B0633544307690N07627870EA000000193947
B0633554307693N07627869EA000000193784
B0633564307697N07627867EA000000193665
B0633574307700N07627866EA000000193593
B0633584307704N07627865EA000000193547
B0633594307708N07627864EA000000193463
B0634004307712N07627862EA000000193399
B0634014307716N07627861EA000000193386
B0634024307720N07627860EA000000193196
B0634034307724N07627859EA000000193088
B0634044307728N07627858EA000000192978
B0634054307731N07627859EA000000192945
B0634064307734N07627859EA000000192786
B0634074307737N07627860EA000000192892
B0634084307741N07627859EA000000192965
B0634094307745N07627857EA000000192929
B0634104307749N07627855EA000000192830
B0634114307753N07627852EA000000192804
B0634124307756N07627850EA000000192833
B0634134307759N07627848EA000000192715
B0634144307762N07627846EA000000192615
B0634154307766N07627844EA000000192634
B0634164307770N07627840EA000000192678
B0634174307773N07627837EA000000192782
B0634184307776N07627833EA000000193021
B0634194307778N07627828EA000000193315
B0634204307781N07627824EA000000193447
B0634214307785N07627821EA000000193658
B0634224307790N07627820EA000000193504
B0634234307795N07627819EA000000193612
B0634244307798N07627817EA000000193739
B0634254307801N07627815EA000000193929
B0634264307804N07627815EA000000194294
B0634274307808N07627815EA000000194491
B0634284307812N07627816EA000000194545
B0634294307816N07627818EA000000194517
B0634304307819N07627821EA000000194624
B0634314307821N07627822EA000000194692
B0634324307825N07627821EA000000194493
B0634334307829N07627815EA000000194473
B0634344307832N07627809EA000000194388
B0634354307835N07627806EA000000193953
B0634364307838N07627804EA000000193842
B0634374307841N07627801EA000000193452
B0634384307846N07627797EA000000193100
B0634394307850N07627792EA000000192965
B0634404307854N07627788EA000000192776
B0634414307858N07627785EA000000192825
B0634424307861N07627782EA000000192782
B0634434307865N07627778EA000000192749
B0634444307867N07627775EA000000192685
B0634454307872N07627773EA000000192290
B0634464307877N07627771EA000000192075
B0634474307880N07627775EA000000191931
B0634484307883N07627779EA000000191616
B0634494307884N07627783EA000000191754
B0634504307887N07627785EA000000191550
B0634514307892N07627784EA000000191437
B0634524307896N07627781EA000000191360
B0634534307899N07627776EA000000191397
B0634544307902N07627775EA000000191172
B0634554307904N07627774EA000000191193
B0634564307908N07627771EA000000191059
B0634574307912N07627767EA000000190841
B0634584307916N07627762EA000000190600
B0634594307919N07627757EA000000190630
B0635004307922N07627753EA000000190702
B0635014307925N07627749EA000000190747
B0635024307929N07627746EA000000190655
B0635034307934N07627742EA000000190458
B0635044307937N07627739EA000000190285
B0635054307940N07627736EA000000190192
B0635064307942N07627732EA000000190188
B0635074307945N07627729EA000000189950
B0635084307948N07627725EA000000189848
B0635094307952N07627721EA000000189715
B0635104307955N07627719EA000000189400
B0635114307957N07627717EA000000189480
B0635124307960N07627715EA000000189438
B0635134307963N07627714EA000000189400
B0635144307966N07627711EA000000189248
B0635154307968N07627707EA000000189175
B0635164307972N07627703EA000000188815
B0635174307974N07627699EA000000188698
B0635184307976N07627696EA000000188541
B0635194307978N07627691EA000000188215
B0635204307981N07627687EA000000187761
B0635214307985N07627682EA000000187549
B0635224307989N07627678EA000000187319
B0635234307992N07627676EA000000187243
B0635244307995N07627673EA000000187138
B0635254307998N07627671EA000000186956
B0635264308002N07627670EA000000186705
B0635274308004N07627668EA000000186585
B0635284308007N07627666EA000000186262
B0635294308011N07627663EA000000186027
B0635304308014N07627660EA000000186091
B0635314308018N07627655EA000000185898
B0635324308022N07627651EA000000185740
B0635334308025N07627646EA000000185750
B0635344308028N07627641EA000000185860
B0635354308031N07627635EA000000185878
B0635364308034N07627631EA000000185773
B0635374308037N07627626EA000000185712
B0635384308040N07627621EA000000185458
B0635394308044N07627617EA000000185343
B0635404308047N07627612EA000000185283
B0635414308050N07627607EA000000185223
B0635424308053N07627602EA000000185128
B0635434308055N07627599EA000000185179
B0635444308058N07627597EA000000185069
B0635454308062N07627596EA000000184870
B0635464308066N07627591EA000000184668
B0635474308071N07627589EA000000184225
B0635484308073N07627588EA000000184192
B0635494308076N07627587EA000000184060
B0635504308079N07627586EA000000184036
B0635514308081N07627585EA000000183868
B0635524308084N07627583EA000000183489
B0635534308088N07627582EA000000183070
B0635544308091N07627580EA000000182882
B0635554308094N07627578EA000000182733
B0635564308096N07627576EA000000182763
B0635574308098N07627574EA000000182645
B0635584308100N07627573EA000000182155
B0635594308103N07627572EA000000181784
B0636004308106N07627571EA000000181688
B0636014308107N07627570EA000000181597
B0636024308110N07627569EA000000180930
B0636034308112N07627567EA000000180902
B0636044308114N07627565EA000000180993
B0636054308117N07627562EA000000180805
B0636064308119N07627559EA000000180686
B0636074308123N07627557EA000000180442
B0636084308127N07627555EA000000180317
B0636094308130N07627552EA000000180388
B0636104308134N07627550EA000000180404
B0636114308137N07627548EA000000180404
B0636124308140N07627545EA000000180507
B0636134308142N07627544EA000000180584
B0636144308146N07627543EA000000180521
B0636154308149N07627541EA000000180494
B0636164308153N07627540EA000000180422
B0636174308156N07627540EA000000180432
B0636184308159N07627540EA000000180424
B0636194308160N07627541EA000000180476
B0636204308163N07627542EA000000179942
B0636214308166N07627542EA000000179362
B0636224308170N07627541EA000000179065
B0636234308174N07627539EA000000179086
B0636244308178N07627538EA000000178983
B0636254308182N07627538EA000000178940
B0636264308186N07627538EA000000178715
B0636274308189N07627538EA000000178694
B0636284308193N07627536EA000000178505
B0636294308195N07627535EA000000178078
B0636304308199N07627534EA000000177544
B0636314308203N07627533EA000000177435
B0636324308207N07627532EA000000177202
B0636334308210N07627531EA000000177034
B0636344308213N07627531EA000000176960
B0636354308217N07627531EA000000176842
B0636364308221N07627530EA000000176605
B0636374308223N07627529EA000000176545
B0636384308225N07627528EA000000176047
B0636394308227N07627527EA000000175731
B0636404308229N07627524EA000000175414
B0636414308232N07627521EA000000175037
B0636424308235N07627519EA000000174663
B0636434308238N07627517EA000000174166
B0636444308241N07627515EA000000173765
B0636454308244N07627511EA000000173489
B0636464308247N07627506EA000000173252
B0636474308250N07627501EA000000172752
B0636484308254N07627496EA000000172532
B0636494308257N07627491EA000000172480
B0636504308260N07627485EA000000172378
B0636514308263N07627480EA000000172384
B0636524308266N07627475EA000000172322
B0636534308268N07627470EA000000172391
B0636544308271N07627464EA000000172199
B0636554308276N07627460EA000000172066
B0636564308281N07627457EA000000171923
B0636574308285N07627453EA000000171769
B0636584308286N07627449EA000000171699
B0636594308290N07627444EA000000171156
B0637004308295N07627438EA000000170905
B0637014308300N07627432EA000000170629
B0637024308303N07627427EA000000170623
B0637034308306N07627421EA000000170180
B0637044308310N07627414EA000000170028
B0637054308312N07627408EA000000170275
B0637064308315N07627403EA000000170092
B0637074308319N07627398EA000000170002
B0637084308322N07627392EA000000170004
B0637094308325N07627385EA000000169999
B0637104308329N07627378EA000000169897
B0637114308333N07627371EA000000170116
B0637124308335N07627365EA000000170360
B0637134308338N07627359EA000000170602
B0637144308341N07627354EA000000170813
B0637154308344N07627351EA000000170931
B0637164308346N07627350EA000000170835
B0637174308347N07627353EA000000170666
B0637184308347N07627360EA000000170453
B0637194308347N07627365EA000000170335
B0637204308347N07627369EA000000170389
B0637214308349N07627371EA000000170535
B0637224308352N07627372EA000000170540
B0637234308356N07627371EA000000170635
B0637244308360N07627369EA000000170668
B0637254308365N07627367EA000000170424
B0637264308369N07627362EA000000170494
B0637274308373N07627355EA000000170548
B0637284308375N07627349EA000000170923
B0637294308375N07627341EA000000171279
B0637304308374N07627332EA000000171486
B0637314308372N07627322EA000000171458
B0637324308368N07627312EA000000171398
B0637334308362N07627305EA000000171454
B0637344308354N07627303EA000000171451
B0637354308346N07627307EA000000171490
B0637364308341N07627312EA000000171127
B0637374308338N07627316EA000000171299
B0637384308338N07627321EA000000171481
B0637394308341N07627323EA000000171339
B0637404308344N07627325EA000000171391
B0637414308349N07627324EA000000171265
B0637424308353N07627324EA000000171046
B0637434308356N07627324EA000000171174
B0637444308359N07627324EA000000171134
B0637454308361N07627324EA000000171077
B0637464308365N07627324EA000000170908
B0637474308368N07627325EA000000170848
B0637484308370N07627328EA000000170886
B0637494308372N07627334EA000000170651
B0637504308373N07627338EA000000170536
B0637514308374N07627342EA000000170562
B0637524308376N07627344EA000000170624
B0637534308379N07627344EA000000170609
B0637544308382N07627344EA000000170665
B0637554308386N07627344EA000000170446
B0637564308389N07627346EA000000170450
B0637574308391N07627348EA000000170417
B0637584308391N07627352EA000000170469
B0637594308391N07627356EA000000170296
B0638004308393N07627360EA000000170243
B0638014308396N07627361EA000000170347
B0638024308400N07627359EA000000170363
B0638034308404N07627356EA000000170257
B0638044308408N07627353EA000000170225
B0638054308411N07627351EA000000170371
B0638064308415N07627349EA000000170303
B0638074308418N07627347EA000000170145
B0638084308422N07627345EA000000169918
B0638094308426N07627341EA000000169878
B0638104308431N07627337EA000000169534
B0638114308435N07627333EA000000169521
B0638124308438N07627329EA000000169642
B0638134308441N07627325EA000000169704
B0638144308444N07627321EA000000169570
B0638154308448N07627316EA000000169591
B0638164308453N07627310EA000000169523
B0638174308456N07627305EA000000169364
B0638184308460N07627300EA000000169339
B0638194308463N07627296EA000000169297
B0638204308467N07627292EA000000169257
B0638214308471N07627287EA000000169049
B0638224308474N07627282EA000000168996
B0638234308478N07627276EA000000168909
B0638244308480N07627271EA000000168787
B0638254308483N07627266EA000000168779
B0638264308486N07627262EA000000168664
B0638274308489N07627257EA000000168449
B0638284308492N07627253EA000000168151
B0638294308495N07627247EA000000168067
B0638304308498N07627242EA000000167913
B0638314308500N07627237EA000000167891
B0638324308504N07627231EA000000167807
B0638334308506N07627226EA000000167763
B0638344308509N07627220EA000000167586
B0638354308512N07627215EA000000167552
B0638364308514N07627211EA000000167520
B0638374308515N07627207EA000000167570
B0638384308517N07627203EA000000167442
B0638394308520N07627199EA000000167223
B0638404308523N07627194EA000000166931
B0638414308526N07627189EA000000166691
B0638424308529N07627184EA000000166679
B0638434308532N07627180EA000000166527
B0638444308534N07627177EA000000166530
B0638454308536N07627172EA000000166268
B0638464308539N07627167EA000000165957
B0638474308542N07627162EA000000165585
B0638484308545N07627157EA000000165294
B0638494308548N07627153EA000000165162
B0638504308551N07627148EA000000164919
B0638514308553N07627144EA000000164889
B0638524308556N07627140EA000000164627
B0638534308558N07627134EA000000164378
B0638544308561N07627129EA000000163973
B0638554308564N07627124EA000000163790
B0638564308568N07627119EA000000163601
B0638574308570N07627114EA000000163576
B0638584308573N07627110EA000000163321
B0638594308576N07627105EA000000163034
B0639004308579N07627100EA000000162777
B0639014308583N07627095EA000000162415
B0639024308586N07627090EA000000162241
B0639034308589N07627085EA000000162115
B0639044308591N07627080EA000000161968
B0639054308594N07627076EA000000161833
B0639064308597N07627071EA000000161554
B0639074308601N07627066EA000000161006
B0639084308604N07627061EA000000160672
B0639094308608N07627055EA000000160226
B0639104308611N07627050EA000000160064
B0639114308614N07627045EA000000159893
B0639124308618N07627040EA000000159628
B0639134308620N07627037EA000000159360
B0639144308624N07627032EA000000158461
B0639154308628N07627027EA000000158193
B0639164308633N07627022EA000000157905
B0639174308637N07627017EA000000157721
B0639184308640N07627012EA000000157681
B0639194308644N07627006EA000000157369
B0639204308648N07627001EA000000157295
B0639214308653N07626996EA000000157001
B0639224308657N07626991EA000000156800
B0639234308660N07626986EA000000156776
B0639244308664N07626982EA000000156681
B0639254308669N07626978EA000000156410
B0639264308673N07626973EA000000156340
B0639274308677N07626968EA000000155992
B0639284308682N07626962EA000000155815
B0639294308685N07626957EA000000155861
B0639304308688N07626952EA000000155771
B0639314308692N07626947EA000000155620
B0639324308696N07626942EA000000155619
B0639334308699N07626939EA000000155442
B0639344308701N07626936EA000000155520
B0639354308703N07626931EA000000155295
B0639364308706N07626926EA000000155369
B0639374308709N07626923EA000000155211
B0639384308711N07626919EA000000155137
B0639394308714N07626915EA000000154784
B0639404308717N07626911EA000000154641
B0639414308720N07626905EA000000154469
B0639424308723N07626901EA000000154461
B0639434308727N07626896EA000000154301
B0639444308730N07626892EA000000154247
B0639454308734N07626889EA000000154114
B0639464308737N07626885EA000000154184
B0639474308741N07626880EA000000154128
B0639484308743N07626875EA000000154299
B0639494308746N07626871EA000000154560
B0639504308749N07626866EA000000154686
B0639514308753N07626863EA000000154538
B0639524308756N07626861EA000000154664
B0639534308759N07626858EA000000154695
B0639544308763N07626855EA000000154447
B0639554308766N07626852EA000000154587
B0639564308769N07626849EA000000154691
B0639574308771N07626845EA000000154589
B0639584308774N07626841EA000000154394
B0639594308778N07626837EA000000154265
B0640004308782N07626834EA000000154170
B0640014308786N07626831EA000000154146
B0640024308789N07626828EA000000154193
B0640034308793N07626825EA000000153871
B0640044308798N07626821EA000000153504
B0640054308803N07626818EA000000153217
B0640064308808N07626816EA000000153024
B0640074308812N07626814EA000000153046
B0640084308815N07626812EA000000153064
B0640094308819N07626809EA000000152905
B0640104308822N07626805EA000000152817
B0640114308825N07626801EA000000152592
B0640124308830N07626796EA000000152317
B0640134308834N07626792EA000000152215
B0640144308838N07626788EA000000152220
B0640154308841N07626783EA000000152139
B0640164308844N07626779EA000000151949
B0640174308847N07626775EA000000151860
B0640184308850N07626770EA000000151856
B0640194308853N07626766EA000000151715
B0640204308856N07626762EA000000151631
B0640214308858N07626759EA000000151541
B0640224308862N07626755EA000000151035
B0640234308866N07626752EA000000150851
B0640244308870N07626747EA000000150739
B0640254308873N07626743EA000000150668
B0640264308877N07626740EA000000150420
B0640274308881N07626736EA000000150344
B0640284308886N07626732EA000000150126
B0640294308890N07626728EA000000150057
B0640304308894N07626724EA000000149941
B0640314308897N07626719EA000000149871
B0640324308900N07626713EA000000149765
B0640334308903N07626707EA000000149668
B0640344308906N07626702EA000000149484
B0640354308910N07626696EA000000149239
B0640364308914N07626691EA000000149012
B0640374308917N07626685EA000000148983
B0640384308921N07626679EA000000148826
B0640394308924N07626675EA000000148722
B0640404308927N07626671EA000000148719
B0640414308930N07626668EA000000148608
B0640424308932N07626666EA000000148524
B0640434308935N07626662EA000000148058
B0640444308940N07626658EA000000147602
B0640454308943N07626653EA000000147589
B0640464308947N07626650EA000000147510
B0640474308950N07626645EA000000147563
B0640484308954N07626642EA000000147412
B0640494308957N07626640EA000000147430
B0640504308961N07626637EA000000147156
B0640514308965N07626635EA000000147001
B0640524308968N07626632EA000000146781
B0640534308971N07626628EA000000146838
B0640544308974N07626625EA000000146722
B0640554308976N07626621EA000000146789
B0640564308980N07626618EA000000146402
B0640574308984N07626613EA000000146046
B0640584308988N07626608EA000000145962
B0640594308992N07626602EA000000145947
B0641004308995N07626597EA000000145941
B0641014308999N07626591EA000000145725
B0641024309003N07626587EA000000145741
B0641034309007N07626583EA000000145651
B0641044309011N07626579EA000000145566
B0641054309015N07626577EA000000145521
B0641064309018N07626574EA000000145458
B0641074309020N07626572EA000000145347
B0641084309023N07626570EA000000144992
B0641094309028N07626567EA000000144416
B0641104309033N07626563EA000000144109
B0641114309037N07626559EA000000144036
B0641124309040N07626554EA000000144082
B0641134309043N07626550EA000000144047
B0641144309046N07626548EA000000143961
B0641154309050N07626546EA000000143722
B0641164309054N07626544EA000000143177
B0641174309059N07626542EA000000142852
B0641184309063N07626539EA000000142486
B0641194309067N07626536EA000000142334
B0641204309070N07626533EA000000142463
B0641214309073N07626530EA000000142420
B0641224309076N07626526EA000000142258
B0641234309078N07626523EA000000142197
B0641244309082N07626519EA000000141759
B0641254309086N07626515EA000000141376
B0641264309090N07626511EA000000141372
B0641274309094N07626507EA000000141274
B0641284309098N07626503EA000000141232
B0641294309101N07626498EA000000141014
B0641304309104N07626492EA000000140677
B0641314309109N07626486EA000000140243
B0641324309114N07626480EA000000140227
B0641334309118N07626476EA000000140392
B0641344309122N07626472EA000000140493
B0641354309125N07626469EA000000140282
B0641364309129N07626465EA000000140123
B0641374309133N07626461EA000000139642
B0641384309138N07626456EA000000139367
B0641394309143N07626452EA000000139255
B0641404309148N07626448EA000000139157
B0641414309152N07626445EA000000139216
B0641424309155N07626441EA000000139217
B0641434309157N07626437EA000000139294
B0641444309161N07626432EA000000139158
B0641454309165N07626428EA000000139216
B0641464309168N07626424EA000000139463
B0641474309171N07626419EA000000139665
B0641484309174N07626413EA000000139813
B0641494309174N07626404EA000000139998
B0641504309172N07626394EA000000140087
B0641514309167N07626385EA000000140090
B0641524309160N07626380EA000000140058
B0641534309154N07626378EA000000139914
B0641544309148N07626378EA000000139878
B0641554309152N07626391EA000000139724
B0641564309154N07626395EA000000139630
B0641574309157N07626396EA000000139860
B0641584309159N07626395EA000000140188
B0641594309161N07626394EA000000140593
B0642004309164N07626392EA000000140754
B0642014309167N07626387EA000000140871
B0642024309170N07626379EA000000140880
B0642034309171N07626368EA000000140952
B0642044309168N07626357EA000000141074
B0642054309162N07626349EA000000141060
B0642064309154N07626345EA000000141084
B0642074309148N07626346EA000000140906
B0642084309143N07626350EA000000141118
B0642094309141N07626355EA000000141324
B0642104309140N07626359EA000000141576
B0642114309141N07626362EA000000141874
B0642124309143N07626363EA000000142062
B0642134309146N07626362EA000000142177
B0642144309149N07626361EA000000142253
B0642154309153N07626351EA000000142319
B0642164309153N07626339EA000000142518
B0642174309149N07626329EA000000142637
B0642184309141N07626324EA000000142651
B0642194309134N07626324EA000000142622
B0642204309129N07626330EA000000142531
B0642214309129N07626336EA000000142519
B0642224309133N07626339EA000000142714
B0642234309137N07626337EA000000142885
B0642244309142N07626332EA000000143115
B0642254309145N07626328EA000000143541
B0642264309148N07626323EA000000143837
B0642274309150N07626317EA000000144092
B0642284309153N07626307EA000000144055
B0642294309151N07626294EA000000144079
B0642304309144N07626285EA000000143972
B0642314309140N07626276EA000000143951
B0642324309133N07626282EA000000143811
B0642334309127N07626283EA000000143437
B0642344309123N07626289EA000000143401
B0642354309128N07626289EA000000143306
B0642364309129N07626291EA000000143380
B0642374309131N07626291EA000000143637
B0642384309134N07626290EA000000143718
B0642394309138N07626289EA000000143836
B0642404309142N07626285EA000000143941
B0642414309145N07626277EA000000144078
B0642424309147N07626270EA000000144243
B0642434309148N07626263EA000000144700
B0642444309147N07626255EA000000145071
B0642454309145N07626245EA000000145395
B0642464309143N07626236EA000000145311
B0642474309137N07626228EA000000145450
B0642484309129N07626225EA000000145581
B0642494309122N07626222EA000000145476
B0642504309119N07626231EA000000145413
B0642514309117N07626236EA000000145497
B0642524309120N07626240EA000000145418
B0642534309123N07626240EA000000145539
B0642544309127N07626237EA000000145728
B0642554309130N07626233EA000000145959
B0642564309133N07626228EA000000146195
B0642574309137N07626223EA000000146321
B0642584309140N07626218EA000000146604
B0642594309141N07626213EA000000146990
B0643004309143N07626206EA000000147004
B0643014309142N07626196EA000000147219
B0643024309138N07626186EA000000147140
B0643034309132N07626177EA000000147131
B0643044309124N07626172EA000000147199
B0643054309117N07626173EA000000147196
B0643064309113N07626178EA000000146913
B0643074309111N07626183EA000000146852
B0643084309112N07626187EA000000146974
B0643094309115N07626188EA000000146922
B0643104309117N07626187EA000000147289
B0643114309119N07626186EA000000147470
B0643124309121N07626184EA000000147652
B0643134309123N07626182EA000000147679
B0643144309126N07626181EA000000147590
B0643154309130N07626178EA000000147546
B0643164309132N07626176EA000000147797
B0643174309135N07626175EA000000147954
B0643184309138N07626173EA000000148176
B0643194309141N07626172EA000000148212
B0643204309144N07626170EA000000148403
B0643214309146N07626168EA000000148626
B0643224309148N07626164EA000000148827
B0643234309149N07626158EA000000149171
B0643244309149N07626148EA000000149349
B0643254309145N07626138EA000000149514
B0643264309139N07626130EA000000149883
B0643274309133N07626124EA000000150047
B0643284309126N07626120EA000000150358
B0643294309119N07626119EA000000150674
B0643304309113N07626120EA000000150838
B0643314309108N07626124EA000000150924
B0643324309106N07626128EA000000151036
B0643334309108N07626130EA000000151127
B0643344309111N07626130EA000000151058
B0643354309115N07626125EA000000151128
B0643364309117N07626116EA000000151063
B0643374309118N07626108EA000000150904
B0643384309113N07626096EA000000150931
B0643394309106N07626090EA000000151025
B0643404309096N07626091EA000000151060
B0643414309089N07626092EA000000151356
B0643424309084N07626095EA000000151653
B0643434309080N07626099EA000000151752
B0643444309078N07626105EA000000151760
B0643454309080N07626109EA000000151720
B0643464309083N07626108EA000000151785
B0643474309085N07626106EA000000152161
B0643484309087N07626101EA000000152802
B0643494309087N07626098EA000000153221
B0643504309087N07626095EA000000153578
B0643514309089N07626090EA000000153673
B0643524309092N07626083EA000000153657
B0643534309094N07626075EA000000153768
B0643544309095N07626069EA000000154151
B0643554309094N07626062EA000000154692
B0643564309092N07626054EA000000155295
B0643574309088N07626047EA000000155480
B0643584309082N07626039EA000000155486
B0643594309075N07626035EA000000155594
B0644004309068N07626035EA000000155669
B0644014309063N07626040EA000000155520
B0644024309060N07626045EA000000155559
B0644034309061N07626050EA000000155534
B0644044309062N07626050EA000000155737
B0644054309064N07626048EA000000156022
B0644064309065N07626044EA000000156446
B0644074309067N07626038EA000000156609
B0644084309067N07626031EA000000156894
B0644094309067N07626021EA000000156948
B0644104309064N07626011EA000000157092
B0644114309059N07626002EA000000157210
B0644124309051N07625996EA000000157241
B0644134309042N07625996EA000000157475
B0644144309036N07625998EA000000157525
B0644154309031N07626002EA000000157743
B0644164309028N07626006EA000000158044
B0644174309025N07626009EA000000158183
B0644184309023N07626012EA000000158373
B0644194309023N07626016EA000000158423
B0644204309025N07626019EA000000158345
B0644214309029N07626020EA000000158381
B0644224309033N07626014EA000000158666
B0644234309035N07626005EA000000158778
B0644244309034N07625995EA000000158886
B0644254309031N07625987EA000000159291
B0644264309027N07625979EA000000159679
B0644274309022N07625973EA000000159844
B0644284309015N07625967EA000000159957
B0644294309007N07625965EA000000160010
B0644304308999N07625967EA000000160042
B0644314308994N07625971EA000000160174
B0644324308992N07625976EA000000160355
B0644334308992N07625981EA000000160430
B0644344308991N07625983EA000000160787
B0644354308992N07625986EA000000161142
B0644364308993N07625987EA000000161486
B0644374308997N07625985EA000000161556
B0644384309000N07625983EA000000161470
B0644394309003N07625977EA000000161551
B0644404309004N07625968EA000000161672
B0644414309001N07625958EA000000161981
B0644424308998N07625948EA000000162107
B0644434308992N07625941EA000000162640
B0644444308986N07625934EA000000163037
B0644454308980N07625931EA000000163205
B0644464308973N07625931EA000000163401
B0644474308967N07625934EA000000163407
B0644484308963N07625941EA000000163390
B0644494308964N07625946EA000000163276
B0644504308968N07625949EA000000163246
B0644514308970N07625951EA000000163595
B0644524308972N07625952EA000000164101
B0644534308972N07625953EA000000164641
B0644544308973N07625953EA000000164994
B0644554308976N07625953EA000000165169
B0644564308980N07625950EA000000165255
B0644574308983N07625942EA000000165234
B0644584308982N07625931EA000000165316
B0644594308979N07625921EA000000165594
B0645004308975N07625913EA000000165596
B0645014308969N07625911EA000000165551
B0645024308962N07625915EA000000165471
B0645034308956N07625919EA000000165640
B0645044308950N07625923EA000000166190
B0645054308946N07625926EA000000166635
B0645064308943N07625930EA000000166996
B0645074308944N07625935EA000000167104
B0645084308946N07625938EA000000167093
B0645094308950N07625938EA000000167285
B0645104308954N07625935EA000000167526
B0645114308956N07625928EA000000167849
B0645124308956N07625919EA000000168104
B0645134308952N07625909EA000000168449
B0645144308947N07625902EA000000168621
B0645154308940N07625896EA000000168882
B0645164308934N07625890EA000000169084
B0645174308929N07625885EA000000169204
B0645184308922N07625881EA000000169658
B0645194308915N07625881EA000000169937
B0645204308909N07625884EA000000169915
B0645214308903N07625889EA000000170054
B0645224308901N07625895EA000000170271
B0645234308903N07625898EA000000170529
B0645244308906N07625899EA000000170641
B0645254308910N07625895EA000000170866
B0645264308913N07625890EA000000171041
B0645274308914N07625882EA000000171407
B0645284308912N07625874EA000000171693
B0645294308909N07625865EA000000171720
B0645304308904N07625856EA000000171952
B0645314308898N07625849EA000000172171
B0645324308892N07625844EA000000172247
B0645334308885N07625845EA000000172432
B0645344308879N07625848EA000000172359
B0645354308876N07625854EA000000172395
B0645364308876N07625859EA000000172465
B0645374308878N07625861EA000000172699
B0645384308881N07625861EA000000172958
B0645394308883N07625860EA000000173198
B0645404308886N07625858EA000000173509
B0645414308888N07625854EA000000173817
B0645424308889N07625847EA000000174056
B0645434308889N07625837EA000000174144
B0645444308888N07625827EA000000174113
B0645454308884N07625818EA000000174376
B0645464308879N07625812EA000000174666
B0645474308872N07625809EA000000174752
B0645484308865N07625806EA000000174956
B0645494308858N07625804EA000000175187
B0645504308852N07625804EA000000175493
B0645514308848N07625806EA000000175601
B0645524308844N07625810EA000000175725
B0645534308842N07625815EA000000175719
B0645544308842N07625819EA000000175828
B0645554308844N07625821EA000000176014
B0645564308847N07625820EA000000176324
B0645574308850N07625818EA000000176541
B0645584308853N07625814EA000000176644
B0645594308856N07625808EA000000176747
B0646004308858N07625801EA000000177011
B0646014308857N07625791EA000000177196
B0646024308854N07625781EA000000177221
B0646034308848N07625772EA000000177202
B0646044308841N07625766EA000000177328
B0646054308834N07625765EA000000177521
B0646064308828N07625765EA000000177734
B0646074308822N07625766EA000000177990
B0646084308818N07625766EA000000178209
B0646094308813N07625769EA000000178352
B0646104308809N07625773EA000000178381
B0646114308807N07625777EA000000178369
B0646124308807N07625782EA000000178472
B0646134308810N07625784EA000000178610
B0646144308813N07625782EA000000178853
B0646154308817N07625777EA000000179037
B0646164308820N07625768EA000000179219
B0646174308820N07625758EA000000179329
B0646184308816N07625749EA000000179663
B0646194308812N07625741EA000000179808
B0646204308806N07625736EA000000180083
B0646214308801N07625731EA000000180145
B0646224308795N07625727EA000000180351
B0646234308789N07625724EA000000180472
B0646244308783N07625723EA000000180637
B0646254308777N07625726EA000000180866
B0646264308773N07625730EA000000180979
B0646274308773N07625736EA000000181001
B0646284308773N07625739EA000000181178
B0646294308775N07625741EA000000181323
B0646304308776N07625741EA000000181598
B0646314308778N07625740EA000000181788
B0646324308781N07625738EA000000181918
B0646334308784N07625733EA000000181919
B0646344308786N07625725EA000000181984
B0646354308787N07625715EA000000181942
B0646364308786N07625705EA000000182203
B0646374308782N07625697EA000000182591
B0646384308778N07625689EA000000182878
B0646394308773N07625684EA000000182933
B0646404308767N07625677EA000000183008
B0646414308760N07625672EA000000183043
B0646424308753N07625670EA000000183106
B0646434308746N07625673EA000000183121
B0646444308742N07625678EA000000183105
B0646454308741N07625684EA000000183344
B0646464308743N07625689EA000000183663
B0646474308748N07625688EA000000183803
B0646484308750N07625686EA000000184083
B0646494308752N07625684EA000000184502
B0646504308752N07625682EA000000184654
B0646514308754N07625679EA000000184935
B0646524308756N07625675EA000000184977
B0646534308759N07625667EA000000185099
B0646544308759N07625658EA000000185257
B0646554308757N07625648EA000000185307
B0646564308752N07625639EA000000185689
B0646574308748N07625632EA000000186054
B0646584308744N07625626EA000000186326
B0646594308739N07625621EA000000186576
B0647004308734N07625617EA000000186701
B0647014308727N07625612EA000000186658
B0647024308720N07625609EA000000186844
B0647034308714N07625608EA000000186917
B0647044308709N07625610EA000000187376
B0647054308708N07625614EA000000187665
B0647064308710N07625617EA000000187710
B0647074308713N07625617EA000000187809
B0647084308716N07625617EA000000188140
B0647094308719N07625614EA000000188651
B0647104308722N07625607EA000000189148
B0647114308723N07625599EA000000189473
B0647124308722N07625588EA000000189642
B0647134308718N07625578EA000000189710
B0647144308711N07625571EA000000189838
B0647154308704N07625567EA000000189973
B0647164308698N07625564EA000000190148
B0647174308692N07625563EA000000190421
B0647184308686N07625564EA000000190621
B0647194308681N07625567EA000000190650
B0647204308679N07625571EA000000190725
B0647214308680N07625575EA000000190826
B0647224308683N07625576EA000000191067
B0647234308687N07625574EA000000191366
B0647244308691N07625569EA000000191819
B0647254308693N07625563EA000000192226
B0647264308694N07625555EA000000192582
B0647274308695N07625545EA000000192799
B0647284308696N07625534EA000000192829
B0647294308694N07625524EA000000193063
B0647304308690N07625514EA000000193239
B0647314308684N07625507EA000000193318
B0647324308676N07625504EA000000193472
B0647334308669N07625503EA000000193755
B0647344308664N07625504EA000000194063
B0647354308660N07625506EA000000194487
B0647364308657N07625509EA000000194585
B0647374308656N07625513EA000000194613
B0647384308656N07625516EA000000194913
B0647394308658N07625518EA000000195160
B0647404308662N07625516EA000000195388
B0647414308666N07625513EA000000195684
B0647424308670N07625506EA000000195931
B0647434308671N07625496EA000000196256
B0647444308670N07625485EA000000196397
B0647454308667N07625475EA000000196652
B0647464308662N07625466EA000000196687
B0647474308657N07625460EA000000196823
B0647484308651N07625457EA000000197110
B0647494308645N07625456EA000000197233
B0647504308639N07625457EA000000197357
B0647514308634N07625459EA000000197549
B0647524308630N07625463EA000000197752
B0647534308628N07625467EA000000197892
B0647544308629N07625471EA000000198011
B0647554308631N07625473EA000000198243
B0647564308634N07625472EA000000198643
B0647574308637N07625469EA000000199004
B0647584308639N07625463EA000000199383
B0647594308641N07625455EA000000199699
B0648004308642N07625447EA000000199872
B0648014308641N07625437EA000000200053
B0648024308638N07625427EA000000200243
B0648034308632N07625418EA000000200167
B0648044308625N07625414EA000000200326
B0648054308618N07625412EA000000200340
B0648064308613N07625411EA000000200829
B0648074308608N07625412EA000000201068
B0648084308603N07625414EA000000201272
B0648094308598N07625417EA000000201395
B0648104308596N07625421EA000000201432
B0648114308596N07625425EA000000201768
B0648124308600N07625428EA000000201800
B0648134308604N07625427EA000000201834
B0648144308607N07625424EA000000202293
B0648154308610N07625418EA000000202865
B0648164308612N07625411EA000000203252
B0648174308613N07625402EA000000203603
B0648184308612N07625392EA000000203745
B0648194308609N07625382EA000000204049
B0648204308604N07625374EA000000204170
B0648214308598N07625368EA000000204101
B0648224308591N07625365EA000000204222
B0648234308585N07625364EA000000204405
B0648244308580N07625365EA000000204712
B0648254308576N07625367EA000000204811
B0648264308571N07625369EA000000204888
B0648274308568N07625373EA000000204948
B0648284308567N07625377EA000000205158
B0648294308569N07625381EA000000205320
B0648304308572N07625381EA000000205396
B0648314308577N07625377EA000000205658
B0648324308580N07625371EA000000205964
B0648334308582N07625363EA000000206427
B0648344308582N07625355EA000000206746
B0648354308581N07625346EA000000206951
B0648364308579N07625336EA000000207103
B0648374308574N07625327EA000000207255
B0648384308567N07625321EA000000207352
B0648394308559N07625319EA000000207211
B0648404308552N07625320EA000000207127
B0648414308546N07625324EA000000207262
B0648424308543N07625328EA000000207509
B0648434308540N07625333EA000000208080
B0648444308539N07625335EA000000208482
B0648454308540N07625337EA000000208712
B0648464308542N07625338EA000000208948
B0648474308546N07625338EA000000209047
B0648484308550N07625336EA000000209285
B0648494308554N07625328EA000000209488
B0648504308555N07625317EA000000209692
B0648514308552N07625305EA000000209859
B0648524308546N07625297EA000000210043
B0648534308539N07625292EA000000210258
B0648544308532N07625292EA000000210511
B0648554308525N07625292EA000000210879
B0648564308520N07625295EA000000211281
B0648574308516N07625297EA000000211688
B0648584308513N07625300EA000000212076
B0648594308512N07625304EA000000212336
B0649004308512N07625307EA000000212429
B0649014308514N07625311EA000000212740
B0649024308517N07625312EA000000212841
B0649034308521N07625310EA000000212962
B0649044308525N07625306EA000000213221
B0649054308528N07625299EA000000213541
B0649064308530N07625290EA000000213735
B0649074308530N07625280EA000000213956
B0649084308528N07625270EA000000214264
B0649094308525N07625261EA000000214441
B0649104308520N07625253EA000000214635
B0649114308514N07625248EA000000214841
B0649124308507N07625244EA000000214946
B0649134308500N07625243EA000000215179
B0649144308494N07625244EA000000215324
B0649154308488N07625245EA000000215689
B0649164308484N07625247EA000000215969
B0649174308480N07625250EA000000216286
B0649184308478N07625254EA000000216457
B0649194308477N07625259EA000000216426
B0649204308477N07625264EA000000216682
B0649214308480N07625267EA000000216802
B0649224308483N07625267EA000000217057
B0649234308487N07625265EA000000217499
B0649244308491N07625261EA000000217786
B0649254308494N07625254EA000000218056
B0649264308495N07625245EA000000218225
B0649274308493N07625235EA000000218541
B0649284308489N07625224EA000000218544
B0649294308484N07625216EA000000218704
B0649304308478N07625210EA000000218842
B0649314308472N07625207EA000000219340
B0649324308465N07625205EA000000219596
B0649334308459N07625207EA000000219763
B0649344308454N07625210EA000000219727
B0649354308451N07625215EA000000219923
B0649364308449N07625219EA000000220259
B0649374308450N07625223EA000000220505
B0649384308452N07625225EA000000220923
B0649394308455N07625224EA000000221161
B0649404308459N07625220EA000000221349
B0649414308462N07625215EA000000221524
B0649424308464N07625208EA000000221830
B0649434308465N07625199EA000000222014
B0649444308465N07625190EA000000222204
B0649454308463N07625180EA000000222577
B0649464308460N07625171EA000000222810
B0649474308454N07625163EA000000222922
B0649484308447N07625158EA000000223133
B0649494308440N07625155EA000000223370
B0649504308434N07625153EA000000223618
B0649514308428N07625153EA000000223801
B0649524308422N07625155EA000000224160
B0649534308418N07625158EA000000224329
B0649544308415N07625163EA000000224589
B0649554308415N07625167EA000000224857
B0649564308416N07625170EA000000225170
B0649574308418N07625171EA000000225415
B0649584308420N07625171EA000000225710
B0649594308422N07625168EA000000225960
B0650004308425N07625163EA000000226067
B0650014308429N07625155EA000000225922
B0650024308431N07625144EA000000225926
B0650034308430N07625132EA000000226173
B0650044308427N07625121EA000000226343
B0650054308423N07625112EA000000226714
B0650064308418N07625105EA000000227057
B0650074308413N07625099EA000000227244
B0650084308407N07625093EA000000227364
B0650094308400N07625089EA000000227433
B0650104308393N07625089EA000000227502
B0650114308385N07625092EA000000227490
B0650124308381N07625096EA000000227609
B0650134308378N07625101EA000000228120
B0650144308376N07625103EA000000228762
B0650154308376N07625105EA000000229130
B0650164308376N07625107EA000000229260
B0650174308378N07625110EA000000229323
B0650184308381N07625113EA000000229450
B0650194308386N07625112EA000000229630
B0650204308390N07625107EA000000229885
B0650214308394N07625099EA000000230125
B0650224308395N07625089EA000000230388
B0650234308395N07625078EA000000230548
B0650244308392N07625068EA000000230763
B0650254308388N07625058EA000000230804
B0650264308382N07625050EA000000230931
B0650274308375N07625044EA000000231041
B0650284308368N07625040EA000000231137
B0650294308361N07625040EA000000231216
B0650304308355N07625043EA000000231312
B0650314308350N07625047EA000000231580
B0650324308348N07625050EA000000231967
B0650334308347N07625053EA000000232467
B0650344308347N07625056EA000000232791
B0650354308349N07625057EA000000233047
B0650364308352N07625057EA000000233225
B0650374308356N07625054EA000000233319
B0650384308360N07625049EA000000233605
B0650394308363N07625040EA000000233704
B0650404308363N07625029EA000000233969
B0650414308361N07625019EA000000234200
B0650424308356N07625009EA000000234440
B0650434308350N07625001EA000000234683
B0650444308345N07624994EA000000234704
B0650454308339N07624987EA000000234918
B0650464308332N07624982EA000000235074
B0650474308325N07624979EA000000235196
B0650484308318N07624979EA000000235210
B0650494308311N07624981EA000000235233
B0650504308306N07624985EA000000235484
B0650514308305N07624989EA000000235804
B0650524308305N07624992EA000000236225
B0650534308306N07624994EA000000236645
B0650544308307N07624995EA000000236858
B0650554308309N07624996EA000000237136
B0650564308311N07624995EA000000237385
B0650574308314N07624991EA000000237558
B0650584308316N07624983EA000000237683
B0650594308316N07624972EA000000237766
B0651004308313N07624962EA000000237922
B0651014308307N07624954EA000000238184
B0651024308301N07624948EA000000238375
B0651034308294N07624944EA000000238534
B0651044308287N07624942EA000000238745
B0651054308281N07624943EA000000239032
B0651064308277N07624947EA000000239240
B0651074308274N07624952EA000000239357
B0651084308275N07624957EA000000239543
B0651094308277N07624959EA000000239886
B0651104308280N07624959EA000000240106
B0651114308282N07624957EA000000240493
B0651124308285N07624954EA000000240781
B0651134308288N07624948EA000000240966
B0651144308289N07624941EA000000241273
B0651154308288N07624932EA000000241483
B0651164308285N07624922EA000000241696
B0651174308280N07624914EA000000241535
B0651184308272N07624910EA000000241650
B0651194308264N07624909EA000000241696
B0651204308259N07624912EA000000241618
B0651214308256N07624917EA000000241935
B0651224308254N07624922EA000000242282
B0651234308254N07624926EA000000242502
B0651244308254N07624929EA000000242709
B0651254308254N07624933EA000000242955
B0651264308256N07624936EA000000243062
B0651274308260N07624936EA000000243153
B0651284308264N07624934EA000000243051
B0651294308268N07624928EA000000243111
B0651304308270N07624920EA000000243353
B0651314308271N07624911EA000000243532
B0651324308270N07624902EA000000243919
B0651334308268N07624894EA000000244207
B0651344308264N07624886EA000000244556
B0651354308259N07624878EA000000244787
B0651364308254N07624871EA000000244806
B0651374308247N07624865EA000000244836
B0651384308239N07624863EA000000244984
B0651394308232N07624864EA000000244966
B0651404308226N07624867EA000000245077
B0651414308222N07624872EA000000245286
B0651424308220N07624877EA000000245386
B0651434308220N07624882EA000000245500
B0651444308220N07624886EA000000245747
B0651454308221N07624892EA000000245750
B0651464308224N07624895EA000000245725
B0651474308228N07624896EA000000245806
B0651484308232N07624894EA000000245901
B0651494308235N07624889EA000000246180
B0651504308238N07624882EA000000246472
B0651514308240N07624875EA000000246711
B0651524308240N07624867EA000000247037
B0651534308239N07624859EA000000247326
B0651544308237N07624851EA000000247511
B0651554308233N07624843EA000000247730
B0651564308228N07624836EA000000247914
B0651574308221N07624832EA000000248174
B0651584308214N07624832EA000000248150
B0651594308207N07624834EA000000248362
B0652004308202N07624838EA000000248580
B0652014308199N07624843EA000000248760
B0652024308197N07624848EA000000248964
B0652034308196N07624854EA000000249085
B0652044308196N07624860EA000000249077
B0652054308197N07624865EA000000249184
B0652064308201N07624868EA000000249214
B0652074308205N07624868EA000000249340
B0652084308210N07624863EA000000249301
B0652094308212N07624855EA000000249389
B0652104308213N07624847EA000000249633
B0652114308212N07624838EA000000250018
B0652124308209N07624831EA000000250432
B0652134308205N07624825EA000000250772
B0652144308200N07624819EA000000250989
B0652154308195N07624815EA000000251126
B0652164308189N07624811EA000000251219
B0652174308182N07624810EA000000251466
B0652184308176N07624813EA000000251570
B0652194308171N07624816EA000000251468
B0652204308168N07624822EA000000251502
B0652214308165N07624828EA000000251715
B0652224308162N07624833EA000000251676
B0652234308160N07624839EA000000251880
B0652244308159N07624845EA000000251900
B0652254308158N07624851EA000000252045
B0652264308158N07624858EA000000252171
B0652274308160N07624863EA000000252270
B0652284308163N07624868EA000000252100
B0652294308167N07624869EA000000252105
B0652304308170N07624869EA000000252192
B0652314308174N07624864EA000000252155
B0652324308176N07624856EA000000252262
B0652334308176N07624847EA000000252206
B0652344308174N07624840EA000000252641
B0652354308173N07624834EA000000253102
B0652364308171N07624828EA000000253393
B0652374308168N07624822EA000000253483
B0652384308163N07624816EA000000253461
B0652394308156N07624811EA000000253394
B0652404308149N07624810EA000000253274
B0652414308143N07624811EA000000253359
B0652424308138N07624816EA000000253516
B0652434308133N07624822EA000000253584
B0652444308129N07624829EA000000253671
B0652454308126N07624835EA000000253726
B0652464308123N07624841EA000000253976
B0652474308122N07624847EA000000254210
B0652484308122N07624852EA000000254130
B0652494308123N07624857EA000000254181
B0652504308126N07624863EA000000254033
B0652514308128N07624871EA000000253750
B0652524308130N07624877EA000000253753
B0652534308131N07624883EA000000253712
B0652544308132N07624887EA000000253745
B0652554308135N07624889EA000000253809
B0652564308137N07624890EA000000253664
B0652574308141N07624886EA000000253576
B0652584308144N07624880EA000000253467
B0652594308145N07624873EA000000253498
B0653004308146N07624866EA000000253526
B0653014308146N07624859EA000000253522
B0653024308146N07624850EA000000253517
B0653034308145N07624841EA000000253543
B0653044308144N07624831EA000000253518
B0653054308142N07624823EA000000253690
B0653064308141N07624815EA000000253650
B0653074308140N07624807EA000000253722
B0653084308138N07624798EA000000253692
B0653094308137N07624787EA000000253629
B0653104308135N07624778EA000000253623
B0653114308133N07624769EA000000253806
B0653124308131N07624762EA000000254050
B0653134308130N07624754EA000000254143
B0653144308129N07624745EA000000254017
B0653154308128N07624736EA000000253954
B0653164308128N07624726EA000000253938
B0653174308128N07624717EA000000253945
B0653184308128N07624708EA000000253957
B0653194308128N07624700EA000000254160
B0653204308128N07624691EA000000254142
B0653214308127N07624682EA000000254272
B0653224308127N07624672EA000000254243
B0653234308128N07624663EA000000254341
B0653244308128N07624654EA000000254486
B0653254308129N07624646EA000000254555
B0653264308129N07624638EA000000254662
B0653274308129N07624629EA000000254773
B0653284308129N07624619EA000000254837
B0653294308128N07624610EA000000254893
B0653304308128N07624601EA000000254956
B0653314308127N07624592EA000000255165
B0653324308126N07624583EA000000255347
B0653334308125N07624574EA000000255527
B0653344308124N07624565EA000000255654
B0653354308123N07624556EA000000255626
B0653364308122N07624547EA000000255746
B0653374308121N07624539EA000000255860
B0653384308121N07624530EA000000255843
B0653394308120N07624521EA000000255898
B0653404308120N07624512EA000000255927
B0653414308119N07624503EA000000255821
B0653424308118N07624493EA000000255804
B0653434308117N07624484EA000000255924
B0653444308116N07624475EA000000255956
B0653454308116N07624465EA000000255839
B0653464308116N07624455EA000000255817
B0653474308115N07624445EA000000255660
B0653484308115N07624434EA000000255626
B0653494308115N07624423EA000000255539
B0653504308115N07624413EA000000255517
B0653514308114N07624403EA000000255596
B0653524308114N07624393EA000000255615
B0653534308114N07624382EA000000255605
B0653544308112N07624372EA000000255692
B0653554308111N07624362EA000000255672
B0653564308110N07624352EA000000255663
B0653574308110N07624342EA000000255603
B0653584308109N07624331EA000000255551
B0653594308109N07624319EA000000255444
B0654004308108N07624307EA000000255476
B0654014308107N07624296EA000000255585
B0654024308106N07624286EA000000255682
B0654034308106N07624276EA000000255641
B0654044308106N07624264EA000000255629
B0654054308106N07624252EA000000255516
B0654064308105N07624240EA000000255480
B0654074308105N07624227EA000000255344
B0654084308104N07624216EA000000255374
B0654094308104N07624205EA000000255384
B0654104308104N07624194EA000000255150
B0654114308103N07624181EA000000254947
B0654124308101N07624168EA000000254753
B0654134308099N07624155EA000000254611
B0654144308097N07624141EA000000254529
B0654154308095N07624129EA000000254463
B0654164308095N07624117EA000000254416
B0654174308094N07624106EA000000254511
B0654184308092N07624094EA000000254579
B0654194308091N07624084EA000000254570
B0654204308091N07624073EA000000254525
B0654214308092N07624063EA000000254430
B0654224308093N07624053EA000000254381
B0654234308095N07624042EA000000254397
B0654244308097N07624033EA000000254207
B0654254308098N07624024EA000000254216
B0654264308099N07624013EA000000254169
B0654274308100N07624003EA000000254089
B0654284308101N07623993EA000000253785
B0654294308102N07623984EA000000253687
B0654304308103N07623976EA000000253566
B0654314308103N07623968EA000000253360
B0654324308103N07623958EA000000253037
B0654334308103N07623948EA000000252706
B0654344308103N07623937EA000000252349
B0654354308104N07623926EA000000251919
B0654364308104N07623916EA000000251883
B0654374308105N07623906EA000000251821
B0654384308105N07623896EA000000251729
B0654394308105N07623887EA000000251734
B0654404308105N07623876EA000000251567
B0654414308105N07623865EA000000251290
B0654424308106N07623853EA000000251028
B0654434308107N07623843EA000000250904
B0654444308107N07623833EA000000250986
B0654454308107N07623823EA000000250821
B0654464308106N07623811EA000000250682
B0654474308106N07623799EA000000250411
B0654484308105N07623787EA000000250437
B0654494308105N07623777EA000000250654
B0654504308105N07623767EA000000250673
B0654514308105N07623756EA000000250586
B0654524308105N07623744EA000000250517
B0654534308104N07623731EA000000250238
B0654544308103N07623719EA000000250122
B0654554308103N07623707EA000000250110
B0654564308103N07623696EA000000250000
B0654574308102N07623685EA000000250191
B0654584308102N07623673EA000000250104
B0654594308101N07623662EA000000250031
B0655004308100N07623650EA000000250032
B0655014308099N07623638EA000000249944
B0655024308098N07623627EA000000249981
B0655034308097N07623617EA000000249890
B0655044308097N07623606EA000000249766
B0655054308097N07623595EA000000249707
B0655064308096N07623583EA000000249378
B0655074308097N07623571EA000000249109
B0655084308097N07623560EA000000249086
B0655094308099N07623550EA000000248907
B0655104308099N07623541EA000000249052
B0655114308099N07623531EA000000248933
B0655124308098N07623520EA000000248834
B0655134308097N07623508EA000000248526
B0655144308096N07623496EA000000248221
B0655154308095N07623483EA000000248147
B0655164308094N07623472EA000000248272
B0655174308093N07623461EA000000248398
B0655184308092N07623451EA000000248399
B0655194308091N07623441EA000000248372
B0655204308090N07623429EA000000248213
B0655214308088N07623417EA000000248079
B0655224308087N07623406EA000000248048
B0655234308086N07623396EA000000248130
B0655244308084N07623385EA000000248168
B0655254308082N07623375EA000000248102
B0655264308079N07623364EA000000248004
B0655274308076N07623353EA000000247907
B0655284308073N07623343EA000000247956
B0655294308071N07623332EA000000247849
B0655304308069N07623321EA000000247834
B0655314308066N07623310EA000000247890
B0655324308064N07623299EA000000248177
B0655334308062N07623290EA000000248304
B0655344308059N07623281EA000000248552
B0655354308056N07623271EA000000248788
B0655364308055N07623261EA000000248812
B0655374308053N07623250EA000000248880
B0655384308052N07623239EA000000249038
B0655394308050N07623232EA000000249254
B0655404308048N07623225EA000000249457
B0655414308046N07623217EA000000249484
B0655424308045N07623207EA000000249528
B0655434308043N07623197EA000000249583
B0655444308044N07623187EA000000249519
B0655454308045N07623178EA000000249769
B0655464308048N07623171EA000000249850
B0655474308052N07623164EA000000249979
B0655484308057N07623160EA000000250157
B0655494308062N07623158EA000000250209
B0655504308066N07623160EA000000250316
B0655514308069N07623165EA000000250440
B0655524308070N07623171EA000000250592
B0655534308070N07623177EA000000250588
B0655544308069N07623183EA000000250646
B0655554308067N07623188EA000000251027
B0655564308064N07623193EA000000251233
B0655574308060N07623197EA000000251586
B0655584308055N07623200EA000000251789
B0655594308049N07623201EA000000251713
B0656004308042N07623198EA000000251800
B0656014308035N07623191EA000000252098
B0656024308031N07623184EA000000252205
B0656034308027N07623176EA000000252304
B0656044308023N07623168EA000000252580
B0656054308021N07623159EA000000252778
B0656064308020N07623149EA000000252858
B0656074308020N07623139EA000000252846
B0656084308022N07623130EA000000253024
B0656094308024N07623123EA000000253283
B0656104308028N07623118EA000000253537
B0656114308032N07623115EA000000253717
B0656124308036N07623114EA000000253835
B0656134308041N07623113EA000000253939
B0656144308046N07623115EA000000254031
B0656154308050N07623118EA000000254048
B0656164308053N07623124EA000000254115
B0656174308053N07623131EA000000254276
B0656184308052N07623137EA000000254218
B0656194308048N07623142EA000000254588
B0656204308043N07623145EA000000254896
B0656214308038N07623147EA000000255028
B0656224308032N07623148EA000000255246
B0656234308026N07623148EA000000255466
B0656244308020N07623146EA000000255741
B0656254308014N07623140EA000000255987
B0656264308010N07623132EA000000256019
B0656274308005N07623124EA000000256292
B0656284308003N07623116EA000000256423
B0656294308002N07623108EA000000256706
B0656304308001N07623100EA000000257068
B0656314308001N07623092EA000000257208
B0656324308000N07623084EA000000257367
B0656334308001N07623076EA000000257465
B0656344308005N07623069EA000000257501
B0656354308009N07623064EA000000257673
B0656364308015N07623061EA000000257623
B0656374308019N07623059EA000000257846
B0656384308022N07623059EA000000258281
B0656394308026N07623060EA000000258510
B0656404308028N07623063EA000000258680
B0656414308031N07623067EA000000258619
B0656424308032N07623073EA000000258637
B0656434308031N07623079EA000000258505
B0656444308027N07623083EA000000258707
B0656454308021N07623085EA000000258987
B0656464308015N07623085EA000000259157
B0656474308009N07623084EA000000259493
B0656484308004N07623081EA000000259612
B0656494307998N07623076EA000000259774
B0656504307994N07623069EA000000259947
B0656514307991N07623062EA000000260201
B0656524307989N07623053EA000000260348
B0656534307988N07623045EA000000260665
B0656544307988N07623037EA000000260845
B0656554307988N07623028EA000000261058
B0656564307989N07623020EA000000261106
B0656574307990N07623013EA000000261316
B0656584307993N07623007EA000000261510
B0656594307997N07623003EA000000261756
B0657004308003N07623002EA000000261757
B0657014308008N07623004EA000000261876
B0657024308011N07623007EA000000262199
B0657034308013N07623012EA000000262373
B0657044308014N07623017EA000000262471
B0657054308014N07623022EA000000262493
B0657064308013N07623027EA000000262486
B0657074308010N07623031EA000000262567
B0657084308005N07623033EA000000262776
B0657094308000N07623034EA000000262714
B0657104307994N07623033EA000000262939
B0657114307988N07623033EA000000263082
B0657124307983N07623030EA000000263244
B0657134307979N07623024EA000000263444
B0657144307976N07623016EA000000263440
B0657154307975N07623007EA000000263562
B0657164307975N07622999EA000000263771
B0657174307977N07622992EA000000264008
B0657184307979N07622987EA000000264373
B0657194307983N07622982EA000000264515
B0657204307987N07622978EA000000264627
B0657214307991N07622977EA000000264787
B0657224307996N07622978EA000000264861
B0657234308001N07622980EA000000264817
B0657244308004N07622983EA000000264844
B0657254308007N07622987EA000000265004
B0657264308008N07622992EA000000265071
B0657274308009N07622997EA000000265056
B0657284308008N07623003EA000000265067
B0657294308005N07623008EA000000265075
B0657304308001N07623012EA000000265022
B0657314307996N07623012EA000000265215
B0657324307990N07623011EA000000265377
B0657334307984N07623009EA000000265380
B0657344307979N07623004EA000000265355
B0657354307974N07622998EA000000265483
B0657364307971N07622991EA000000265512
B0657374307968N07622984EA000000265661
B0657384307965N07622977EA000000265895
B0657394307962N07622971EA000000265991
B0657404307959N07622964EA000000266099
B0657414307958N07622957EA000000266137
B0657424307959N07622949EA000000266210
B0657434307962N07622941EA000000266211
B0657444307965N07622936EA000000266383
B0657454307969N07622934EA000000266533
B0657464307973N07622933EA000000266702
B0657474307976N07622933EA000000266869
B0657484307980N07622935EA000000266888
B0657494307984N07622940EA000000266845
B0657504307986N07622947EA000000266843
B0657514307985N07622954EA000000266864
B0657524307982N07622960EA000000266837
B0657534307977N07622964EA000000266932
B0657544307972N07622965EA000000267029
B0657554307966N07622965EA000000267162
B0657564307961N07622963EA000000267108
B0657574307955N07622960EA000000267068
B0657584307950N07622955EA000000267068
B0657594307946N07622949EA000000266960
B0658004307943N07622942EA000000266935
B0658014307940N07622936EA000000266970
B0658024307938N07622930EA000000267021
B0658034307935N07622924EA000000267275
B0658044307933N07622918EA000000267406
B0658054307930N07622912EA000000267594
B0658064307930N07622905EA000000267510
B0658074307931N07622897EA000000267621
B0658084307933N07622890EA000000267795
B0658094307938N07622885EA000000267737
B0658104307942N07622884EA000000267790
B0658114307947N07622884EA000000268067
B0658124307952N07622887EA000000268152
B0658134307956N07622891EA000000268168
B0658144307959N07622898EA000000268233
B0658154307959N07622905EA000000268256
B0658164307957N07622913EA000000268262
B0658174307954N07622919EA000000268351
B0658184307951N07622923EA000000268446
B0658194307947N07622928EA000000268690
B0658204307943N07622931EA000000268678
B0658214307938N07622934EA000000268658
B0658224307932N07622936EA000000268553
B0658234307925N07622935EA000000268675
B0658244307919N07622931EA000000268695
B0658254307915N07622925EA000000268626
B0658264307911N07622918EA000000268789
B0658274307909N07622912EA000000268833
B0658284307907N07622906EA000000268812
B0658294307904N07622900EA000000269013
B0658304307900N07622893EA000000269175
B0658314307897N07622886EA000000269132
B0658324307894N07622877EA000000269246
B0658334307891N07622869EA000000269358
B0658344307889N07622863EA000000269502
B0658354307886N07622856EA000000269758
B0658364307883N07622851EA000000269893
B0658374307881N07622843EA000000269887
B0658384307880N07622835EA000000270049
B0658394307880N07622826EA000000270018
B0658404307881N07622818EA000000270241
B0658414307884N07622810EA000000270508
B0658424307887N07622805EA000000270773
B0658434307892N07622801EA000000270937
B0658444307897N07622800EA000000271061
B0658454307902N07622801EA000000271285
B0658464307907N07622805EA000000271314
B0658474307909N07622811EA000000271483
B0658484307909N07622818EA000000271578
B0658494307905N07622825EA000000271692
B0658504307901N07622829EA000000271800
B0658514307895N07622831EA000000271960
B0658524307890N07622831EA000000272153
B0658534307885N07622830EA000000272321
B0658544307880N07622827EA000000272650
B0658554307875N07622822EA000000272792
B0658564307871N07622815EA000000272887
B0658574307869N07622808EA000000272914
B0658584307868N07622801EA000000273062
B0658594307869N07622793EA000000273157
B0659004307871N07622787EA000000273221
B0659014307872N07622780EA000000273396
B0659024307874N07622773EA000000273482
B0659034307877N07622766EA000000273691
B0659044307882N07622760EA000000273813
B0659054307886N07622756EA000000274133
B0659064307891N07622754EA000000274216
B0659074307895N07622755EA000000274472
B0659084307900N07622756EA000000274558
B0659094307904N07622759EA000000274699
B0659104307908N07622764EA000000274722
B0659114307910N07622769EA000000274787
B0659124307912N07622775EA000000274719
B0659134307911N07622783EA000000274893
B0659144307910N07622790EA000000274823
B0659154307906N07622796EA000000274836
B0659164307901N07622800EA000000275009
B0659174307894N07622802EA000000275163
B0659184307889N07622801EA000000275309
B0659194307884N07622798EA000000275435
B0659204307880N07622794EA000000275688
B0659214307877N07622790EA000000275614
B0659224307873N07622784EA000000275757
B0659234307870N07622778EA000000275791
B0659244307869N07622769EA000000275666
B0659254307869N07622761EA000000275746
B0659264307869N07622753EA000000275921
B0659274307869N07622746EA000000276216
B0659284307868N07622739EA000000276569
B0659294307868N07622732EA000000276707
B0659304307867N07622723EA000000276789
B0659314307868N07622714EA000000276709
B0659324307868N07622706EA000000276838
B0659334307868N07622699EA000000277137
B0659344307867N07622693EA000000277492
B0659354307867N07622685EA000000277547
B0659364307867N07622677EA000000277543
B0659374307867N07622668EA000000277336
B0659384307866N07622659EA000000277377
B0659394307865N07622651EA000000277428
B0659404307863N07622644EA000000277619
B0659414307861N07622637EA000000277868
B0659424307861N07622629EA000000277903
B0659434307860N07622620EA000000277993
B0659444307860N07622611EA000000277968
B0659454307860N07622603EA000000278040
B0659464307859N07622595EA000000278330
B0659474307858N07622587EA000000278542
B0659484307858N07622579EA000000278723
B0659494307859N07622571EA000000278905
B0659504307861N07622565EA000000278930
B0659514307864N07622562EA000000278956
B0659524307869N07622563EA000000278725
B0659534307873N07622567EA000000278704
B0659544307875N07622572EA000000278733
B0659554307875N07622577EA000000278754
B0659564307874N07622582EA000000279011
B0659574307871N07622586EA000000279123
B0659584307867N07622590EA000000279113
B0659594307862N07622593EA000000279238
B0700004307856N07622595EA000000279321
B0700014307850N07622592EA000000279437
B0700024307843N07622586EA000000279478
B0700034307839N07622576EA000000279539
B0700044307836N07622567EA000000279511
B0700054307833N07622560EA000000280000
B0700064307830N07622554EA000000280532
B0700074307827N07622549EA000000280984
B0700084307825N07622542EA000000280753
B0700094307824N07622532EA000000280618
B0700104307824N07622522EA000000280427
B0700114307826N07622514EA000000280460
B0700124307830N07622509EA000000280558
B0700134307834N07622507EA000000280469
B0700144307838N07622507EA000000280522
B0700154307841N07622506EA000000280617
B0700164307843N07622507EA000000280793
B0700174307846N07622509EA000000280727
B0700184307847N07622514EA000000280609
B0700194307845N07622521EA000000280576
B0700204307841N07622526EA000000280447
B0700214307835N07622529EA000000280447
B0700224307828N07622529EA000000280661
B0700234307823N07622525EA000000280939
B0700244307818N07622522EA000000281150
B0700254307813N07622517EA000000281488
B0700264307808N07622513EA000000281478
B0700274307803N07622508EA000000281240
B0700284307798N07622500EA000000281135
B0700294307794N07622491EA000000281166
B0700304307792N07622482EA000000281035
B0700314307791N07622474EA000000281114
B0700324307789N07622465EA000000281196
B0700334307788N07622457EA000000281330
B0700344307786N07622448EA000000281251
B0700354307784N07622438EA000000281298
B0700364307783N07622429EA000000281191
B0700374307783N07622419EA000000281106
B0700384307782N07622409EA000000281209
B0700394307781N07622400EA000000281267
B0700404307781N07622391EA000000281203
B0700414307779N07622381EA000000281366
B0700424307778N07622371EA000000281459
B0700434307777N07622362EA000000281441
B0700444307776N07622352EA000000281591
B0700454307777N07622342EA000000281524
B0700464307778N07622332EA000000281618
B0700474307778N07622323EA000000281655
B0700484307778N07622314EA000000281762
B0700494307778N07622304EA000000281742
B0700504307778N07622294EA000000281810
B0700514307778N07622284EA000000281879
B0700524307779N07622275EA000000281939
B0700534307781N07622266EA000000281904
B0700544307782N07622256EA000000281899
B0700554307784N07622248EA000000281946
B0700564307784N07622240EA000000282092
B0700574307784N07622230EA000000282099
B0700584307784N07622220EA000000282175
B0700594307784N07622209EA000000282044
B0701004307784N07622198EA000000282046
B0701014307784N07622188EA000000282037
B0701024307783N07622180EA000000282181
B0701034307783N07622171EA000000282361
B0701044307783N07622162EA000000282584
B0701054307783N07622154EA000000282582
B0701064307783N07622147EA000000282681
B0701074307783N07622139EA000000282591
B0701084307784N07622130EA000000282512
B0701094307784N07622120EA000000282345
B0701104307785N07622111EA000000282320
B0701114307785N07622102EA000000282495
B0701124307786N07622094EA000000282548
B0701134307786N07622086EA000000282629
B0701144307785N07622078EA000000282658
B0701154307784N07622069EA000000282529
B0701164307782N07622060EA000000282468
B0701174307781N07622051EA000000282336
B0701184307779N07622042EA000000282349
B0701194307777N07622034EA000000282387
B0701204307776N07622026EA000000282342
B0701214307775N07622017EA000000282201
B0701224307773N07622007EA000000282155
B0701234307772N07621997EA000000282044
B0701244307772N07621987EA000000281906
B0701254307772N07621978EA000000282015
B0701264307772N07621970EA000000282050
B0701274307772N07621961EA000000282086
B0701284307773N07621953EA000000282105
B0701294307772N07621944EA000000282179
B0701304307772N07621935EA000000282111
B0701314307771N07621924EA000000282147
B0701324307771N07621915EA000000282402
B0701334307770N07621906EA000000282896
B0701344307770N07621898EA000000283143
B0701354307769N07621889EA000000283488
B0701364307770N07621880EA000000283579
B0701374307773N07621873EA000000283841
B0701384307778N07621867EA000000283900
B0701394307783N07621864EA000000284034
B0701404307788N07621863EA000000284287
B0701414307793N07621865EA000000284418
B0701424307796N07621869EA000000284608
B0701434307797N07621874EA000000284799
B0701444307797N07621881EA000000284893
B0701454307796N07621886EA000000285019
B0701464307792N07621891EA000000285276
B0701474307786N07621893EA000000285498
B0701484307780N07621893EA000000285641
B0701494307774N07621889EA000000285827
B0701504307768N07621882EA000000285985
B0701514307764N07621874EA000000286178
B0701524307762N07621865EA000000286389
B0701534307762N07621856EA000000286679
B0701544307763N07621848EA000000287053
B0701554307764N07621840EA000000287387
B0701564307767N07621833EA000000287607
B0701574307770N07621827EA000000287927
B0701584307775N07621823EA000000288112
B0701594307780N07621821EA000000288260
B0702004307785N07621821EA000000288362
B0702014307789N07621823EA000000288475
B0702024307792N07621827EA000000288734
B0702034307793N07621832EA000000288884
B0702044307794N07621838EA000000288927
B0702054307793N07621844EA000000289069
B0702064307791N07621851EA000000289173
B0702074307788N07621855EA000000289448
B0702084307783N07621858EA000000289675
B0702094307777N07621858EA000000289870
B0702104307771N07621855EA000000290081
B0702114307766N07621849EA000000290258
B0702124307762N07621843EA000000290424
B0702134307758N07621836EA000000290655
B0702144307755N07621829EA000000290991
B0702154307753N07621821EA000000291195
B0702164307753N07621813EA000000291202
B0702174307753N07621803EA000000291329
B0702184307754N07621794EA000000291474
B0702194307756N07621785EA000000291666
B0702204307759N07621778EA000000292026
B0702214307763N07621773EA000000292257
B0702224307768N07621770EA000000292488
B0702234307774N07621770EA000000292531
B0702244307779N07621771EA000000292664
B0702254307783N07621775EA000000292743
B0702264307785N07621780EA000000292873
B0702274307786N07621785EA000000293076
B0702284307785N07621791EA000000293091
B0702294307783N07621796EA000000293230
B0702304307779N07621799EA000000293448
B0702314307774N07621801EA000000293548
B0702324307768N07621801EA000000293637
B0702334307762N07621799EA000000293992
B0702344307758N07621793EA000000294066
B0702354307755N07621786EA000000294164
B0702364307753N07621778EA000000294494
B0702374307753N07621769EA000000294568
B0702384307754N07621761EA000000294681
B0702394307757N07621753EA000000294885
B0702404307762N07621747EA000000294919
B0702414307767N07621743EA000000295117
B0702424307772N07621741EA000000295303
B0702434307776N07621740EA000000295647
B0702444307781N07621741EA000000295807
B0702454307784N07621745EA000000295973
B0702464307787N07621750EA000000295935
B0702474307787N07621757EA000000295977
B0702484307786N07621765EA000000296050
B0702494307783N07621770EA000000296114
B0702504307778N07621774EA000000296346
B0702514307773N07621777EA000000296510
B0702524307767N07621777EA000000296749
B0702534307762N07621776EA000000296943
B0702544307757N07621772EA000000297195
B0702554307754N07621766EA000000297127
B0702564307750N07621759EA000000297186
B0702574307748N07621752EA000000297221
B0702584307746N07621744EA000000297342
B0702594307745N07621736EA000000297435
B0703004307744N07621728EA000000297677
B0703014307743N07621720EA000000297797
B0703024307743N07621712EA000000297871
B0703034307744N07621703EA000000298021
B0703044307745N07621693EA000000298019
B0703054307746N07621684EA000000298124
B0703064307746N07621675EA000000298378
B0703074307746N07621667EA000000298592
B0703084307747N07621659EA000000298841
B0703094307748N07621650EA000000298936
B0703104307749N07621641EA000000299144
B0703114307750N07621632EA000000299372
B0703124307752N07621622EA000000299578
B0703134307755N07621614EA000000299730
B0703144307758N07621606EA000000300050
B0703154307762N07621599EA000000300120
B0703164307766N07621592EA000000300469
B0703174307772N07621589EA000000300610
B0703184307777N07621588EA000000300954
B0703194307782N07621590EA000000300925
B0703204307785N07621594EA000000301059
B0703214307787N07621600EA000000301151
B0703224307787N07621606EA000000301161
B0703234307786N07621612EA000000301134
B0703244307783N07621618EA000000301143
B0703254307779N07621622EA000000301224
B0703264307773N07621625EA000000301495
B0703274307768N07621625EA000000301897
B0703284307764N07621623EA000000301917
B0703294307759N07621620EA000000302122
B0703304307755N07621614EA000000302308
B0703314307751N07621607EA000000302461
B0703324307750N07621597EA000000302629
B0703334307751N07621588EA000000302833
B0703344307754N07621579EA000000303039
B0703354307757N07621572EA000000303388
B0703364307761N07621567EA000000303781
B0703374307766N07621562EA000000303921
B0703384307771N07621557EA000000304067
B0703394307777N07621555EA000000304109
B0703404307782N07621557EA000000304118
B0703414307786N07621562EA000000304217
B0703424307787N07621568EA000000304296
B0703434307787N07621576EA000000304243
B0703444307784N07621581EA000000304277
B0703454307780N07621585EA000000304278
B0703464307775N07621587EA000000304366
B0703474307770N07621587EA000000304430
B0703484307765N07621583EA000000304567
B0703494307761N07621577EA000000304549
B0703504307758N07621570EA000000304611
B0703514307756N07621561EA000000304720
B0703524307755N07621551EA000000304973
B0703534307756N07621542EA000000305136
B0703544307756N07621534EA000000305533
B0703554307756N07621526EA000000305922
B0703564307755N07621518EA000000306152
B0703574307754N07621509EA000000306347
B0703584307753N07621501EA000000306423
B0703594307752N07621493EA000000306544
B0704004307751N07621485EA000000306672
B0704014307751N07621476EA000000306757
B0704024307751N07621467EA000000306894
B0704034307752N07621458EA000000306878
B0704044307753N07621450EA000000306933
B0704054307753N07621442EA000000307093
B0704064307754N07621434EA000000307011
B0704074307754N07621425EA000000307054
B0704084307755N07621416EA000000306941
B0704094307756N07621407EA000000306843
B0704104307757N07621397EA000000306637
B0704114307758N07621388EA000000306646
B0704124307759N07621379EA000000306777
B0704134307761N07621371EA000000306751
B0704144307763N07621363EA000000306774
B0704154307766N07621354EA000000306625
B0704164307768N07621345EA000000306520
B0704174307770N07621336EA000000306471
B0704184307773N07621327EA000000306439
B0704194307775N07621320EA000000306590
B0704204307778N07621311EA000000306448
B0704214307780N07621302EA000000306215
B0704224307782N07621292EA000000306136
B0704234307784N07621282EA000000305939
B0704244307785N07621274EA000000305881
B0704254307786N07621265EA000000305786
B0704264307787N07621256EA000000305616
B0704274307787N07621247EA000000305527
B0704284307786N07621238EA000000305580
B0704294307786N07621228EA000000305597
B0704304307786N07621219EA000000305552
B0704314307786N07621210EA000000305430
B0704324307786N07621200EA000000305478
B0704334307787N07621192EA000000305381
B0704344307788N07621182EA000000305299
B0704354307789N07621173EA000000305138
B0704364307789N07621165EA000000305090
B0704374307790N07621155EA000000304987
B0704384307791N07621146EA000000304961
B0704394307792N07621136EA000000304815
B0704404307792N07621127EA000000304873
B0704414307793N07621118EA000000304934
B0704424307794N07621109EA000000304946
B0704434307795N07621101EA000000304911
B0704444307796N07621092EA000000304712
B0704454307796N07621083EA000000304793
B0704464307797N07621073EA000000304547
B0704474307798N07621064EA000000304333
B0704484307799N07621054EA000000304137
B0704494307800N07621045EA000000304099
B0704504307802N07621036EA000000303976
B0704514307804N07621026EA000000303849
B0704524307805N07621016EA000000303744
B0704534307806N07621005EA000000303687
B0704544307807N07620995EA000000303654
B0704554307808N07620985EA000000303736
B0704564307809N07620976EA000000303730
B0704574307810N07620966EA000000303690
B0704584307812N07620955EA000000303529
B0704594307813N07620945EA000000303441
B0705004307813N07620934EA000000303678
B0705014307814N07620925EA000000303806
B0705024307814N07620917EA000000304121
B0705034307814N07620909EA000000304455
B0705044307815N07620901EA000000304549
B0705054307818N07620893EA000000304429
B0705064307823N07620887EA000000304317
B0705074307828N07620885EA000000304377
B0705084307834N07620887EA000000304331
B0705094307838N07620891EA000000304320
B0705104307839N07620894EA000000304689
B0705114307841N07620897EA000000304807
B0705124307841N07620899EA000000305069
B0705134307842N07620903EA000000305200
B0705144307841N07620907EA000000305209
B0705154307837N07620912EA000000305089
B0705164307831N07620916EA000000304998
B0705174307824N07620917EA000000304891
B0705184307818N07620914EA000000305058
B0705194307814N07620909EA000000305439
B0705204307810N07620905EA000000305742
B0705214307806N07620901EA000000305810
B0705224307801N07620895EA000000305839
B0705234307796N07620887EA000000305756
B0705244307793N07620877EA000000305708
B0705254307791N07620866EA000000305656
B0705264307791N07620856EA000000305819
B0705274307790N07620848EA000000306196
B0705284307791N07620840EA000000306429
B0705294307792N07620832EA000000306446
B0705304307795N07620824EA000000306427
B0705314307800N07620817EA000000306204
B0705324307805N07620813EA000000306189
B0705334307812N07620813EA000000306009
B0705344307816N07620816EA000000305999
B0705354307820N07620822EA000000306006
B0705364307821N07620828EA000000306021
B0705374307821N07620833EA000000306042
B0705384307820N07620838EA000000306040
B0705394307817N07620841EA000000306199
B0705404307813N07620844EA000000306297
B0705414307808N07620845EA000000306259
B0705424307802N07620844EA000000306189
B0705434307796N07620841EA000000306279
B0705444307791N07620836EA000000306275
B0705454307787N07620830EA000000306234
B0705464307783N07620823EA000000306227
B0705474307779N07620816EA000000306316
B0705484307775N07620808EA000000306356
B0705494307772N07620799EA000000306329
B0705504307769N07620789EA000000306265
B0705514307767N07620779EA000000306319
B0705524307765N07620772EA000000306601
B0705534307763N07620764EA000000306904
B0705544307761N07620756EA000000307021
B0705554307759N07620747EA000000307070
B0705564307758N07620736EA000000306968
B0705574307758N07620725EA000000306704
B0705584307757N07620714EA000000306780
B0705594307758N07620703EA000000306724
B0706004307759N07620693EA000000306829
B0706014307760N07620684EA000000306949
B0706024307761N07620675EA000000306816
B0706034307761N07620665EA000000306837
B0706044307761N07620654EA000000306638
B0706054307760N07620642EA000000306398
B0706064307760N07620630EA000000306039
B0706074307760N07620619EA000000305928
B0706084307760N07620609EA000000306036
B0706094307761N07620600EA000000306003
B0706104307761N07620590EA000000305997
B0706114307762N07620580EA000000305780
B0706124307764N07620568EA000000305311
B0706134307765N07620555EA000000305064
B0706144307767N07620543EA000000305015
B0706154307768N07620533EA000000305033
B0706164307769N07620524EA000000305224
B0706174307770N07620515EA000000305247
B0706184307772N07620506EA000000305127
B0706194307774N07620496EA000000305065
B0706204307777N07620484EA000000304709
B0706214307778N07620474EA000000304671
B0706224307779N07620465EA000000304642
B0706234307780N07620457EA000000304622
B0706244307780N07620449EA000000304892
B0706254307781N07620440EA000000304821
B0706264307780N07620431EA000000304785
B0706274307780N07620421EA000000304579
B0706284307781N07620413EA000000304563
B0706294307782N07620404EA000000304677
B0706304307784N07620396EA000000304655
B0706314307786N07620388EA000000304681
B0706324307789N07620379EA000000304615
B0706334307791N07620370EA000000304560
B0706344307794N07620359EA000000304309
B0706354307796N07620350EA000000304344
B0706364307798N07620341EA000000304449
B0706374307800N07620333EA000000304549
B0706384307802N07620326EA000000304640
B0706394307804N07620317EA000000304553
B0706404307806N07620308EA000000304554
B0706414307807N07620300EA000000304560
B0706424307808N07620291EA000000304578
B0706434307809N07620284EA000000304563
B0706444307810N07620277EA000000304646
B0706454307812N07620269EA000000304402
B0706464307813N07620259EA000000304339
B0706474307814N07620250EA000000304229
B0706484307815N07620242EA000000304220
B0706494307816N07620234EA000000304481
B0706504307818N07620226EA000000304638
B0706514307820N07620218EA000000304604
B0706524307821N07620209EA000000304571
B0706534307822N07620199EA000000304497
B0706544307824N07620191EA000000304412
B0706554307826N07620183EA000000304409
B0706564307827N07620177EA000000304490
B0706574307829N07620169EA000000304332
B0706584307829N07620160EA000000304195
B0706594307829N07620150EA000000303853
B0707004307829N07620139EA000000303583
B0707014307831N07620128EA000000303432
B0707024307833N07620118EA000000303527
B0707034307835N07620110EA000000303711
B0707044307836N07620102EA000000303960
B0707054307837N07620093EA000000303972
B0707064307838N07620083EA000000303872
B0707074307839N07620071EA000000303689
B0707084307840N07620060EA000000303421
B0707094307840N07620048EA000000303427
B0707104307839N07620038EA000000303590
B0707114307839N07620028EA000000303669
B0707124307839N07620021EA000000303780
B0707134307840N07620011EA000000303684
B0707144307842N07620000EA000000303509
B0707154307843N07619989EA000000303358
B0707164307844N07619979EA000000303262
B0707174307845N07619969EA000000303337
B0707184307846N07619961EA000000303405
B0707194307846N07619953EA000000303554
B0707204307847N07619944EA000000303407
B0707214307847N07619934EA000000303188
B0707224307848N07619924EA000000302762
B0707234307848N07619913EA000000302589
B0707244307849N07619904EA000000302309
B0707254307849N07619896EA000000302204
B0707264307849N07619887EA000000302108
B0707274307849N07619877EA000000301868
B0707284307850N07619867EA000000301320
B0707294307851N07619855EA000000301074
B0707304307853N07619845EA000000300940
B0707314307854N07619835EA000000300883
B0707324307856N07619825EA000000300765
B0707334307857N07619816EA000000300772
B0707344307858N07619806EA000000300692
B0707354307859N07619796EA000000300582
B0707364307860N07619785EA000000300312
B0707374307860N07619774EA000000300260
B0707384307860N07619763EA000000300278
B0707394307861N07619754EA000000300073
B0707404307863N07619745EA000000300012
B0707414307864N07619735EA000000299939
B0707424307865N07619726EA000000299651
B0707434307865N07619715EA000000299336
B0707444307865N07619705EA000000299012
B0707454307864N07619696EA000000298924
B0707464307863N07619688EA000000298862
B0707474307863N07619679EA000000298727
B0707484307862N07619670EA000000298569
B0707494307862N07619661EA000000298308
B0707504307861N07619652EA000000298195
B0707514307862N07619644EA000000297995
B0707524307865N07619636EA000000297756
B0707534307869N07619629EA000000297409
B0707544307873N07619623EA000000297216
B0707554307877N07619617EA000000297024
B0707564307881N07619611EA000000296835
B0707574307884N07619605EA000000296693
B0707584307888N07619598EA000000296385
B0707594307892N07619591EA000000296143
B0708004307896N07619583EA000000295909
B0708014307899N07619576EA000000295869
B0708024307903N07619570EA000000295656
B0708034307907N07619564EA000000295555
B0708044307911N07619558EA000000295373
B0708054307915N07619551EA000000295087
B0708064307920N07619544EA000000294647
B0708074307925N07619538EA000000294331
B0708084307930N07619531EA000000294119
B0708094307934N07619525EA000000294058
B0708104307938N07619519EA000000293965
B0708114307942N07619512EA000000293734
B0708124307946N07619505EA000000293405
B0708134307949N07619498EA000000293258
B0708144307952N07619491EA000000293089
B0708154307955N07619484EA000000292891
B0708164307958N07619476EA000000292580
B0708174307961N07619467EA000000292384
B0708184307964N07619459EA000000292320
B0708194307966N07619451EA000000292295
B0708204307969N07619445EA000000292276
B0708214307972N07619440EA000000292231
B0708224307975N07619434EA000000292234
B0708234307977N07619427EA000000292189
B0708244307980N07619420EA000000291986
B0708254307983N07619413EA000000291792
B0708264307987N07619406EA000000291655
B0708274307990N07619400EA000000291575
B0708284307993N07619394EA000000291477
B0708294307996N07619388EA000000291320
B0708304307998N07619380EA000000291189
B0708314308001N07619373EA000000290956
B0708324308004N07619366EA000000290861
B0708334308007N07619359EA000000290698
B0708344308010N07619353EA000000290483
B0708354308013N07619346EA000000290388
B0708364308016N07619340EA000000290172
B0708374308019N07619333EA000000290042
B0708384308021N07619326EA000000289842
B0708394308023N07619318EA000000289759
B0708404308025N07619311EA000000289682
B0708414308028N07619303EA000000289445
B0708424308031N07619296EA000000289202
B0708434308033N07619289EA000000289160
B0708444308036N07619281EA000000288937
B0708454308038N07619274EA000000288867
B0708464308041N07619268EA000000288680
B0708474308045N07619261EA000000288536
B0708484308048N07619255EA000000288496
B0708494308052N07619249EA000000288356
B0708504308056N07619243EA000000288102
B0708514308059N07619235EA000000288069
B0708524308062N07619228EA000000287816
B0708534308063N07619220EA000000287849
B0708544308062N07619213EA000000287661
B0708554308059N07619206EA000000287310
B0708564308055N07619199EA000000286901
B0708574308051N07619192EA000000286838
B0708584308048N07619185EA000000286788
B0708594308048N07619177EA000000286708
B0709004308048N07619170EA000000286522
B0709014308049N07619162EA000000286506
B0709024308049N07619155EA000000286450
B0709034308050N07619147EA000000286252
B0709044308051N07619139EA000000286176
B0709054308053N07619132EA000000286000
B0709064308054N07619124EA000000285932
B0709074308056N07619116EA000000285817
B0709084308058N07619109EA000000285637
B0709094308060N07619102EA000000285532
B0709104308062N07619094EA000000285375
B0709114308065N07619087EA000000285150
B0709124308068N07619079EA000000285046
B0709134308070N07619072EA000000284975
B0709144308072N07619065EA000000284772
B0709154308074N07619057EA000000284667
B0709164308077N07619050EA000000284534
B0709174308080N07619043EA000000284343
B0709184308083N07619036EA000000284166
B0709194308086N07619029EA000000283954
B0709204308088N07619022EA000000283881
B0709214308091N07619015EA000000283733
B0709224308094N07619008EA000000283657
B0709234308097N07619002EA000000283574
B0709244308101N07618996EA000000283401
B0709254308104N07618989EA000000283213
B0709264308107N07618983EA000000283042
B0709274308111N07618977EA000000282902
B0709284308114N07618971EA000000282797
B0709294308118N07618966EA000000282670
B0709304308122N07618960EA000000282470
B0709314308126N07618954EA000000282354
B0709324308130N07618949EA000000282290
B0709334308135N07618943EA000000282116
B0709344308138N07618937EA000000282096
B0709354308142N07618930EA000000281926
B0709364308144N07618923EA000000281972
B0709374308147N07618915EA000000281764
B0709384308150N07618907EA000000281635
B0709394308153N07618899EA000000281543
B0709404308156N07618891EA000000281351
B0709414308159N07618882EA000000281233
B0709424308161N07618873EA000000281217
B0709434308162N07618864EA000000281089
B0709444308164N07618856EA000000280931
B0709454308165N07618847EA000000280844
B0709464308167N07618838EA000000280606
B0709474308169N07618829EA000000280305
B0709484308171N07618819EA000000280039
B0709494308174N07618810EA000000279816
B0709504308176N07618802EA000000279641
B0709514308179N07618793EA000000279509
B0709524308181N07618785EA000000279469
B0709534308183N07618777EA000000279399
B0709544308186N07618769EA000000279105
B0709554308188N07618761EA000000279123
B0709564308190N07618753EA000000278973
B0709574308193N07618744EA000000278727
B0709584308195N07618736EA000000278653
B0709594308197N07618728EA000000278664
B0710004308199N07618720EA000000278597
B0710014308202N07618713EA000000278402
B0710024308204N07618705EA000000278282
B0710034308207N07618697EA000000278153
B0710044308210N07618689EA000000278137
B0710054308213N07618682EA000000278011
B0710064308216N07618674EA000000278023
B0710074308219N07618666EA000000277840
B0710084308222N07618657EA000000277653
B0710094308224N07618648EA000000277599
B0710104308227N07618641EA000000277462
B0710114308230N07618633EA000000277424
B0710124308232N07618625EA000000277349
B0710134308234N07618618EA000000277305
B0710144308235N07618610EA000000277267
B0710154308237N07618603EA000000277122
B0710164308239N07618595EA000000277001
B0710174308241N07618587EA000000276802
B0710184308242N07618579EA000000276680
B0710194308244N07618571EA000000276350
B0710204308245N07618563EA000000276284
B0710214308247N07618555EA000000276108
B0710224308248N07618548EA000000276029
B0710234308250N07618542EA000000275936
B0710244308253N07618536EA000000275754
B0710254308257N07618531EA000000275633
B0710264308261N07618527EA000000275453
B0710274308265N07618524EA000000275323
B0710284308269N07618522EA000000275161
B0710294308274N07618520EA000000274863
B0710304308279N07618519EA000000274550
B0710314308284N07618518EA000000274362
B0710324308289N07618518EA000000274122
B0710334308293N07618518EA000000273937
B0710344308297N07618519EA000000273752
B0710354308301N07618519EA000000273487
B0710364308306N07618520EA000000273125
B0710374308310N07618521EA000000272873
B0710384308315N07618522EA000000272424
B0710394308319N07618523EA000000272185
B0710404308324N07618525EA000000271790
B0710414308330N07618526EA000000271348
B0710424308335N07618528EA000000271075
B0710434308339N07618530EA000000270977
B0710444308343N07618533EA000000270712
B0710454308346N07618536EA000000270594
B0710464308351N07618539EA000000270336
B0710474308356N07618541EA000000270093
B0710484308362N07618541EA000000269731
B0710494308367N07618540EA000000269535
B0710504308371N07618540EA000000269496
B0710514308375N07618541EA000000269494
B0710524308379N07618542EA000000269263
B0710534308383N07618543EA000000268991
B0710544308388N07618544EA000000268632
B0710554308392N07618546EA000000268522
B0710564308395N07618549EA000000268431
B0710574308397N07618552EA000000268173
B0710584308400N07618555EA000000267849
B0710594308403N07618559EA000000267460
B0711004308407N07618562EA000000267022
B0711014308411N07618564EA000000266747
B0711024308415N07618566EA000000266558
B0711034308418N07618569EA000000266398
B0711044308422N07618573EA000000266024
B0711054308425N07618577EA000000265715
B0711064308428N07618582EA000000265411
B0711074308431N07618586EA000000265114
B0711084308434N07618590EA000000264903
B0711094308436N07618594EA000000264880
B0711104308439N07618597EA000000264677
B0711114308442N07618601EA000000264481
B0711124308445N07618605EA000000264390
B0711134308449N07618608EA000000264118
B0711144308452N07618612EA000000263954
B0711154308456N07618615EA000000263831
B0711164308459N07618618EA000000263784
B0711174308463N07618621EA000000263613
B0711184308466N07618623EA000000263518
B0711194308469N07618626EA000000263455
B0711204308473N07618629EA000000263282
B0711214308478N07618631EA000000263227
B0711224308481N07618634EA000000263196
B0711234308485N07618636EA000000263268
B0711244308489N07618640EA000000263102
B0711254308492N07618642EA000000263149
B0711264308496N07618644EA000000263124
B0711274308500N07618645EA000000263207
B0711284308503N07618646EA000000263182
B0711294308508N07618645EA000000263105
B0711304308511N07618643EA000000263186
B0711314308515N07618641EA000000263126
B0711324308518N07618640EA000000263086
B0711334308522N07618639EA000000262996
B0711344308527N07618638EA000000262782
B0711354308533N07618636EA000000262500
B0711364308538N07618633EA000000262336
B0711374308543N07618632EA000000262310
B0711384308547N07618631EA000000262369
B0711394308552N07618632EA000000262430
B0711404308556N07618632EA000000262453
B0711414308560N07618632EA000000262469
B0711424308564N07618633EA000000262483
B0711434308569N07618634EA000000262363
B0711444308574N07618635EA000000262360
B0711454308579N07618634EA000000262289
B0711464308585N07618634EA000000262202
B0711474308589N07618633EA000000262387
B0711484308594N07618633EA000000262467
B0711494308599N07618634EA000000262463
B0711504308604N07618634EA000000262472
B0711514308609N07618633EA000000262363
B0711524308614N07618630EA000000262479
B0711534308619N07618627EA000000262449
B0711544308623N07618624EA000000262570
B0711554308628N07618620EA000000262534
B0711564308632N07618616EA000000262555
B0711574308636N07618611EA000000262642
B0711584308639N07618604EA000000262669
B0711594308642N07618599EA000000262564
B0712004308646N07618594EA000000262555
B0712014308651N07618591EA000000262421
B0712024308656N07618588EA000000262502
B0712034308660N07618585EA000000262669
B0712044308664N07618583EA000000262788
B0712054308669N07618581EA000000262806
B0712064308672N07618579EA000000262995
B0712074308677N07618577EA000000262902
B0712084308681N07618574EA000000262848
B0712094308686N07618572EA000000262726
B0712104308691N07618569EA000000262659
B0712114308696N07618567EA000000262732
B0712124308700N07618565EA000000262981
B0712134308704N07618564EA000000263191
B0712144308709N07618562EA000000263229
B0712154308712N07618559EA000000263497
B0712164308715N07618554EA000000263472
B0712174308716N07618546EA000000263493
B0712184308716N07618537EA000000263329
B0712194308713N07618530EA000000263498
B0712204308709N07618525EA000000263686
B0712214308704N07618522EA000000263764
B0712224308698N07618521EA000000263885
B0712234308692N07618521EA000000263886
B0712244308687N07618524EA000000264047
B0712254308683N07618530EA000000264047
B0712264308681N07618537EA000000264165
B0712274308681N07618544EA000000264256
B0712284308682N07618551EA000000264273
B0712294308684N07618557EA000000264192
B0712304308688N07618562EA000000264215
B0712314308692N07618566EA000000264231
B0712324308697N07618568EA000000264126
B0712334308701N07618570EA000000264184
B0712344308705N07618572EA000000264273
B0712354308709N07618574EA000000264369
B0712364308713N07618577EA000000264347
B0712374308718N07618579EA000000264235
B0712384308723N07618580EA000000264026
B0712394308728N07618581EA000000263931
B0712404308733N07618581EA000000263957
B0712414308738N07618582EA000000263943
B0712424308743N07618583EA000000263934
B0712434308747N07618584EA000000263977
B0712444308752N07618586EA000000263921
B0712454308756N07618587EA000000263884
B0712464308761N07618588EA000000263766
B0712474308766N07618589EA000000263744
B0712484308770N07618589EA000000263691
B0712494308775N07618587EA000000263608
B0712504308779N07618584EA000000263607
B0712514308782N07618580EA000000263495
B0712524308787N07618575EA000000263353
B0712534308792N07618571EA000000263110
B0712544308796N07618567EA000000263142
B0712554308800N07618563EA000000263148
B0712564308804N07618561EA000000263051
B0712574308808N07618559EA000000263080
B0712584308813N07618557EA000000262975
B0712594308819N07618556EA000000262703
B0713004308824N07618555EA000000262645
B0713014308829N07618554EA000000262468
B0713024308833N07618554EA000000262371
B0713034308838N07618552EA000000262020
B0713044308842N07618548EA000000261772
B0713054308847N07618543EA000000261201
B0713064308851N07618537EA000000260825
B0713074308854N07618531EA000000260558
B0713084308857N07618526EA000000260351
B0713094308860N07618519EA000000259936
B0713104308863N07618512EA000000259643
B0713114308866N07618504EA000000259329
B0713124308869N07618497EA000000259125
B0713134308873N07618491EA000000259012
B0713144308876N07618485EA000000258974
B0713154308879N07618479EA000000258782
B0713164308882N07618472EA000000258633
B0713174308883N07618465EA000000258360
B0713184308885N07618457EA000000258030
B0713194308887N07618449EA000000257671
B0713204308890N07618441EA000000257547
B0713214308892N07618434EA000000257399
B0713224308895N07618429EA000000257262
B0713234308898N07618424EA000000257181
B0713244308902N07618418EA000000257049
B0713254308906N07618412EA000000256757
B0713264308910N07618405EA000000256516
B0713274308912N07618398EA000000256496
B0713284308915N07618392EA000000256534
B0713294308918N07618386EA000000256539
B0713304308921N07618381EA000000256565
B0713314308925N07618375EA000000256513
B0713324308928N07618369EA000000256653
B0713334308931N07618363EA000000256683
B0713344308934N07618357EA000000256648
B0713354308936N07618351EA000000256691
B0713364308939N07618343EA000000256489
B0713374308942N07618336EA000000256352
B0713384308945N07618328EA000000256322
B0713394308948N07618321EA000000256302
B0713404308950N07618314EA000000256499
B0713414308954N07618308EA000000256507
B0713424308956N07618302EA000000256566
B0713434308958N07618296EA000000256663
B0713444308960N07618289EA000000256669
B0713454308962N07618282EA000000256699
B0713464308965N07618276EA000000256631
B0713474308967N07618270EA000000256671
B0713484308970N07618264EA000000256626
B0713494308972N07618258EA000000256578
B0713504308975N07618252EA000000256290
B0713514308978N07618244EA000000255981
B0713524308981N07618235EA000000255795
B0713534308984N07618227EA000000255546
B0713544308987N07618221EA000000255551
B0713554308990N07618215EA000000255565
B0713564308993N07618209EA000000255654
B0713574308995N07618202EA000000255628
B0713584308996N07618195EA000000255763
B0713594308997N07618188EA000000255862
B0714004308999N07618181EA000000255843
B0714014309000N07618174EA000000255997
B0714024309002N07618168EA000000255967
B0714034309004N07618162EA000000255904
B0714044309005N07618155EA000000255807
B0714054309005N07618148EA000000255853
B0714064309005N07618140EA000000255876
B0714074309006N07618132EA000000255705
B0714084309007N07618123EA000000255619
B0714094309007N07618115EA000000255585
B0714104309008N07618107EA000000255623
B0714114309008N07618099EA000000255642
B0714124309008N07618091EA000000255673
B0714134309008N07618082EA000000255789
B0714144309008N07618074EA000000255745
B0714154309007N07618066EA000000255772
B0714164309007N07618057EA000000255818
B0714174309007N07618049EA000000255815
B0714184309008N07618041EA000000255832
B0714194309009N07618033EA000000255793
B0714204309011N07618025EA000000255747
B0714214309012N07618018EA000000255886
B0714224309014N07618011EA000000255835
B0714234309016N07618003EA000000255822
B0714244309017N07617995EA000000255860
B0714254309018N07617987EA000000256012
B0714264309017N07617979EA000000256202
B0714274309013N07617972EA000000256361
B0714284309008N07617965EA000000256359
B0714294309001N07617962EA000000256384
B0714304308994N07617962EA000000256478
B0714314308989N07617966EA000000256503
B0714324308985N07617972EA000000256564
B0714334308984N07617979EA000000256670
B0714344308985N07617985EA000000256693
B0714354308988N07617989EA000000256874
B0714364308992N07617991EA000000257010
B0714374308996N07617990EA000000257200
B0714384308999N07617987EA000000257276
B0714394309003N07617982EA000000257347
B0714404309006N07617975EA000000257442
B0714414309007N07617965EA000000257509
B0714424309004N07617956EA000000257763
B0714434308999N07617948EA000000257789
B0714444308993N07617944EA000000257877
B0714454308987N07617943EA000000257956
B0714464308981N07617945EA000000258160
B0714474308976N07617948EA000000258264
B0714484308973N07617954EA000000258222
B0714494308972N07617961EA000000258303
B0714504308973N07617967EA000000258435
B0714514308976N07617971EA000000258496
B0714524308981N07617971EA000000258597
B0714534308986N07617968EA000000258730
B0714544308988N07617959EA000000258796
B0714554308988N07617949EA000000258828
B0714564308985N07617941EA000000259017
B0714574308980N07617936EA000000259232
B0714584308975N07617932EA000000259515
B0714594308969N07617930EA000000259699
B0715004308964N07617930EA000000259731
B0715014308958N07617931EA000000259886
B0715024308954N07617936EA000000259803
B0715034308950N07617942EA000000259944
B0715044308949N07617949EA000000259943
B0715054308950N07617955EA000000259952
B0715064308953N07617959EA000000260000
B0715074308956N07617960EA000000260188
B0715084308960N07617959EA000000260371
B0715094308964N07617953EA000000260383
B0715104308967N07617945EA000000260407
B0715114308966N07617937EA000000260670
B0715124308964N07617928EA000000260929
B0715134308960N07617922EA000000261134
B0715144308955N07617917EA000000261221
B0715154308949N07617913EA000000261415
B0715164308942N07617912EA000000261683
B0715174308936N07617914EA000000261613
B0715184308931N07617919EA000000261700
B0715194308928N07617925EA000000261763
B0715204308928N07617931EA000000261872
B0715214308930N07617936EA000000261895
B0715224308933N07617940EA000000261866
B0715234308936N07617943EA000000262090
B0715244308940N07617943EA000000262213
B0715254308943N07617941EA000000262378
B0715264308947N07617937EA000000262489
B0715274308950N07617931EA000000262595
B0715284308951N07617922EA000000262648
B0715294308948N07617913EA000000262858
B0715304308942N07617907EA000000262824
B0715314308934N07617905EA000000262955
B0715324308927N07617906EA000000263065
B0715334308923N07617910EA000000263205
B0715344308920N07617916EA000000263551
B0715354308919N07617922EA000000263741
B0715364308919N07617928EA000000263752
B0715374308920N07617934EA000000263791
B0715384308923N07617937EA000000263895
B0715394308928N07617938EA000000263908
B0715404308932N07617936EA000000264090
B0715414308936N07617930EA000000264173
B0715424308938N07617923EA000000264232
B0715434308937N07617915EA000000264552
B0715444308934N07617907EA000000264778
B0715454308930N07617901EA000000264737
B0715464308924N07617896EA000000264887
B0715474308918N07617894EA000000265063
B0715484308911N07617894EA000000265085
B0715494308905N07617897EA000000265244
B0715504308900N07617901EA000000265267
B0715514308897N07617907EA000000265547
B0715524308896N07617914EA000000265550
B0715534308897N07617920EA000000265592
B0715544308900N07617925EA000000265575
B0715554308904N07617928EA000000265592
B0715564308909N07617927EA000000265745
B0715574308912N07617923EA000000265998
B0715584308915N07617918EA000000266162
B0715594308917N07617911EA000000266225
B0716004308917N07617903EA000000266437
B0716014308915N07617895EA000000266519
B0716024308910N07617889EA000000266683
B0716034308904N07617884EA000000266669
B0716044308897N07617884EA000000266684
B0716054308890N07617886EA000000266695
B0716064308885N07617891EA000000266665
B0716074308882N07617898EA000000266666
B0716084308882N07617906EA000000266860
B0716094308884N07617911EA000000266806
B0716104308886N07617916EA000000266910
B0716114308888N07617919EA000000267142
B0716124308891N07617921EA000000267209
B0716134308894N07617923EA000000267335
B0716144308898N07617921EA000000267379
B0716154308903N07617917EA000000267214
B0716164308905N07617909EA000000267260
B0716174308904N07617899EA000000267390
B0716184308901N07617890EA000000267426
B0716194308895N07617885EA000000267554
B0716204308888N07617884EA000000267695
B0716214308882N07617885EA000000267618
B0716224308876N07617889EA000000267713
B0716234308871N07617894EA000000267881
B0716244308869N07617899EA000000268009
B0716254308868N07617906EA000000268283
B0716264308870N07617912EA000000268068
B0716274308873N07617918EA000000268013
B0716284308876N07617921EA000000268214
B0716294308879N07617921EA000000268468
B0716304308883N07617919EA000000268545
B0716314308887N07617914EA000000268537
B0716324308890N07617907EA000000268666
B0716334308891N07617899EA000000268670
B0716344308890N07617890EA000000268841
B0716354308886N07617882EA000000268945
B0716364308881N07617876EA000000268915
B0716374308875N07617872EA000000269156
B0716384308870N07617868EA000000269211
B0716394308864N07617863EA000000269377
B0716404308859N07617858EA000000269315
B0716414308853N07617853EA000000269421
B0716424308847N07617848EA000000269553
B0716434308841N07617843EA000000269655
B0716444308835N07617838EA000000269772
B0716454308829N07617833EA000000269880
B0716464308823N07617827EA000000269867
B0716474308817N07617823EA000000270062
B0716484308811N07617818EA000000270283
B0716494308807N07617813EA000000270523
B0716504308803N07617807EA000000270644
B0716514308798N07617801EA000000270694
B0716524308793N07617796EA000000270631
B0716534308786N07617791EA000000270472
B0716544308780N07617786EA000000270413
B0716554308774N07617781EA000000270553
B0716564308769N07617776EA000000270762
B0716574308764N07617771EA000000270874
B0716584308758N07617767EA000000270770
B0716594308752N07617763EA000000270520
B0717004308745N07617758EA000000270391
B0717014308740N07617752EA000000270328
B0717024308735N07617747EA000000270364
B0717034308731N07617741EA000000270359
B0717044308727N07617736EA000000270228
B0717054308722N07617732EA000000270122
B0717064308716N07617728EA000000269974
B0717074308710N07617723EA000000269575
B0717084308704N07617717EA000000269364
B0717094308697N07617711EA000000269294
B0717104308690N07617706EA000000269278
B0717114308683N07617703EA000000269358
B0717124308676N07617701EA000000269457
B0717134308669N07617699EA000000269576
B0717144308662N07617697EA000000269570
B0717154308655N07617694EA000000269536
B0717164308647N07617693EA000000269550
B0717174308639N07617692EA000000269574
B0717184308632N07617690EA000000269719
B0717194308624N07617688EA000000269991
B0717204308618N07617685EA000000270023
B0717214308611N07617683EA000000270233
B0717224308604N07617682EA000000270346
B0717234308597N07617683EA000000270384
B0717244308590N07617683EA000000270467
B0717254308582N07617682EA000000270585
B0717264308575N07617680EA000000270736
B0717274308568N07617678EA000000270842
B0717284308562N07617675EA000000270908
B0717294308555N07617673EA000000271036
B0717304308548N07617671EA000000271262
B0717314308541N07617668EA000000271211
B0717324308533N07617664EA000000271370
B0717334308526N07617659EA000000271475
B0717344308520N07617655EA000000271722
B0717354308514N07617651EA000000272142
B0717364308509N07617648EA000000272531
B0717374308504N07617644EA000000273038
B0717384308499N07617640EA000000273599
B0717394308496N07617634EA000000273810
B0717404308493N07617625EA000000274024
B0717414308491N07617615EA000000274220
B0717424308490N07617605EA000000274355
B0717434308490N07617596EA000000274446
B0717444308503N07617592EA000000274552
B0717454308510N07617592EA000000275115
B0717464308514N07617593EA000000275749
B0717474308516N07617595EA000000276578
B0717484308517N07617597EA000000277173
B0717494308518N07617599EA000000277605
B0717504308518N07617603EA000000277805
B0717514308517N07617608EA000000277833
B0717524308514N07617614EA000000277836
B0717534308508N07617618EA000000277963
B0717544308502N07617617EA000000278008
B0717554308494N07617612EA000000278269
B0717564308488N07617607EA000000278414
B0717574308486N07617598EA000000278591
B0717584308485N07617589EA000000279029
B0717594308484N07617581EA000000279439
B0718004308483N07617573EA000000279852
B0718014308482N07617563EA000000279965
B0718024308482N07617551EA000000280248
B0718034308483N07617542EA000000280800
B0718044308484N07617533EA000000281455
B0718054308485N07617524EA000000281959
B0718064308486N07617516EA000000282398
B0718074308489N07617508EA000000282641
B0718084308492N07617499EA000000283089
B0718094308496N07617492EA000000283497
B0718104308502N07617486EA000000283707
B0718114308507N07617481EA000000284047
B0718124308513N07617478EA000000284452
B0718134308519N07617476EA000000284648
B0718144308524N07617477EA000000284981
B0718154308530N07617480EA000000285001
B0718164308533N07617485EA000000285275
B0718174308536N07617492EA000000285316
B0718184308535N07617499EA000000285537
B0718194308532N07617505EA000000285724
B0718204308527N07617508EA000000285916
B0718214308520N07617509EA000000286060
B0718224308513N07617507EA000000286263
B0718234308507N07617505EA000000286440
B0718244308501N07617501EA000000286869
B0718254308496N07617496EA000000287128
B0718264308492N07617489EA000000287322
B0718274308489N07617479EA000000287467
B0718284308488N07617469EA000000287685
B0718294308489N07617458EA000000288038
B0718304308490N07617449EA000000288487
B0718314308492N07617441EA000000289021
B0718324308494N07617433EA000000289420
B0718334308497N07617425EA000000289702
B0718344308500N07617418EA000000289993
B0718354308505N07617411EA000000290097
B0718364308512N07617405EA000000290214
B0718374308518N07617400EA000000290411
B0718384308523N07617397EA000000290761
B0718394308529N07617395EA000000290988
B0718404308536N07617396EA000000290962
B0718414308543N07617398EA000000290845
B0718424308549N07617402EA000000290873
B0718434308553N07617407EA000000290966
B0718444308554N07617412EA000000291027
B0718454308553N07617418EA000000291174
B0718464308550N07617424EA000000291123
B0718474308549N07617430EA000000291248
B0718484308549N07617437EA000000291244
B0718494308548N07617443EA000000291544
B0718504308545N07617447EA000000291755
B0718514308541N07617450EA000000291860
B0718524308536N07617452EA000000291896
B0718534308530N07617454EA000000291871
B0718544308523N07617454EA000000291954
B0718554308516N07617451EA000000292059
B0718564308511N07617445EA000000292207
B0718574308507N07617437EA000000292427
B0718584308507N07617428EA000000292605
B0718594308507N07617420EA000000292967
B0719004308509N07617413EA000000293275
B0719014308513N07617406EA000000293366
B0719024308518N07617400EA000000293392
B0719034308526N07617395EA000000293508
B0719044308532N07617395EA000000293649
B0719054308538N07617399EA000000293707
B0719064308542N07617405EA000000294010
B0719074308543N07617410EA000000294313
B0719084308544N07617414EA000000294530
B0719094308545N07617418EA000000294774
B0719104308546N07617425EA000000294680
B0719114308545N07617432EA000000294345
B0719124308541N07617438EA000000294208
B0719134308535N07617442EA000000294212
B0719144308528N07617443EA000000294230
B0719154308522N07617442EA000000294221
B0719164308516N07617440EA000000294477
B0719174308511N07617439EA000000294512
B0719184308505N07617436EA000000294513
B0719194308498N07617430EA000000294469
B0719204308493N07617423EA000000294597
B0719214308491N07617416EA000000294602
B0719224308489N07617408EA000000294969
B0719234308489N07617402EA000000295276
B0719244308490N07617395EA000000295389
B0719254308492N07617389EA000000295441
B0719264308495N07617383EA000000295513
B0719274308498N07617377EA000000295667
B0719284308503N07617372EA000000295605
B0719294308507N07617368EA000000295675
B0719304308512N07617365EA000000295818
B0719314308516N07617363EA000000296044
B0719324308520N07617360EA000000296149
B0719334308525N07617358EA000000296123
B0719344308529N07617356EA000000296294
B0719354308533N07617357EA000000296480
B0719364308536N07617359EA000000296491
B0719374308539N07617363EA000000296569
B0719384308540N07617369EA000000296378
B0719394308539N07617377EA000000296200
B0719404308534N07617382EA000000296162
B0719414308528N07617385EA000000296060
B0719424308522N07617384EA000000296055
B0719434308516N07617381EA000000296117
B0719444308509N07617376EA000000296266
B0719454308504N07617370EA000000296330
B0719464308499N07617362EA000000296382
B0719474308496N07617353EA000000296394
B0719484308495N07617344EA000000296232
B0719494308494N07617335EA000000296262
B0719504308494N07617327EA000000296393
B0719514308495N07617320EA000000296351
B0719524308495N07617313EA000000296433
B0719534308494N07617305EA000000296465
B0719544308492N07617296EA000000296328
B0719554308490N07617286EA000000296015
B0719564308488N07617275EA000000295924
B0719574308487N07617264EA000000295946
B0719584308487N07617253EA000000295951
B0719594308489N07617242EA000000295953
B0720004308492N07617233EA000000295931
B0720014308496N07617226EA000000296011
B0720024308498N07617218EA000000295960
B0720034308499N07617209EA000000295790
B0720044308501N07617198EA000000295319
B0720054308503N07617189EA000000295204
B0720064308506N07617181EA000000295233
B0720074308509N07617175EA000000295392
B0720084308512N07617168EA000000295396
B0720094308515N07617161EA000000295517
B0720104308517N07617154EA000000295725
B0720114308520N07617147EA000000295823
B0720124308523N07617141EA000000295844
B0720134308526N07617135EA000000295978
B0720144308530N07617130EA000000295901
B0720154308533N07617123EA000000295946
B0720164308536N07617117EA000000295962
B0720174308539N07617110EA000000295986
B0720184308542N07617103EA000000295979
B0720194308545N07617096EA000000296017
B0720204308547N07617089EA000000296090
B0720214308548N07617080EA000000295956
B0720224308549N07617072EA000000295895
B0720234308550N07617064EA000000295784
B0720244308552N07617056EA000000295605
B0720254308553N07617049EA000000295792
B0720264308556N07617042EA000000295631
B0720274308559N07617034EA000000295524
B0720284308561N07617026EA000000295596
B0720294308563N07617019EA000000295575
B0720304308565N07617012EA000000295464
B0720314308568N07617005EA000000295312
B0720324308570N07616997EA000000295248
B0720334308573N07616989EA000000295108
B0720344308576N07616981EA000000294908
B0720354308578N07616973EA000000294774
B0720364308579N07616965EA000000294685
B0720374308581N07616957EA000000294537
B0720384308583N07616950EA000000294463
B0720394308587N07616943EA000000294240
B0720404308591N07616936EA000000294160
B0720414308595N07616929EA000000294184
B0720424308598N07616922EA000000294222
B0720434308599N07616914EA000000294402
B0720444308599N07616906EA000000294625
B0720454308599N07616898EA000000294897
B0720464308600N07616891EA000000294948
B0720474308602N07616882EA000000294859
B0720484308604N07616873EA000000294876
B0720494308607N07616864EA000000294819
B0720504308609N07616857EA000000295059
B0720514308611N07616851EA000000295223
B0720524308612N07616845EA000000295460
B0720534308613N07616838EA000000295585
B0720544308615N07616831EA000000295524
B0720554308617N07616823EA000000295457
B0720564308620N07616815EA000000295326
B0720574308622N07616807EA000000295374
B0720584308624N07616799EA000000295454
B0720594308626N07616791EA000000295528
B0721004308627N07616784EA000000295632
B0721014308628N07616775EA000000295637
B0721024308629N07616767EA000000295663
B0721034308631N07616758EA000000295620
B0721044308632N07616748EA000000295624
B0721054308632N07616740EA000000295752
B0721064308632N07616732EA000000295882
B0721074308633N07616724EA000000295863
B0721084308635N07616716EA000000295810
B0721094308637N07616707EA000000295804
B0721104308638N07616699EA000000295864
B0721114308639N07616691EA000000295983
B0721124308640N07616683EA000000296090
B0721134308641N07616674EA000000296131
B0721144308642N07616664EA000000296117
B0721154308642N07616655EA000000296142
B0721164308642N07616645EA000000296236
B0721174308642N07616636EA000000296346
B0721184308642N07616627EA000000296438
B0721194308641N07616619EA000000296477
B0721204308641N07616612EA000000296650
B0721214308642N07616604EA000000296614
B0721224308644N07616597EA000000296718
B0721234308648N07616592EA000000296717
B0721244308652N07616589EA000000296749
B0721254308656N07616588EA000000296830
B0721264308659N07616585EA000000296965
B0721274308662N07616579EA000000296978
B0721284308665N07616571EA000000296838
B0721294308666N07616561EA000000296878
B0721304308666N07616551EA000000296869
B0721314308665N07616543EA000000297050
B0721324308664N07616535EA000000297349
B0721334308663N07616529EA000000297480
B0721344308664N07616521EA000000297400
B0721354308663N07616511EA000000297371
B0721364308662N07616500EA000000297269
B0721374308660N07616490EA000000297198
B0721384308659N07616482EA000000297331
B0721394308658N07616474EA000000297521
B0721404308657N07616465EA000000297636
B0721414308655N07616456EA000000297781
B0721424308652N07616446EA000000297743
B0721434308647N07616438EA000000297630
B0721444308641N07616431EA000000297617
B0721454308634N07616428EA000000297890
B0721464308629N07616425EA000000298015
B0721474308623N07616423EA000000298056
B0721484308617N07616423EA000000298182
B0721494308611N07616424EA000000298060
B0721504308604N07616425EA000000297888
B0721514308598N07616427EA000000297604
B0721524308591N07616427EA000000297639
B0721534308585N07616428EA000000297644
B0721544308579N07616428EA000000297736
B0721554308573N07616429EA000000297767
B0721564308567N07616431EA000000297765
B0721574308561N07616433EA000000297609
B0721584308554N07616436EA000000297642
B0721594308547N07616438EA000000297793
B0722004308541N07616440EA000000297983
B0722014308536N07616442EA000000298120
B0722024308530N07616443EA000000298269
B0722034308525N07616446EA000000298303
B0722044308519N07616449EA000000298588
B0722054308515N07616454EA000000298612
B0722064308511N07616458EA000000298659
B0722074308508N07616463EA000000298701
B0722084308503N07616467EA000000298872
B0722094308499N07616470EA000000298835
B0722104308494N07616474EA000000298824
B0722114308489N07616478EA000000298937
B0722124308486N07616483EA000000299104
B0722134308484N07616488EA000000299454
B0722144308484N07616493EA000000299640
B0722154308486N07616496EA000000299850
B0722164308491N07616496EA000000299905
B0722174308495N07616492EA000000300087
B0722184308499N07616484EA000000300225
B0722194308499N07616473EA000000300452
B0722204308497N07616462EA000000300639
B0722214308493N07616454EA000000301086
B0722224308489N07616448EA000000301456
B0722234308484N07616444EA000000301610
B0722244308477N07616441EA000000301760
B0722254308470N07616441EA000000301740
B0722264308464N07616444EA000000301840
B0722274308461N07616450EA000000301867
B0722284308462N07616458EA000000301843
B0722294308465N07616463EA000000301898
B0722304308471N07616464EA000000301935
B0722314308476N07616460EA000000302205
B0722324308479N07616454EA000000302642
B0722334308481N07616446EA000000303058
B0722344308482N07616439EA000000303382
B0722354308483N07616431EA000000303522
B0722364308482N07616422EA000000303712
B0722374308478N07616412EA000000303879
B0722384308473N07616404EA000000303846
B0722394308465N07616400EA000000303898
B0722404308458N07616402EA000000303881
B0722414308453N07616407EA000000303775
B0722424308451N07616414EA000000303895
B0722434308452N07616419EA000000304089
B0722444308456N07616422EA000000304117
B0722454308460N07616422EA000000304394
B0722464308466N07616418EA000000304325
B0722474308470N07616411EA000000304346
B0722484308472N07616403EA000000304642
B0722494308471N07616393EA000000304855
B0722504308469N07616384EA000000305104
B0722514308464N07616376EA000000305394
B0722524308459N07616369EA000000305457
B0722534308453N07616365EA000000305542
B0722544308447N07616362EA000000305709
B0722554308441N07616363EA000000305939
B0722564308436N07616367EA000000306043
B0722574308432N07616372EA000000306052
B0722584308430N07616378EA000000306123
B0722594308429N07616383EA000000306179
B0723004308431N07616389EA000000306103
B0723014308434N07616393EA000000306125
B0723024308438N07616395EA000000306253
B0723034308442N07616394EA000000306393
B0723044308446N07616390EA000000306467
B0723054308450N07616384EA000000306511
B0723064308451N07616374EA000000306636
B0723074308449N07616364EA000000306777
B0723084308445N07616356EA000000306814
B0723094308439N07616349EA000000306719
B0723104308431N07616346EA000000306879
B0723114308425N07616347EA000000306908
B0723124308419N07616351EA000000307090
B0723134308417N07616356EA000000307201
B0723144308416N07616361EA000000307462
B0723154308418N07616366EA000000307443
B0723164308422N07616370EA000000307313
B0723174308426N07616371EA000000307398
B0723184308431N07616369EA000000307461
B0723194308435N07616364EA000000307582
B0723204308437N07616355EA000000307574
B0723214308438N07616345EA000000307607
B0723224308436N07616336EA000000307834
B0723234308432N07616328EA000000308094
B0723244308427N07616321EA000000308085
B0723254308421N07616316EA000000307950
B0723264308414N07616314EA000000307925
B0723274308407N07616315EA000000307978
B0723284308403N07616320EA000000307926
B0723294308400N07616326EA000000308051
B0723304308400N07616331EA000000308007
B0723314308399N07616337EA000000308092
B0723324308400N07616342EA000000308101
B0723334308400N07616346EA000000308285
B0723344308402N07616350EA000000308289
B0723354308406N07616353EA000000308361
B0723364308410N07616352EA000000308371
B0723374308415N07616348EA000000308305
B0723384308418N07616341EA000000308324
B0723394308420N07616333EA000000308444
B0723404308422N07616326EA000000308563
B0723414308425N07616320EA000000308632
B0723424308428N07616313EA000000308669
B0723434308431N07616306EA000000308568
B0723444308433N07616298EA000000308670
B0723454308433N07616287EA000000308665
B0723464308430N07616276EA000000308778
B0723474308425N07616267EA000000308749
B0723484308419N07616261EA000000308705
B0723494308412N07616258EA000000308828
B0723504308405N07616258EA000000308876
B0723514308400N07616260EA000000308846
B0723524308396N07616264EA000000308813
B0723534308393N07616269EA000000308854
B0723544308394N07616275EA000000308820
B0723554308397N07616279EA000000308518
B0723564308401N07616280EA000000308492
B0723574308406N07616276EA000000308463
B0723584308410N07616268EA000000308511
B0723594308411N07616258EA000000308546
B0724004308411N07616250EA000000308695
B0724014308412N07616242EA000000308702
B0724024308411N07616233EA000000308857
B0724034308409N07616224EA000000308888
B0724044308406N07616216EA000000308814
B0724054308401N07616208EA000000308736
B0724064308396N07616200EA000000308784
B0724074308394N07616191EA000000308703
B0724084308393N07616181EA000000308611
B0724094308394N07616171EA000000308611
B0724104308395N07616161EA000000308649
B0724114308396N07616153EA000000308651
B0724124308397N07616144EA000000308728
B0724134308397N07616135EA000000308868
B0724144308398N07616125EA000000308848
B0724154308399N07616115EA000000308764
B0724164308401N07616105EA000000308614
B0724174308402N07616095EA000000308543
B0724184308403N07616085EA000000308645
B0724194308404N07616076EA000000308723
B0724204308405N07616067EA000000308722
B0724214308406N07616058EA000000308670
B0724224308408N07616048EA000000308542
B0724234308409N07616038EA000000308594
B0724244308410N07616028EA000000308504
B0724254308410N07616017EA000000308499
B0724264308411N07616006EA000000308387
B0724274308412N07615995EA000000308144
B0724284308412N07615983EA000000307999
B0724294308413N07615973EA000000307943
B0724304308414N07615962EA000000307735
B0724314308415N07615951EA000000307626
B0724324308416N07615941EA000000307550
B0724334308418N07615930EA000000307315
B0724344308419N07615919EA000000307204
B0724354308420N07615908EA000000307052
B0724364308421N07615897EA000000306963
B0724374308423N07615886EA000000306712
B0724384308424N07615874EA000000306685
B0724394308426N07615862EA000000306518
B0724404308426N07615851EA000000306482
B0724414308427N07615839EA000000306437
B0724424308428N07615828EA000000306381
B0724434308430N07615816EA000000306202
B0724444308431N07615804EA000000306039
B0724454308432N07615793EA000000305843
B0724464308432N07615781EA000000305596
B0724474308433N07615770EA000000305280
B0724484308435N07615757EA000000305026
B0724494308436N07615745EA000000304746
B0724504308436N07615734EA000000304565
B0724514308437N07615723EA000000304388
B0724524308438N07615713EA000000304176
B0724534308440N07615703EA000000303916
B0724544308441N07615692EA000000303667
B0724554308442N07615681EA000000303241
B0724564308442N07615670EA000000302990
B0724574308443N07615659EA000000302886
B0724584308444N07615650EA000000302790
B0724594308445N07615639EA000000302638
B0725004308446N07615629EA000000302326
B0725014308447N07615619EA000000302123
B0725024308448N07615609EA000000301912
B0725034308450N07615599EA000000301714
B0725044308451N07615589EA000000301373
B0725054308453N07615579EA000000301132
B0725064308455N07615569EA000000301041
B0725074308457N07615559EA000000300819
B0725084308458N07615551EA000000300761
B0725094308461N07615541EA000000300508
B0725104308464N07615532EA000000300324
B0725114308466N07615523EA000000300081
B0725124308468N07615514EA000000299881
B0725134308470N07615504EA000000299678
B0725144308471N07615496EA000000299491
B0725154308472N07615487EA000000299268
B0725164308473N07615479EA000000298984
B0725174308474N07615471EA000000298760
B0725184308475N07615462EA000000298240
B0725194308476N07615453EA000000297981
B0725204308478N07615444EA000000297650
B0725214308480N07615436EA000000297390
B0725224308484N07615428EA000000297146
B0725234308487N07615422EA000000296985
B0725244308491N07615416EA000000296746
B0725254308494N07615410EA000000296471
B0725264308498N07615402EA000000296004
B0725274308501N07615393EA000000295789
B0725284308506N07615385EA000000295417
B0725294308510N07615378EA000000295435
B0725304308514N07615372EA000000295431
B0725314308518N07615365EA000000295546
B0725324308522N07615358EA000000295413
B0725334308525N07615351EA000000295310
B0725344308527N07615342EA000000295258
B0725354308530N07615334EA000000295009
B0725364308532N07615327EA000000295064
B0725374308535N07615320EA000000295085
B0725384308538N07615313EA000000295078
B0725394308541N07615306EA000000294918
B0725404308543N07615299EA000000294903
B0725414308544N07615291EA000000294740
B0725424308545N07615282EA000000294560
B0725434308547N07615272EA000000294414
B0725444308548N07615263EA000000294393
B0725454308550N07615254EA000000294358
B0725464308552N07615246EA000000294327
B0725474308553N07615238EA000000294251
B0725484308554N07615229EA000000294201
B0725494308554N07615220EA000000294134
B0725504308555N07615212EA000000294105
B0725514308556N07615205EA000000294260
B0725524308558N07615197EA000000294255
B0725534308560N07615189EA000000294253
B0725544308561N07615181EA000000294263
B0725554308563N07615173EA000000294204
B0725564308564N07615166EA000000294261
B0725574308566N07615158EA000000294227
B0725584308567N07615151EA000000294252
B0725594308568N07615143EA000000294164
B0726004308569N07615135EA000000294052
B0726014308570N07615126EA000000293949
B0726024308571N07615118EA000000293845
B0726034308572N07615111EA000000293832
B0726044308573N07615105EA000000293765
B0726054308574N07615099EA000000293738
B0726064308575N07615093EA000000293610
B0726074308575N07615085EA000000293451
B0726084308575N07615075EA000000293077
B0726094308575N07615067EA000000292980
B0726104308576N07615059EA000000293081
B0726114308577N07615051EA000000293027
B0726124308576N07615045EA000000293141
B0726134308576N07615038EA000000293131
B0726144308575N07615031EA000000293154
B0726154308575N07615024EA000000293003
B0726164308574N07615018EA000000292930
B0726174308572N07615012EA000000292881
B0726184308571N07615005EA000000292779
B0726194308570N07614998EA000000292588
B0726204308570N07614991EA000000292390
B0726214308571N07614983EA000000292157
B0726224308572N07614977EA000000292170
B0726234308573N07614970EA000000292082
B0726244308575N07614963EA000000292001
B0726254308574N07614955EA000000292082
B0726264308574N07614947EA000000292068
B0726274308574N07614941EA000000292107
B0726284308573N07614937EA000000292350
B0726294308573N07614931EA000000292345
B0726304308573N07614924EA000000292206
B0726314308573N07614917EA000000292127
B0726324308573N07614910EA000000292025
B0726334308573N07614904EA000000292040
B0726344308573N07614898EA000000292135
B0726354308573N07614892EA000000292026
B0726364308572N07614886EA000000292093
B0726374308572N07614879EA000000291966
B0726384308572N07614873EA000000291961
B0726394308572N07614867EA000000291984
B0726404308573N07614861EA000000291919
B0726414308573N07614856EA000000291956
B0726424308574N07614850EA000000291938
B0726434308574N07614844EA000000291752
B0726444308575N07614836EA000000291639
B0726454308576N07614829EA000000291557
B0726464308578N07614824EA000000291632
B0726474308579N07614819EA000000291746
B0726484308580N07614815EA000000291701
B0726494308579N07614809EA000000291719
B0726504308577N07614804EA000000291560
B0726514308575N07614797EA000000291386
B0726524308574N07614791EA000000291154
B0726534308574N07614785EA000000291171
B0726544308575N07614778EA000000291067
B0726554308577N07614771EA000000290929
B0726564308578N07614765EA000000290855
B0726574308579N07614760EA000000290831
B0726584308579N07614754EA000000290757
B0726594308579N07614748EA000000290727
B0727004308578N07614742EA000000290643
B0727014308577N07614734EA000000290447
B0727024308577N07614727EA000000290407
B0727034308577N07614721EA000000290514
B0727044308577N07614716EA000000290600
B0727054308576N07614710EA000000290742
B0727064308574N07614704EA000000290875
B0727074308570N07614699EA000000290995
B0727084308566N07614695EA000000290803
B0727094308559N07614694EA000000290847
B0727104308552N07614697EA000000290778
B0727114308547N07614704EA000000290980
B0727124308545N07614712EA000000291126
B0727134308545N07614721EA000000291225
B0727144308546N07614730EA000000291295
B0727154308550N07614737EA000000291250
B0727164308554N07614739EA000000291489
B0727174308558N07614739EA000000291581
B0727184308562N07614735EA000000291565
B0727194308565N07614730EA000000291769
B0727204308567N07614725EA000000291947
B0727214308566N07614720EA000000292274
B0727224308563N07614715EA000000292353
B0727234308557N07614711EA000000292498
B0727244308550N07614711EA000000292438
B0727254308543N07614716EA000000292320
B0727264308538N07614723EA000000292337
B0727274308536N07614733EA000000292421
B0727284308537N07614742EA000000292473
B0727294308540N07614748EA000000292488
B0727304308545N07614752EA000000292402
B0727314308549N07614752EA000000292657
B0727324308553N07614751EA000000292688
B0727334308557N07614749EA000000292846
B0727344308559N07614744EA000000293055
B0727354308559N07614738EA000000293021
B0727364308555N07614731EA000000293048
B0727374308549N07614727EA000000292957
B0727384308542N07614728EA000000293138
B0727394308536N07614734EA000000293134
B0727404308532N07614742EA000000293149
B0727414308531N07614752EA000000293213
B0727424308531N07614761EA000000293454
B0727434308533N07614768EA000000293664
B0727444308536N07614773EA000000293797
B0727454308541N07614775EA000000293846
B0727464308545N07614774EA000000293898
B0727474308549N07614769EA000000293786
B0727484308550N07614762EA000000293880
B0727494308548N07614754EA000000293838
B0727504308543N07614749EA000000294095
B0727514308539N07614746EA000000294201
B0727524308534N07614744EA000000294571
B0727534308530N07614743EA000000294731
B0727544308525N07614744EA000000295012
B0727554308519N07614748EA000000295016
B0727564308514N07614755EA000000294927
B0727574308510N07614764EA000000295096
B0727584308510N07614773EA000000295169
B0727594308512N07614781EA000000295179
B0728004308517N07614786EA000000295134
B0728014308522N07614786EA000000295256
B0728024308526N07614784EA000000295251
B0728034308529N07614780EA000000295310
B0728044308530N07614775EA000000295543
B0728054308530N07614770EA000000295741
B0728064308529N07614764EA000000295804
B0728074308526N07614758EA000000295835
B0728084308522N07614752EA000000295732
B0728094308517N07614746EA000000295765
B0728104308513N07614741EA000000296069
B0728114308510N07614737EA000000296358
B0728124308508N07614734EA000000296707
B0728134308504N07614731EA000000296715
B0728144308498N07614729EA000000296843
B0728154308490N07614730EA000000296883
B0728164308483N07614736EA000000296872
B0728174308479N07614744EA000000296927
B0728184308478N07614754EA000000297073
B0728194308482N07614760EA000000297053
B0728204308485N07614765EA000000296895
B0728214308489N07614767EA000000296981
B0728224308495N07614759EA000000296834
B0728234308494N07614749EA000000296773
B0728244308483N07614742EA000000296709
B0728254308477N07614741EA000000297104
B0728264308471N07614742EA000000297431
B0728274308465N07614743EA000000297711
B0728284308458N07614746EA000000297935
B0728294308452N07614752EA000000298034
B0728304308448N07614762EA000000298175
B0728314308449N07614772EA000000298078
B0728324308454N07614778EA000000297843
B0728334308459N07614780EA000000297736
B0728344308463N07614776EA000000297902
B0728354308463N07614769EA000000298259
B0728364308461N07614763EA000000298354
B0728374308458N07614757EA000000298444
B0728384308454N07614751EA000000298439
B0728394308449N07614748EA000000298607
B0728404308442N07614748EA000000298845
B0728414308434N07614751EA000000298764
B0728424308427N07614757EA000000298784
B0728434308423N07614766EA000000298720
B0728444308422N07614775EA000000298856
B0728454308424N07614784EA000000298733
B0728464308428N07614790EA000000298740
B0728474308433N07614792EA000000298702
B0728484308436N07614791EA000000298758
B0728494308439N07614788EA000000298805
B0728504308440N07614782EA000000299003
B0728514308438N07614775EA000000299070
B0728524308434N07614769EA000000299191
B0728534308430N07614764EA000000299114
B0728544308423N07614762EA000000299395
B0728554308417N07614764EA000000299453
B0728564308411N07614768EA000000299306
B0728574308405N07614775EA000000299484
B0728584308402N07614784EA000000299533
B0728594308401N07614794EA000000299600
B0729004308401N07614802EA000000299557
B0729014308403N07614810EA000000299582
B0729024308407N07614815EA000000299406
B0729034308411N07614816EA000000299428
B0729044308414N07614814EA000000299388
B0729054308417N07614808EA000000299152
B0729064308416N07614799EA000000299139
B0729074308413N07614793EA000000299206
B0729084308407N07614789EA000000299321
B0729094308401N07614787EA000000299417
B0729104308394N07614789EA000000299318
B0729114308387N07614793EA000000299225
B0729124308380N07614798EA000000299380
B0729134308375N07614803EA000000299581
B0729144308371N07614809EA000000299692
B0729154308369N07614817EA000000299664
B0729164308370N07614826EA000000299515
B0729174308373N07614833EA000000299379
B0729184308378N07614837EA000000299240
B0729194308382N07614834EA000000299175
B0729204308385N07614827EA000000299006
B0729214308384N07614820EA000000299076
B0729224308383N07614814EA000000298949
B0729234308382N07614809EA000000299039
B0729244308380N07614804EA000000299045
B0729254308377N07614797EA000000299018
B0729264308372N07614791EA000000298890
B0729274308369N07614785EA000000298803
B0729284308365N07614780EA000000298836
B0729294308362N07614776EA000000298926
B0729304308359N07614773EA000000299034
B0729314308356N07614770EA000000298803
B0729324308351N07614766EA000000298681
B0729334308347N07614761EA000000298242
B0729344308343N07614755EA000000297919
B0729354308339N07614750EA000000297811
B0729364308336N07614745EA000000297810
B0729374308334N07614739EA000000297736
B0729384308333N07614733EA000000297573
B0729394308334N07614726EA000000297214
B0729404308335N07614720EA000000296952
B0729414308337N07614714EA000000296723
B0729424308338N07614709EA000000296644
B0729434308339N07614704EA000000296501
B0729444308339N07614698EA000000296238
B0729454308340N07614692EA000000295927
B0729464308341N07614685EA000000295587
B0729474308343N07614678EA000000295161
B0729484308344N07614670EA000000294864
B0729494308344N07614663EA000000294691
B0729504308345N07614656EA000000294528
B0729514308346N07614651EA000000294483
B0729524308348N07614646EA000000294292
B0729534308350N07614640EA000000293993
B0729544308352N07614633EA000000293615
B0729554308352N07614626EA000000293434
B0729564308352N07614619EA000000293130
B0729574308352N07614612EA000000292902
B0729584308351N07614604EA000000292799
B0729594308351N07614597EA000000292531
B0730004308350N07614589EA000000292594
B0730014308350N07614582EA000000292644
B0730024308350N07614576EA000000292841
B0730034308350N07614569EA000000292955
B0730044308350N07614562EA000000293065
B0730054308350N07614554EA000000293189
B0730064308351N07614548EA000000293256
B0730074308352N07614543EA000000293547
B0730084308352N07614539EA000000294048
B0730094308351N07614536EA000000294250
B0730104308347N07614533EA000000294390
B0730114308342N07614529EA000000294268
B0730124308335N07614529EA000000294048
B0730134308329N07614533EA000000294001
B0730144308324N07614539EA000000294196
B0730154308323N07614548EA000000294256
B0730164308324N07614557EA000000294215
B0730174308326N07614565EA000000294278
B0730184308331N07614570EA000000294175
B0730194308337N07614571EA000000294355
B0730204308343N07614567EA000000294457
B0730214308346N07614559EA000000294339
B0730224308347N07614551EA000000294448
B0730234308346N07614544EA000000294618
B0730244308342N07614539EA000000294862
B0730254308337N07614537EA000000295154
B0730264308331N07614539EA000000295056
B0730274308327N07614547EA000000295167
B0730284308326N07614557EA000000294961
B0730294308329N07614565EA000000295004
B0730304308333N07614570EA000000295155
B0730314308338N07614572EA000000295242
B0730324308343N07614571EA000000295581
B0730334308348N07614566EA000000295633
B0730344308351N07614559EA000000295634
B0730354308352N07614550EA000000295829
B0730364308351N07614541EA000000295817
B0730374308348N07614533EA000000295900
B0730384308342N07614526EA000000295982
B0730394308336N07614524EA000000296032
B0730404308330N07614525EA000000296019
B0730414308325N07614531EA000000296158
B0730424308323N07614538EA000000296302
B0730434308323N07614545EA000000296667
B0730444308327N07614550EA000000296708
B0730454308332N07614552EA000000296853
B0730464308338N07614549EA000000296915
B0730474308342N07614543EA000000297173
B0730484308345N07614535EA000000297427
B0730494308345N07614526EA000000297678
B0730504308344N07614517EA000000297898
B0730514308342N07614509EA000000298039
B0730524308338N07614503EA000000298240
B0730534308333N07614498EA000000298305
B0730544308326N07614497EA000000298578
B0730554308320N07614500EA000000298478
B0730564308316N07614507EA000000298583
B0730574308316N07614515EA000000298698
B0730584308320N07614522EA000000298750
B0730594308326N07614523EA000000298641
B0731004308331N07614520EA000000298943
B0731014308335N07614513EA000000299185
B0731024308338N07614505EA000000299308
B0731034308338N07614497EA000000299621
B0731044308336N07614489EA000000299937
B0731054308333N07614482EA000000300033
B0731064308328N07614475EA000000300196
B0731074308323N07614470EA000000300134
B0731084308316N07614468EA000000300238
B0731094308309N07614471EA000000300258
B0731104308305N07614478EA000000300120
B0731114308304N07614485EA000000300236
B0731124308306N07614491EA000000300396
B0731134308311N07614494EA000000300482
B0731144308316N07614493EA000000300690
B0731154308321N07614487EA000000300830
B0731164308324N07614479EA000000300945
B0731174308326N07614472EA000000301120
B0731184308326N07614465EA000000301400
B0731194308324N07614458EA000000301730
B0731204308321N07614451EA000000301912
B0731214308316N07614444EA000000302029
B0731224308310N07614440EA000000302018
B0731234308303N07614440EA000000302241
B0731244308297N07614442EA000000302433
B0731254308292N07614447EA000000302657
B0731264308290N07614455EA000000302610
B0731274308290N07614461EA000000302898
B0731284308293N07614466EA000000302916
B0731294308296N07614469EA000000303053
B0731304308300N07614469EA000000303180
B0731314308304N07614466EA000000303273
B0731324308308N07614461EA000000303320
B0731334308309N07614453EA000000303492
B0731344308309N07614444EA000000303644
B0731354308305N07614436EA000000303894
B0731364308301N07614429EA000000303908
B0731374308294N07614426EA000000304189
B0731384308288N07614426EA000000304599
B0731394308283N07614428EA000000304779
B0731404308279N07614432EA000000305057
B0731414308276N07614437EA000000305159
B0731424308275N07614444EA000000305276
B0731434308277N07614451EA000000305320
B0731444308280N07614455EA000000305474
B0731454308285N07614456EA000000305575
B0731464308290N07614455EA000000305600
B0731474308293N07614450EA000000305673
B0731484308296N07614444EA000000305753
B0731494308298N07614437EA000000305971
B0731504308299N07614429EA000000306061
B0731514308298N07614420EA000000306178
B0731524308295N07614413EA000000306213
B0731534308290N07614407EA000000306227
B0731544308284N07614403EA000000306368
B0731554308279N07614402EA000000306510
B0731564308273N07614402EA000000306759
B0731574308268N07614405EA000000306887
B0731584308265N07614411EA000000306934
B0731594308263N07614418EA000000306980
B0732004308264N07614424EA000000307168
B0732014308267N07614430EA000000307131
B0732024308271N07614433EA000000307255
B0732034308276N07614434EA000000307412
B0732044308280N07614432EA000000307645
B0732054308285N07614428EA000000307814
B0732064308289N07614422EA000000307923
B0732074308291N07614414EA000000308065
B0732084308291N07614405EA000000308224
B0732094308287N07614398EA000000308340
B0732104308280N07614394EA000000308475
B0732114308273N07614395EA000000308436
B0732124308267N07614400EA000000308580
B0732134308264N07614405EA000000308735
B0732144308261N07614411EA000000309183
B0732154308260N07614417EA000000309365
B0732164308260N07614424EA000000309403
B0732174308260N07614431EA000000309374
B0732184308263N07614437EA000000309349
B0732194308268N07614441EA000000309356
B0732204308274N07614441EA000000309449
B0732214308279N07614438EA000000309549
B0732224308283N07614432EA000000309543
B0732234308284N07614423EA000000309669
B0732244308283N07614415EA000000309764
B0732254308280N07614408EA000000309805
B0732264308274N07614404EA000000309960
B0732274308268N07614402EA000000310036
B0732284308262N07614404EA000000310138
B0732294308257N07614409EA000000310452
B0732304308254N07614415EA000000310628
B0732314308252N07614423EA000000310785
B0732324308253N07614430EA000000310833
B0732334308255N07614436EA000000310994
B0732344308260N07614440EA000000311053
B0732354308265N07614440EA000000311087
B0732364308270N07614437EA000000311183
B0732374308274N07614429EA000000311069
B0732384308276N07614421EA000000311000
B0732394308274N07614412EA000000311192
B0732404308271N07614405EA000000311289
B0732414308266N07614401EA000000311271
B0732424308260N07614398EA000000311386
B0732434308254N07614398EA000000311548
B0732444308248N07614402EA000000311663
B0732454308244N07614407EA000000311719
B0732464308241N07614415EA000000311888
B0732474308241N07614423EA000000312059
B0732484308243N07614430EA000000312066
B0732494308247N07614434EA000000312179
B0732504308252N07614436EA000000312251
B0732514308257N07614434EA000000312452
B0732524308261N07614428EA000000312399
B0732534308264N07614421EA000000312365
B0732544308265N07614413EA000000312487
B0732554308265N07614406EA000000312524
B0732564308262N07614399EA000000312679
B0732574308258N07614393EA000000312686
B0732584308253N07614388EA000000312666
B0732594308247N07614386EA000000312730
B0733004308240N07614386EA000000312748
B0733014308235N07614390EA000000312808
B0733024308231N07614397EA000000313031
B0733034308230N07614404EA000000313049
B0733044308232N07614412EA000000313115
B0733054308235N07614416EA000000313285
B0733064308240N07614417EA000000313462
B0733074308244N07614415EA000000313690
B0733084308248N07614411EA000000313770
B0733094308251N07614405EA000000313824
B0733104308252N07614398EA000000314035
B0733114308252N07614390EA000000314106
B0733124308249N07614382EA000000314249
B0733134308244N07614377EA000000314381
B0733144308239N07614374EA000000314525
B0733154308233N07614374EA000000314622
B0733164308227N07614375EA000000314613
B0733174308221N07614378EA000000314615
B0733184308216N07614384EA000000314648
B0733194308213N07614391EA000000314657
B0733204308213N07614399EA000000314602
B0733214308214N07614406EA000000314621
B0733224308216N07614411EA000000314665
B0733234308218N07614416EA000000314654
B0733244308221N07614418EA000000314795
B0733254308225N07614417EA000000314852
B0733264308228N07614412EA000000314852
B0733274308227N07614403EA000000314855
B0733284308223N07614396EA000000314835
B0733294308217N07614393EA000000315112
B0733304308210N07614394EA000000315433
B0733314308204N07614396EA000000315350
B0733324308198N07614396EA000000315399
B0733334308193N07614396EA000000315255
B0733344308188N07614397EA000000315224
B0733354308183N07614401EA000000315238
B0733364308180N07614409EA000000315074
B0733374308181N07614418EA000000314651
B0733384308186N07614424EA000000314433
B0733394308192N07614424EA000000314432
B0733404308196N07614418EA000000314399
B0733414308196N07614409EA000000314285
B0733424308195N07614401EA000000314298
B0733434308196N07614396EA000000314301
B0733444308196N07614391EA000000314432
B0733454308196N07614386EA000000314602
B0733464308194N07614380EA000000314679
B0733474308192N07614375EA000000314594
B0733484308190N07614369EA000000314426
B0733494308187N07614363EA000000314479
B0733504308184N07614359EA000000314640
B0733514308181N07614353EA000000314757
B0733524308179N07614347EA000000314888
B0733534308179N07614340EA000000314885
B0733544308181N07614333EA000000314845
B0733554308183N07614326EA000000314756
B0733564308184N07614320EA000000314942
B0733574308184N07614315EA000000315250
B0733584308184N07614310EA000000315474
B0733594308185N07614305EA000000315653
B0734004308187N07614298EA000000315708
B0734014308188N07614291EA000000315849
B0734024308190N07614287EA000000316103
B0734034308191N07614283EA000000316607
B0734044308192N07614281EA000000317121
B0734054308193N07614277EA000000317327
B0734064308194N07614272EA000000317447
B0734074308194N07614266EA000000317607
B0734084308191N07614261EA000000317841
B0734094308186N07614256EA000000318117
B0734104308179N07614254EA000000318208
B0734114308170N07614257EA000000318288
B0734124308163N07614263EA000000318128
B0734134308157N07614272EA000000318270
B0734144308154N07614281EA000000318397
B0734154308153N07614290EA000000318450
B0734164308154N07614296EA000000318575
B0734174308156N07614302EA000000318690
B0734184308160N07614304EA000000318849
B0734194308164N07614305EA000000318932
B0734204308167N07614302EA000000319077
B0734214308169N07614298EA000000319281
B0734224308171N07614293EA000000319505
B0734234308171N07614290EA000000319992
B0734244308172N07614286EA000000320278
B0734254308172N07614283EA000000320491
B0734264308171N07614277EA000000320738
B0734274308168N07614271EA000000320917
B0734284308163N07614266EA000000321060
B0734294308158N07614262EA000000321394
B0734304308155N07614259EA000000321652
B0734314308152N07614255EA000000321897
B0734324308150N07614250EA000000321986
B0734334308149N07614244EA000000321845
B0734344308148N07614237EA000000321798
B0734354308149N07614232EA000000321642
B0734364308150N07614226EA000000321671
B0734374308152N07614219EA000000321559
B0734384308154N07614214EA000000321574
B0734394308157N07614208EA000000321518
B0734404308159N07614203EA000000321540
B0734414308161N07614197EA000000321432
B0734424308163N07614190EA000000321445
B0734434308165N07614183EA000000321238
B0734444308167N07614177EA000000320970
B0734454308170N07614170EA000000320711
B0734464308172N07614163EA000000320541
B0734474308174N07614156EA000000320456
B0734484308176N07614149EA000000320347
B0734494308178N07614142EA000000320216
B0734504308179N07614135EA000000320065
B0734514308181N07614127EA000000319863
B0734524308182N07614118EA000000319786
B0734534308183N07614109EA000000319445
B0734544308182N07614099EA000000319247
B0734554308180N07614089EA000000319287
B0734564308178N07614080EA000000319369
B0734574308177N07614073EA000000319524
B0734584308176N07614066EA000000319786
B0734594308176N07614059EA000000319822
B0735004308175N07614051EA000000320091
B0735014308175N07614042EA000000320182
B0735024308176N07614032EA000000320276
B0735034308178N07614024EA000000320421
B0735044308179N07614017EA000000320752
B0735054308180N07614011EA000000321114
B0735064308180N07614005EA000000321429
B0735074308180N07613999EA000000321573
B0735084308182N07613991EA000000321448
B0735094308184N07613984EA000000321342
B0735104308187N07613977EA000000321294
B0735114308190N07613972EA000000321220
B0735124308191N07613966EA000000321496
B0735134308192N07613961EA000000321772
B0735144308193N07613955EA000000321814
B0735154308194N07613949EA000000321833
B0735164308196N07613942EA000000321867
B0735174308201N07613937EA000000321800
B0735184308204N07613932EA000000322074
B0735194308207N07613927EA000000322357
B0735204308210N07613922EA000000322419
B0735214308212N07613917EA000000322563
B0735224308216N07613910EA000000322503
B0735234308219N07613902EA000000322434
B0735244308222N07613894EA000000322547
B0735254308225N07613888EA000000322400
B0735264308227N07613881EA000000322366
B0735274308229N07613876EA000000322450
B0735284308231N07613869EA000000322359
B0735294308233N07613862EA000000322139
B0735304308235N07613854EA000000321936
B0735314308237N07613846EA000000321889
B0735324308240N07613840EA000000321855
B0735334308243N07613834EA000000321989
B0735344308247N07613829EA000000321898
B0735354308251N07613824EA000000321771
B0735364308255N07613818EA000000321781
B0735374308259N07613811EA000000321752
B0735384308263N07613804EA000000321625
B0735394308266N07613797EA000000321735
B0735404308269N07613791EA000000321851
B0735414308272N07613785EA000000321974
B0735424308276N07613779EA000000321991
B0735434308281N07613772EA000000322014
B0735444308284N07613764EA000000322169
B0735454308287N07613757EA000000322356
B0735464308290N07613751EA000000322530
B0735474308292N07613744EA000000322833
B0735484308293N07613737EA000000323096
B0735494308296N07613730EA000000323111
B0735504308298N07613721EA000000323277
B0735514308301N07613713EA000000323156
B0735524308304N07613707EA000000323260
B0735534308306N07613701EA000000323598
B0735544308308N07613696EA000000323697
B0735554308310N07613690EA000000323618
B0735564308312N07613682EA000000323518
B0735574308314N07613674EA000000323220
B0735584308316N07613666EA000000323173
B0735594308319N07613659EA000000323164
B0736004308322N07613653EA000000323212
B0736014308325N07613646EA000000323205
B0736024308327N07613638EA000000323238
B0736034308330N07613630EA000000323065
B0736044308333N07613622EA000000322984
B0736054308337N07613614EA000000322807
B0736064308340N07613607EA000000322746
B0736074308343N07613600EA000000322880
B0736084308346N07613592EA000000322829
B0736094308348N07613585EA000000322876
B0736104308351N07613578EA000000322748
B0736114308354N07613571EA000000322787
B0736124308357N07613564EA000000322596
B0736134308361N07613557EA000000322301
B0736144308364N07613549EA000000322258
B0736154308368N07613542EA000000322016
B0736164308371N07613536EA000000321943
B0736174308374N07613529EA000000321988
B0736184308377N07613522EA000000321827
B0736194308380N07613515EA000000321707
B0736204308382N07613509EA000000321620
B0736214308385N07613501EA000000321509
B0736224308388N07613494EA000000321343
B0736234308391N07613486EA000000321073
B0736244308394N07613477EA000000320987
B0736254308397N07613470EA000000320871
B0736264308400N07613463EA000000320840
B0736274308402N07613456EA000000320892
B0736284308406N07613449EA000000320822
B0736294308409N07613441EA000000320863
B0736304308412N07613432EA000000320669
B0736314308415N07613424EA000000320673
B0736324308418N07613415EA000000320586
B0736334308421N07613407EA000000320527
B0736344308423N07613400EA000000320513
B0736354308424N07613393EA000000320596
B0736364308426N07613386EA000000320568
B0736374308428N07613379EA000000320435
B0736384308430N07613371EA000000320249
B0736394308433N07613364EA000000320116
B0736404308436N07613357EA000000319902
B0736414308439N07613350EA000000319850
B0736424308442N07613343EA000000319733
B0736434308444N07613336EA000000319571
B0736444308447N07613329EA000000319412
B0736454308449N07613322EA000000319384
B0736464308452N07613315EA000000319178
B0736474308455N07613309EA000000319090
B0736484308459N07613302EA000000318932
B0736494308462N07613295EA000000318783
B0736504308465N07613288EA000000318787
B0736514308468N07613282EA000000318678
B0736524308471N07613276EA000000318499
B0736534308475N07613271EA000000318353
B0736544308479N07613265EA000000318140
B0736554308483N07613258EA000000317923
B0736564308486N07613251EA000000317877
B0736574308490N07613245EA000000317717
B0736584308493N07613239EA000000317688
B0736594308497N07613234EA000000317551
B0737004308501N07613228EA000000317450
B0737014308504N07613221EA000000317375
B0737024308508N07613215EA000000317222
B0737034308512N07613209EA000000317010
B0737044308516N07613203EA000000316905
B0737054308520N07613197EA000000316816
B0737064308523N07613191EA000000316797
B0737074308527N07613185EA000000316643
B0737084308530N07613178EA000000316495
B0737094308534N07613171EA000000316436
B0737104308537N07613165EA000000316271
B0737114308541N07613158EA000000316206
B0737124308544N07613151EA000000316028
B0737134308546N07613145EA000000316060
B0737144308549N07613138EA000000315934
B0737154308552N07613131EA000000315859
B0737164308555N07613125EA000000315784
B0737174308558N07613118EA000000315696
B0737184308562N07613111EA000000315514
B0737194308564N07613104EA000000315484
B0737204308567N07613097EA000000315330
B0737214308570N07613090EA000000315112
B0737224308572N07613083EA000000315093
B0737234308576N07613076EA000000314901
B0737244308578N07613068EA000000314884
B0737254308581N07613061EA000000314750
B0737264308584N07613053EA000000314727
B0737274308587N07613047EA000000314611
B0737284308591N07613040EA000000314400
B0737294308594N07613032EA000000314365
B0737304308597N07613025EA000000314285
B0737314308600N07613018EA000000314186
B0737324308603N07613011EA000000314097
B0737334308607N07613004EA000000313804
B0737344308610N07612997EA000000313704
B0737354308613N07612990EA000000313500
B0737364308615N07612982EA000000313462
B0737374308617N07612974EA000000313392
B0737384308620N07612966EA000000313243
B0737394308622N07612958EA000000313045
B0737404308625N07612951EA000000312930
B0737414308628N07612943EA000000312849
B0737424308631N07612936EA000000312648
B0737434308634N07612929EA000000312546
B0737444308636N07612922EA000000312480
B0737454308639N07612914EA000000312325
B0737464308642N07612906EA000000312235
B0737474308645N07612898EA000000312143
B0737484308648N07612890EA000000311964
B0737494308651N07612882EA000000311848
B0737504308653N07612875EA000000311790
B0737514308656N07612867EA000000311672
B0737524308659N07612859EA000000311540
B0737534308662N07612850EA000000311425
B0737544308664N07612841EA000000311398
B0737554308667N07612833EA000000311252
B0737564308669N07612825EA000000311190
B0737574308672N07612816EA000000311028
B0737584308674N07612809EA000000310860
B0737594308677N07612800EA000000310719
B0738004308679N07612792EA000000310599
B0738014308683N07612784EA000000310211
B0738024308686N07612776EA000000310150
B0738034308689N07612768EA000000309955
B0738044308692N07612760EA000000309809
B0738054308694N07612752EA000000309689
B0738064308698N07612744EA000000309418
B0738074308701N07612736EA000000309150
B0738084308705N07612726EA000000308806
B0738094308707N07612717EA000000308753
B0738104308709N07612708EA000000308688
B0738114308712N07612700EA000000308529
B0738124308714N07612693EA000000308489
B0738134308717N07612686EA000000308290
B0738144308721N07612677EA000000307987
B0738154308725N07612669EA000000307650
B0738164308729N07612660EA000000307419
B0738174308733N07612653EA000000307412
B0738184308736N07612645EA000000307386
B0738194308739N07612638EA000000307397
B0738204308742N07612631EA000000307267
B0738214308745N07612624EA000000307067
B0738224308748N07612617EA000000306920
B0738234308751N07612609EA000000306626
B0738244308754N07612602EA000000306431
B0738254308757N07612594EA000000306148
B0738264308760N07612587EA000000305941
B0738274308763N07612579EA000000305837
B0738284308766N07612572EA000000305703
B0738294308768N07612565EA000000305652
B0738304308771N07612557EA000000305322
B0738314308773N07612548EA000000304963
B0738324308776N07612539EA000000304654
B0738334308779N07612531EA000000304414
B0738344308781N07612523EA000000304389
B0738354308784N07612516EA000000304167
B0738364308787N07612508EA000000303907
B0738374308789N07612500EA000000303635
B0738384308791N07612492EA000000303430
B0738394308793N07612483EA000000303164
B0738404308796N07612475EA000000302922
B0738414308798N07612467EA000000302861
B0738424308801N07612458EA000000302537
B0738434308804N07612450EA000000302383
B0738444308808N07612442EA000000302141
B0738454308812N07612435EA000000302001
B0738464308814N07612428EA000000302089
B0738474308817N07612423EA000000301935
B0738484308819N07612417EA000000301897
B0738494308823N07612412EA000000301650
B0738504308827N07612404EA000000301306
B0738514308830N07612396EA000000301080
B0738524308833N07612387EA000000300731
B0738534308835N07612379EA000000300555
B0738544308838N07612372EA000000300408
B0738554308839N07612367EA000000300461
B0738564308841N07612361EA000000300333
B0738574308843N07612354EA000000300041
B0738584308846N07612345EA000000299706
B0738594308848N07612336EA000000299357
B0739004308851N07612328EA000000299126
B0739014308853N07612321EA000000299145
B0739024308854N07612315EA000000299190
B0739034308856N07612308EA000000299070
B0739044308858N07612299EA000000298786
B0739054308860N07612290EA000000298480
B0739064308862N07612280EA000000298156
B0739074308864N07612272EA000000298103
B0739084308865N07612264EA000000298012
B0739094308866N07612256EA000000298022
B0739104308867N07612248EA000000297960
B0739114308869N07612239EA000000297715
B0739124308870N07612230EA000000297549
B0739134308871N07612222EA000000297450
B0739144308872N07612213EA000000297243
B0739154308873N07612204EA000000297149
B0739164308874N07612195EA000000296889
B0739174308876N07612186EA000000296656
B0739184308878N07612177EA000000296451
B0739194308880N07612167EA000000296219
B0739204308881N07612159EA000000296221
B0739214308881N07612150EA000000296191
B0739224308882N07612141EA000000296124
B0739234308882N07612132EA000000296182
B0739244308883N07612122EA000000296239
B0739254308883N07612113EA000000296178
B0739264308884N07612105EA000000296241
B0739274308885N07612097EA000000296431
B0739284308886N07612089EA000000296555
B0739294308888N07612082EA000000296641
B0739304308890N07612073EA000000296669
B0739314308892N07612065EA000000296652
B0739324308894N07612056EA000000296645
B0739334308896N07612048EA000000296811
B0739344308898N07612040EA000000297114
B0739354308900N07612033EA000000297331
B0739364308900N07612026EA000000297734
B0739374308898N07612019EA000000297818
B0739384308892N07612014EA000000297861
B0739394308886N07612009EA000000297773
B0739404308881N07612007EA000000297887
B0739414308877N07612006EA000000298294
B0739424308873N07612006EA000000298474
B0739434308868N07612010EA000000298565
B0739444308863N07612016EA000000298433
B0739454308860N07612024EA000000298364
B0739464308860N07612033EA000000298541
B0739474308863N07612038EA000000298474
B0739484308869N07612039EA000000298357
B0739494308874N07612037EA000000298628
B0739504308878N07612035EA000000298843
B0739514308882N07612032EA000000299002
B0739524308885N07612027EA000000299375
B0739534308888N07612021EA000000299481
B0739544308891N07612013EA000000299410
B0739554308890N07612004EA000000299538
B0739564308886N07611998EA000000299791
B0739574308881N07611994EA000000299954
B0739584308875N07611995EA000000300031
B0739594308870N07611999EA000000300015
B0740004308866N07612005EA000000300103
B0740014308864N07612011EA000000300232
B0740024308864N07612017EA000000300453
B0740034308866N07612022EA000000300579
B0740044308871N07612026EA000000300550
B0740054308876N07612027EA000000300492
B0740064308882N07612025EA000000300658
B0740074308887N07612022EA000000300676
B0740084308892N07612018EA000000301011
B0740094308895N07612013EA000000301274
B0740104308898N07612007EA000000301478
B0740114308900N07612000EA000000301629
B0740124308900N07611993EA000000301846
B0740134308897N07611987EA000000301971
B0740144308894N07611981EA000000301944
B0740154308889N07611977EA000000302168
B0740164308884N07611976EA000000302368
B0740174308879N07611977EA000000302436
B0740184308874N07611981EA000000302672
B0740194308871N07611987EA000000302705
B0740204308869N07611994EA000000302705
B0740214308868N07612001EA000000302871
B0740224308869N07612006EA000000303186
B0740234308872N07612010EA000000303309
B0740244308875N07612014EA000000303474
B0740254308880N07612016EA000000303465
B0740264308886N07612016EA000000303548
B0740274308892N07612014EA000000303616
B0740284308897N07612010EA000000303732
B0740294308901N07612005EA000000303969
B0740304308904N07612000EA000000304242
B0740314308905N07611994EA000000304590
B0740324308905N07611987EA000000304683
B0740334308903N07611980EA000000304671
B0740344308899N07611975EA000000304665
B0740354308894N07611972EA000000304845
B0740364308889N07611971EA000000305065
B0740374308885N07611971EA000000305203
B0740384308880N07611971EA000000305568
B0740394308875N07611974EA000000305784
B0740404308871N07611978EA000000305607
B0740414308866N07611984EA000000305677
B0740424308862N07611992EA000000305793
B0740434308859N07611998EA000000305846
B0740444308856N07612004EA000000305961
B0740454308854N07612009EA000000306191
B0740464308854N07612014EA000000306377
B0740474308855N07612021EA000000306373
B0740484308858N07612026EA000000306317
B0740494308861N07612030EA000000306381
B0740504308866N07612031EA000000306465
B0740514308871N07612032EA000000306533
B0740524308876N07612032EA000000306506
B0740534308880N07612032EA000000306536
B0740544308884N07612032EA000000306574
B0740554308888N07612030EA000000306571
B0740564308892N07612026EA000000306525
B0740574308895N07612021EA000000306494
B0740584308900N07612015EA000000306435
B0740594308904N07612009EA000000306452
B0741004308906N07612002EA000000306567
B0741014308906N07611996EA000000306796
B0741024308905N07611990EA000000306885
B0741034308904N07611985EA000000306940
B0741044308903N07611979EA000000306825
B0741054308902N07611973EA000000306894
B0741064308902N07611966EA000000306887
B0741074308902N07611959EA000000306887
B0741084308902N07611952EA000000306957
B0741094308899N07611947EA000000307092
B0741104308896N07611942EA000000307118
B0741114308892N07611938EA000000307241
B0741124308889N07611932EA000000307264
B0741134308888N07611925EA000000307301
B0741144308887N07611917EA000000307483
B0741154308888N07611910EA000000307616
B0741164308888N07611904EA000000307875
B0741174308889N07611898EA000000308085
B0741184308891N07611892EA000000308244
B0741194308894N07611886EA000000308307
B0741204308897N07611881EA000000308764
B0741214308901N07611878EA000000309094
B0741224308907N07611876EA000000309244
B0741234308913N07611875EA000000309368
B0741244308920N07611876EA000000309348
B0741254308925N07611879EA000000309684
B0741264308930N07611883EA000000310083
B0741274308934N07611887EA000000310252
B0741284308937N07611891EA000000310478
B0741294308941N07611897EA000000310312
B0741304308944N07611903EA000000310295
B0741314308947N07611911EA000000310129
B0741324308947N07611920EA000000310035
B0741334308944N07611927EA000000310069
B0741344308940N07611933EA000000309855
B0741354308936N07611937EA000000309866
B0741364308933N07611941EA000000309900
B0741374308928N07611944EA000000309788
B0741384308923N07611947EA000000309459
B0741394308917N07611949EA000000309134
B0741404308911N07611948EA000000309003
B0741414308905N07611946EA000000308955
B0741424308901N07611943EA000000308919
B0741434308897N07611939EA000000308918
B0741444308894N07611935EA000000309127
B0741454308890N07611931EA000000309265
B0741464308886N07611927EA000000309244
B0741474308881N07611923EA000000309096
B0741484308877N07611919EA000000309070
B0741494308874N07611913EA000000309051
B0741504308872N07611906EA000000309145
B0741514308870N07611899EA000000309151
B0741524308867N07611891EA000000309330
B0741534308862N07611883EA000000309490
B0741544308858N07611875EA000000309721
B0741554308854N07611867EA000000310031
B0741564308850N07611859EA000000310484
B0741574308848N07611851EA000000310625
B0741584308846N07611843EA000000310916
B0741594308845N07611835EA000000311173
B0742004308847N07611826EA000000311226
B0742014308850N07611818EA000000311479
B0742024308855N07611812EA000000311422
B0742034308859N07611807EA000000311794
B0742044308864N07611804EA000000311885
B0742054308869N07611804EA000000312059
B0742064308874N07611808EA000000312040
B0742074308878N07611813EA000000312073
B0742084308881N07611819EA000000312054
B0742094308881N07611826EA000000312197
B0742104308879N07611832EA000000312388
B0742114308876N07611837EA000000312402
B0742124308870N07611839EA000000312572
B0742134308864N07611838EA000000312566
B0742144308858N07611836EA000000312550
B0742154308853N07611831EA000000312744
B0742164308849N07611825EA000000312981
B0742174308848N07611817EA000000313115
B0742184308847N07611809EA000000313193
B0742194308849N07611800EA000000313159
B0742204308853N07611793EA000000313104
B0742214308857N07611788EA000000313265
B0742224308862N07611785EA000000313301
B0742234308868N07611790EA000000313502
B0742244308873N07611795EA000000313407
B0742254308875N07611801EA000000313671
B0742264308877N07611805EA000000313837
B0742274308877N07611811EA000000313961
B0742284308876N07611817EA000000313993
B0742294308874N07611823EA000000313817
B0742304308869N07611828EA000000313777
B0742314308863N07611831EA000000313864
B0742324308857N07611830EA000000314126
B0742334308851N07611826EA000000314287
B0742344308848N07611821EA000000314421
B0742354308846N07611814EA000000314608
B0742364308844N07611808EA000000314882
B0742374308844N07611800EA000000314819
B0742384308845N07611793EA000000314851
B0742394308847N07611785EA000000314890
B0742404308850N07611776EA000000314849
B0742414308853N07611768EA000000314828
B0742424308855N07611761EA000000315072
B0742434308858N07611754EA000000315103
B0742444308860N07611747EA000000315236
B0742454308862N07611740EA000000315277
B0742464308864N07611732EA000000315287
B0742474308867N07611725EA000000315264
B0742484308870N07611718EA000000315456
B0742494308873N07611712EA000000315442
B0742504308876N07611706EA000000315752
B0742514308879N07611700EA000000315822
B0742524308882N07611693EA000000315827
B0742534308885N07611686EA000000315819
B0742544308888N07611679EA000000315856
B0742554308891N07611673EA000000315972
B0742564308895N07611667EA000000316046
B0742574308899N07611661EA000000316118
B0742584308902N07611656EA000000316273
B0742594308906N07611649EA000000316179
B0743004308910N07611643EA000000316141
B0743014308913N07611635EA000000316269
B0743024308916N07611628EA000000316298
B0743034308919N07611622EA000000316492
B0743044308923N07611615EA000000316458
B0743054308927N07611608EA000000316449
B0743064308931N07611601EA000000316536
B0743074308934N07611593EA000000316678
B0743084308937N07611586EA000000316840
B0743094308940N07611579EA000000316911
B0743104308943N07611572EA000000317146
B0743114308946N07611565EA000000317188
B0743124308950N07611558EA000000317082
B0743134308955N07611550EA000000316907
B0743144308959N07611543EA000000316833
B0743154308963N07611536EA000000316746
B0743164308967N07611530EA000000316724
B0743174308971N07611524EA000000316702
B0743184308974N07611517EA000000316635
B0743194308977N07611510EA000000316671
B0743204308979N07611502EA000000316583
B0743214308983N07611495EA000000316304
B0743224308986N07611488EA000000316268
B0743234308990N07611481EA000000316138
B0743244308993N07611474EA000000316081
B0743254308996N07611466EA000000316022
B0743264308996N07611459EA000000316072
B0743274308996N07611452EA000000315951
B0743284308995N07611444EA000000315854
B0743294308994N07611435EA000000315769
B0743304308993N07611427EA000000315551
B0743314308991N07611418EA000000315497
B0743324308990N07611410EA000000315355
B0743334308989N07611402EA000000315318
B0743344308987N07611394EA000000315256
B0743354308985N07611386EA000000315166
B0743364308983N07611378EA000000315137
B0743374308981N07611370EA000000315118
B0743384308979N07611363EA000000315031
B0743394308977N07611355EA000000315075
B0743404308975N07611348EA000000315093
B0743414308973N07611341EA000000315061
B0743424308971N07611334EA000000314902
B0743434308968N07611327EA000000314820
B0743444308965N07611319EA000000314671
B0743454308963N07611311EA000000314523
B0743464308961N07611303EA000000314305
B0743474308958N07611296EA000000314364
B0743484308955N07611289EA000000314293
B0743494308952N07611283EA000000314112
B0743504308948N07611277EA000000313921
B0743514308944N07611271EA000000313726
B0743524308940N07611264EA000000313558
B0743534308937N07611257EA000000313467
B0743544308935N07611250EA000000313357
B0743554308933N07611243EA000000313125
B0743564308930N07611235EA000000312965
B0743574308927N07611227EA000000312782
B0743584308925N07611219EA000000312546
B0743594308924N07611211EA000000312418
B0744004308923N07611204EA000000312311
B0744014308922N07611196EA000000312042
B0744024308921N07611188EA000000312086
B0744034308920N07611181EA000000311975
B0744044308919N07611174EA000000311786
B0744054308919N07611167EA000000311786
B0744064308920N07611160EA000000311506
B0744074308919N07611153EA000000311381
B0744084308919N07611144EA000000311017
B0744094308917N07611136EA000000310891
B0744104308915N07611127EA000000310889
B0744114308913N07611120EA000000310983
B0744124308912N07611113EA000000311163
B0744134308912N07611106EA000000311215
B0744144308911N07611099EA000000311365
B0744154308911N07611091EA000000311323
B0744164308909N07611083EA000000311294
B0744174308908N07611075EA000000311292
B0744184308907N07611067EA000000311391
B0744194308906N07611059EA000000311472
B0744204308906N07611051EA000000311412
B0744214308905N07611043EA000000311653
B0744224308905N07611035EA000000311660
B0744234308905N07611026EA000000311667
B0744244308906N07611017EA000000311609
B0744254308906N07611008EA000000311549
B0744264308905N07611000EA000000311592
B0744274308905N07610991EA000000311589
B0744284308905N07610984EA000000311643
B0744294308905N07610975EA000000311575
B0744304308905N07610966EA000000311545
B0744314308906N07610957EA000000311451
B0744324308908N07610948EA000000311493
B0744334308912N07610939EA000000311357
B0744344308915N07610932EA000000311382
B0744354308918N07610924EA000000311347
B0744364308920N07610916EA000000311272
B0744374308921N07610906EA000000311267
B0744384308921N07610896EA000000311192
B0744394308920N07610885EA000000310954
B0744404308918N07610874EA000000310977
B0744414308917N07610864EA000000310936
B0744424308916N07610855EA000000310916
B0744434308915N07610847EA000000311102
B0744444308913N07610838EA000000311175
B0744454308911N07610828EA000000311198
B0744464308908N07610818EA000000311096
B0744474308906N07610808EA000000311003
B0744484308903N07610798EA000000311188
B0744494308902N07610789EA000000311063
B0744504308902N07610779EA000000311005
B0744514308901N07610769EA000000310912
B0744524308899N07610758EA000000310892
B0744534308897N07610747EA000000310876
B0744544308895N07610737EA000000310747
B0744554308893N07610728EA000000310744
B0744564308892N07610719EA000000310714
B0744574308891N07610709EA000000310605
B0744584308888N07610700EA000000310371
B0744594308886N07610689EA000000309818
B0745004308884N07610679EA000000309411
B0745014308882N07610668EA000000309354
B0745024308881N07610658EA000000309267
B0745034308880N07610649EA000000309233
B0745044308878N07610638EA000000308958
B0745054308875N07610628EA000000308691
B0745064308873N07610617EA000000308363
B0745074308871N07610607EA000000308221
B0745084308869N07610597EA000000308181
B0745094308868N07610587EA000000308037
B0745104308866N07610578EA000000307941
B0745114308864N07610567EA000000307708
B0745124308861N07610556EA000000307559
B0745134308859N07610545EA000000307246
B0745144308857N07610535EA000000307160
B0745154308855N07610524EA000000307198
B0745164308854N07610514EA000000307002
B0745174308852N07610503EA000000306825
B0745184308848N07610493EA000000306672
B0745194308846N07610482EA000000306332
B0745204308844N07610471EA000000306115
B0745214308842N07610460EA000000305898
B0745224308841N07610450EA000000305661
B0745234308839N07610440EA000000305528
B0745244308837N07610430EA000000304942
B0745254308835N07610419EA000000304842
B0745264308833N07610408EA000000304656
B0745274308831N07610398EA000000304463
B0745284308829N07610388EA000000304350
B0745294308827N07610377EA000000304153
B0745304308825N07610367EA000000303931
B0745314308822N07610358EA000000303844
B0745324308819N07610349EA000000303777
B0745334308817N07610340EA000000303644
B0745344308815N07610330EA000000303431
B0745354308812N07610320EA000000303282
B0745364308810N07610310EA000000302881
B0745374308809N07610300EA000000302500
B0745384308807N07610290EA000000302403
B0745394308804N07610280EA000000302252
B0745404308801N07610270EA000000302085
B0745414308798N07610260EA000000301899
B0745424308796N07610251EA000000301723
B0745434308793N07610240EA000000301489
B0745444308791N07610230EA000000301259
B0745454308788N07610221EA000000301165
B0745464308785N07610211EA000000300827
B0745474308782N07610201EA000000300668
B0745484308779N07610191EA000000300374
B0745494308776N07610181EA000000300070
B0745504308773N07610170EA000000299854
B0745514308770N07610160EA000000299651
B0745524308767N07610149EA000000299444
B0745534308764N07610139EA000000299261
B0745544308761N07610131EA000000299141
B0745554308758N07610121EA000000298544
B0745564308755N07610111EA000000298348
B0745574308751N07610102EA000000298174
B0745584308748N07610092EA000000297943
B0745594308745N07610082EA000000297813
B0746004308742N07610072EA000000297627
B0746014308739N07610063EA000000297615
B0746024308736N07610054EA000000297632
B0746034308733N07610044EA000000297549
B0746044308730N07610034EA000000297424
B0746054308725N07610023EA000000297268
B0746064308721N07610013EA000000297028
B0746074308717N07610004EA000000297123
B0746084308714N07609995EA000000297226
B0746094308712N07609986EA000000297140
B0746104308710N07609976EA000000297173
B0746114308708N07609965EA000000297055
B0746124308705N07609954EA000000296943
B0746134308702N07609943EA000000296947
B0746144308699N07609933EA000000297078
B0746154308697N07609923EA000000297096
B0746164308696N07609912EA000000297055
B0746174308695N07609901EA000000297023
B0746184308693N07609890EA000000296915
B0746194308691N07609879EA000000296847
B0746204308689N07609868EA000000296747
B0746214308687N07609857EA000000296591
B0746224308686N07609845EA000000296407
B0746234308683N07609835EA000000296340
B0746244308681N07609824EA000000296204
B0746254308678N07609813EA000000296297
B0746264308676N07609802EA000000296199
B0746274308675N07609791EA000000295930
B0746284308673N07609779EA000000295650
B0746294308672N07609767EA000000295420
B0746304308669N07609756EA000000295483
B0746314308668N07609745EA000000295345
B0746324308667N07609734EA000000295210
B0746334308665N07609722EA000000295171
B0746344308664N07609709EA000000294806
B0746354308662N07609697EA000000294722
B0746364308660N07609685EA000000294706
B0746374308657N07609674EA000000294878
B0746384308655N07609664EA000000294831
B0746394308653N07609653EA000000294843
B0746404308651N07609641EA000000294734
B0746414308649N07609629EA000000294515
B0746424308647N07609617EA000000294426
B0746434308644N07609607EA000000294365
B0746444308642N07609596EA000000294142
B0746454308640N07609584EA000000294077
B0746464308638N07609573EA000000293896
B0746474308637N07609562EA000000293731
B0746484308636N07609550EA000000293619
B0746494308635N07609540EA000000293513
B0746504308634N07609529EA000000293240
B0746514308633N07609517EA000000293063
B0746524308632N07609506EA000000292831
B0746534308631N07609495EA000000292553
B0746544308631N07609484EA000000292219
B0746554308630N07609474EA000000292061
B0746564308629N07609463EA000000291966
B0746574308628N07609453EA000000291681
B0746584308628N07609442EA000000291406
B0746594308627N07609432EA000000291362
B0747004308627N07609422EA000000291170
B0747014308627N07609411EA000000291097
B0747024308628N07609401EA000000290824
B0747034308628N07609390EA000000290655
B0747044308629N07609379EA000000290417
B0747054308629N07609369EA000000290494
B0747064308630N07609359EA000000290429
B0747074308630N07609351EA000000290363
B0747084308630N07609343EA000000290340
B0747094308629N07609334EA000000290345
B0747104308628N07609325EA000000290169
B0747114308627N07609316EA000000289953
B0747124308626N07609305EA000000289769
B0747134308626N07609295EA000000289603
B0747144308625N07609284EA000000289464
B0747154308625N07609274EA000000289457
B0747164308625N07609266EA000000289432
B0747174308624N07609258EA000000289481
B0747184308624N07609249EA000000289307
B0747194308623N07609240EA000000289253
B0747204308623N07609230EA000000289022
B0747214308622N07609220EA000000288861
B0747224308621N07609209EA000000288896
B0747234308621N07609199EA000000289017
B0747244308621N07609190EA000000289102
B0747254308620N07609180EA000000289187
B0747264308621N07609171EA000000288943
B0747274308622N07609161EA000000288905
B0747284308621N07609151EA000000288791
B0747294308621N07609140EA000000288579
B0747304308621N07609131EA000000288340
B0747314308621N07609121EA000000288174
B0747324308622N07609112EA000000288087
B0747334308624N07609103EA000000287908
B0747344308625N07609095EA000000287784
B0747354308627N07609087EA000000287611
B0747364308627N07609079EA000000287447
B0747374308628N07609070EA000000287027
B0747384308629N07609061EA000000286824
B0747394308629N07609053EA000000286650
B0747404308629N07609044EA000000286438
B0747414308629N07609037EA000000286221
B0747424308628N07609029EA000000286185
B0747434308628N07609021EA000000285994
B0747444308628N07609014EA000000285882
B0747454308628N07609006EA000000285590
B0747464308628N07608997EA000000285299
B0747474308629N07608989EA000000285007
B0747484308629N07608981EA000000284943
B0747494308630N07608972EA000000284736
B0747504308630N07608963EA000000284686
B0747514308631N07608954EA000000284314
B0747524308631N07608945EA000000284228
B0747534308631N07608937EA000000284094
B0747544308633N07608928EA000000283919
B0747554308634N07608920EA000000283850
B0747564308635N07608911EA000000283420
B0747574308635N07608902EA000000283321
B0747584308634N07608892EA000000283097
B0747594308634N07608883EA000000282864
B0748004308634N07608874EA000000282755
B0748014308634N07608865EA000000282669
B0748024308634N07608857EA000000282589
B0748034308635N07608850EA000000282220
B0748044308635N07608841EA000000282007
B0748054308635N07608832EA000000281608
B0748064308635N07608823EA000000281343
B0748074308635N07608814EA000000281184
B0748084308636N07608806EA000000281121
B0748094308636N07608798EA000000281042
B0748104308636N07608790EA000000280870
B0748114308637N07608781EA000000280510
B0748124308636N07608771EA000000280286
B0748134308636N07608762EA000000280033
B0748144308635N07608754EA000000279973
B0748154308635N07608746EA000000279957
B0748164308636N07608738EA000000279808
B0748174308636N07608730EA000000279583
B0748184308637N07608720EA000000279279
B0748194308638N07608711EA000000279010
B0748204308638N07608701EA000000278728
B0748214308638N07608693EA000000278644
B0748224308638N07608685EA000000278445
B0748234308638N07608676EA000000278068
B0748244308638N07608668EA000000277725
B0748254308638N07608660EA000000277400
B0748264308638N07608652EA000000277111
B0748274308638N07608644EA000000276860
B0748284308639N07608636EA000000276624
B0748294308640N07608628EA000000276300
B0748304308640N07608619EA000000276000
B0748314308639N07608610EA000000275892
B0748324308640N07608601EA000000275418
B0748334308640N07608593EA000000275276
B0748344308641N07608585EA000000275043
B0748354308641N07608576EA000000274946
B0748364308640N07608568EA000000274783
B0748374308640N07608560EA000000274759
B0748384308640N07608553EA000000274677
B0748394308641N07608546EA000000274558
B0748404308642N07608539EA000000274272
B0748414308644N07608530EA000000273826
B0748424308645N07608521EA000000273549
B0748434308646N07608513EA000000273274
B0748444308648N07608505EA000000273024
B0748454308649N07608497EA000000272979
B0748464308650N07608490EA000000272760
B0748474308650N07608481EA000000272463
B0748484308648N07608473EA000000272092
B0748494308647N07608464EA000000271787
B0748504308647N07608456EA000000271507
B0748514308647N07608449EA000000271503
B0748524308647N07608441EA000000271309
B0748534308646N07608434EA000000271173
B0748544308646N07608425EA000000270807
B0748554308645N07608416EA000000270556
B0748564308644N07608408EA000000270380
B0748574308643N07608400EA000000270354
B0748584308642N07608393EA000000270285
B0748594308642N07608387EA000000270223
B0749004308641N07608380EA000000270059
B0749014308641N07608373EA000000269715
B0749024308640N07608365EA000000269273
B0749034308640N07608357EA000000268951
B0749044308640N07608349EA000000268805
B0749054308639N07608342EA000000268842
B0749064308638N07608335EA000000268863
B0749074308637N07608328EA000000268873
B0749084308637N07608320EA000000268708
B0749094308636N07608312EA000000268619
B0749104308634N07608304EA000000268354
B0749114308632N07608295EA000000268256
B0749124308629N07608288EA000000268216
B0749134308626N07608281EA000000268090
B0749144308624N07608273EA000000268175
B0749154308622N07608266EA000000268161
B0749164308621N07608257EA000000267921
B0749174308619N07608247EA000000267724
B0749184308617N07608238EA000000267712
B0749194308615N07608230EA000000267836
B0749204308614N07608223EA000000267918
B0749214308613N07608216EA000000268025
B0749224308612N07608207EA000000267808
B0749234308610N07608198EA000000267644
B0749244308608N07608188EA000000267271
B0749254308606N07608179EA000000267392
B0749264308606N07608171EA000000267438
B0749274308606N07608165EA000000267543
B0749284308606N07608158EA000000267460
B0749294308606N07608149EA000000267348
B0749304308605N07608140EA000000267082
B0749314308604N07608130EA000000266753
B0749324308602N07608121EA000000266629
B0749334308600N07608113EA000000266466
B0749344308599N07608105EA000000266375
B0749354308598N07608097EA000000266264
B0749364308597N07608089EA000000266236
B0749374308596N07608080EA000000266027
B0749384308595N07608071EA000000265858
B0749394308594N07608063EA000000265793
B0749404308593N07608054EA000000265683
B0749414308592N07608045EA000000265545
B0749424308590N07608037EA000000265480
B0749434308589N07608028EA000000265342
B0749444308588N07608019EA000000265287
B0749454308588N07608011EA000000265172
B0749464308588N07608002EA000000264942
B0749474308587N07607992EA000000264769
B0749484308586N07607983EA000000264656
B0749494308586N07607973EA000000264529
B0749504308586N07607965EA000000264596
B0749514308588N07607958EA000000264623
B0749524308589N07607951EA000000264552
B0749534308589N07607944EA000000264490
B0749544308589N07607936EA000000264302
B0749554308587N07607928EA000000264141
B0749564308586N07607920EA000000263920
B0749574308585N07607912EA000000263838
B0749584308585N07607904EA000000263609
B0749594308585N07607896EA000000263409
B0750004308585N07607889EA000000263333
B0750014308585N07607882EA000000263272
B0750024308585N07607875EA000000263173
B0750034308584N07607868EA000000263096
B0750044308583N07607861EA000000262891
B0750054308583N07607852EA000000262639
B0750064308583N07607844EA000000262415
B0750074308583N07607836EA000000262353
B0750084308583N07607829EA000000262330
B0750094308583N07607821EA000000262337
B0750104308583N07607814EA000000262345
B0750114308583N07607807EA000000262386
B0750124308584N07607800EA000000262251
B0750134308584N07607793EA000000262274
B0750144308584N07607786EA000000262152
B0750154308583N07607779EA000000262164
B0750164308582N07607772EA000000262108
B0750174308580N07607764EA000000262079
B0750184308579N07607756EA000000261988
B0750194308579N07607749EA000000261901
B0750204308577N07607742EA000000261970
B0750214308575N07607735EA000000262196
B0750224308574N07607729EA000000262163
B0750234308574N07607722EA000000262130
B0750244308574N07607714EA000000262047
B0750254308574N07607707EA000000261992
B0750264308575N07607700EA000000261962
B0750274308575N07607693EA000000261995
B0750284308576N07607687EA000000261936
B0750294308576N07607681EA000000261875
B0750304308577N07607674EA000000261677
B0750314308578N07607666EA000000261499
B0750324308580N07607659EA000000261214
B0750334308581N07607652EA000000261202
B0750344308580N07607645EA000000261184
B0750354308580N07607638EA000000261065
B0750364308580N07607631EA000000260890
B0750374308581N07607623EA000000260695
B0750384308582N07607616EA000000260594
B0750394308583N07607609EA000000260569
B0750404308584N07607603EA000000260504
B0750414308583N07607596EA000000260493
B0750424308584N07607589EA000000260462
B0750434308585N07607582EA000000260334
B0750444308586N07607575EA000000260231
B0750454308587N07607567EA000000260123
B0750464308587N07607559EA000000260177
B0750474308588N07607552EA000000260249
B0750484308588N07607546EA000000260375
B0750494308588N07607539EA000000260288
B0750504308587N07607532EA000000260294
B0750514308585N07607525EA000000260090
B0750524308583N07607517EA000000259889
B0750534308582N07607510EA000000259654
B0750544308582N07607503EA000000259623
B0750554308581N07607495EA000000259696
B0750564308581N07607487EA000000259408
B0750574308579N07607479EA000000259378
B0750584308578N07607472EA000000259216
B0750594308577N07607464EA000000259065
B0751004308577N07607456EA000000258978
B0751014308578N07607449EA000000258869
B0751024308579N07607442EA000000258768
B0751034308580N07607435EA000000258765
B0751044308581N07607428EA000000258694
B0751054308582N07607421EA000000258677
B0751064308582N07607415EA000000258594
B0751074308582N07607408EA000000258499
B0751084308582N07607401EA000000258389
B0751094308583N07607394EA000000258205
B0751104308583N07607387EA000000258060
B0751114308583N07607379EA000000257878
B0751124308583N07607372EA000000257772
B0751134308583N07607365EA000000257600
B0751144308581N07607358EA000000257460
B0751154308579N07607350EA000000257295
B0751164308579N07607342EA000000256810
B0751174308577N07607334EA000000256668
B0751184308575N07607328EA000000256635
B0751194308572N07607323EA000000256696
B0751204308570N07607318EA000000256518
B0751214308567N07607313EA000000256498
B0751224308566N07607307EA000000256248
B0751234308563N07607302EA000000255991
B0751244308562N07607295EA000000255420
B0751254308560N07607288EA000000255486
B0751264308560N07607282EA000000255424
B0751274308560N07607276EA000000255313
B0751284308560N07607269EA000000255217
B0751294308559N07607262EA000000255039
B0751304308558N07607255EA000000254808
B0751314308555N07607249EA000000254593
B0751324308553N07607242EA000000254383
B0751334308552N07607235EA000000253970
B0751344308552N07607227EA000000253828
B0751354308551N07607221EA000000253784
B0751364308551N07607215EA000000253643
B0751374308550N07607209EA000000253373
B0751384308549N07607202EA000000253095
B0751394308548N07607196EA000000252690
B0751404308547N07607189EA000000252182
B0751414308547N07607181EA000000251718
B0751424308546N07607175EA000000251531
B0751434308545N07607167EA000000251169
B0751444308545N07607160EA000000250811
B0751454308544N07607152EA000000250416
B0751464308543N07607144EA000000250119
B0751474308541N07607137EA000000249973
B0751484308540N07607129EA000000249647
B0751494308539N07607122EA000000249431
B0751504308538N07607114EA000000249289
B0751514308538N07607107EA000000249086
B0751524308538N07607099EA000000248988
B0751534308538N07607091EA000000248787
B0751544308538N07607083EA000000248532
B0751554308537N07607074EA000000248386
B0751564308537N07607066EA000000248218
B0751574308537N07607058EA000000247961
B0751584308537N07607049EA000000247874
B0751594308537N07607040EA000000247791
B0752004308537N07607031EA000000247515
B0752014308536N07607022EA000000247309
B0752024308534N07607015EA000000247237
B0752034308532N07607009EA000000247350
B0752044308531N07607002EA000000247201
B0752054308530N07606994EA000000247023
B0752064308529N07606986EA000000246880
B0752074308529N07606977EA000000246616
B0752084308527N07606968EA000000246292
B0752094308526N07606959EA000000246006
B0752104308524N07606951EA000000246017
B0752114308523N07606944EA000000246007
B0752124308523N07606937EA000000245815
B0752134308523N07606929EA000000245570
B0752144308523N07606919EA000000245084
B0752154308522N07606909EA000000244633
B0752164308518N07606899EA000000244373
B0752174308514N07606891EA000000244216
B0752184308509N07606885EA000000244274
B0752194308506N07606878EA000000244145
B0752204308503N07606870EA000000244077
B0752214308501N07606861EA000000243812
B0752224308498N07606851EA000000243527
B0752234308496N07606842EA000000243474
B0752244308496N07606834EA000000243560
B0752254308497N07606826EA000000243604
B0752264308497N07606819EA000000243652
B0752274308498N07606811EA000000243822
B0752284308498N07606801EA000000243836
B0752294308498N07606791EA000000243919
B0752304308498N07606782EA000000244028
B0752314308499N07606774EA000000244437
B0752324308501N07606767EA000000244875
B0752334308505N07606761EA000000245047
B0752344308510N07606756EA000000245189
B0752354308516N07606754EA000000245261
B0752364308522N07606753EA000000245326
B0752374308526N07606756EA000000245553
B0752384308531N07606759EA000000245601
B0752394308535N07606761EA000000245819
B0752404308538N07606765EA000000245976
B0752414308541N07606770EA000000246065
B0752424308542N07606776EA000000246194
B0752434308542N07606783EA000000246120
B0752444308538N07606789EA000000246084
B0752454308533N07606794EA000000245998
B0752464308528N07606798EA000000245900
B0752474308521N07606798EA000000245807
B0752484308514N07606797EA000000245860
B0752494308508N07606794EA000000245943
B0752504308503N07606790EA000000246152
B0752514308499N07606784EA000000246253
B0752524308495N07606776EA000000246298
B0752534308492N07606768EA000000246146
B0752544308489N07606758EA000000246124
B0752554308486N07606749EA000000246383
B0752564308485N07606741EA000000246806
B0752574308483N07606736EA000000247473
B0752584308482N07606731EA000000248094
B0752594308483N07606725EA000000248307
B0753004308484N07606718EA000000248230
B0753014308486N07606710EA000000248372
B0753024308489N07606704EA000000248567
B0753034308492N07606701EA000000248995
B0753044308496N07606699EA000000249277
B0753054308500N07606698EA000000249324
B0753064308503N07606697EA000000249484
B0753074308507N07606698EA000000249433
B0753084308510N07606701EA000000249343
B0753094308512N07606706EA000000249235
B0753104308511N07606712EA000000249198
B0753114308510N07606718EA000000249133
B0753124308507N07606723EA000000249272
B0753134308504N07606726EA000000249221
B0753144308499N07606727EA000000249390
B0753154308494N07606725EA000000249575
B0753164308489N07606721EA000000249556
B0753174308484N07606716EA000000249551
B0753184308480N07606709EA000000249640
B0753194308476N07606703EA000000249751
B0753204308472N07606698EA000000250041
B0753214308468N07606693EA000000250213
B0753224308464N07606687EA000000250323
B0753234308461N07606679EA000000250426
B0753244308459N07606670EA000000250535
B0753254308458N07606661EA000000250663
B0753264308459N07606652EA000000250704
B0753274308459N07606644EA000000251089
B0753284308460N07606637EA000000251236
B0753294308461N07606631EA000000251431
B0753304308463N07606625EA000000251546
B0753314308467N07606622EA000000251621
B0753324308471N07606621EA000000251548
B0753334308475N07606624EA000000251426
B0753344308477N07606629EA000000251409
B0753354308476N07606635EA000000251435
B0753364308473N07606640EA000000251408
B0753374308469N07606644EA000000251405
B0753384308464N07606647EA000000251459
B0753394308459N07606649EA000000251508
B0753404308452N07606650EA000000251652
B0753414308445N07606647EA000000251781
B0753424308439N07606643EA000000251878
B0753434308437N07606634EA000000251744
B0753444308436N07606625EA000000251956
B0753454308436N07606617EA000000252099
B0753464308437N07606611EA000000252183
B0753474308439N07606605EA000000252231
B0753484308442N07606600EA000000252220
B0753494308445N07606596EA000000252296
B0753504308450N07606595EA000000252146
B0753514308454N07606597EA000000252137
B0753524308456N07606601EA000000252286
B0753534308457N07606607EA000000252224
B0753544308455N07606614EA000000252236
B0753554308451N07606620EA000000252274
B0753564308447N07606624EA000000252326
B0753574308441N07606627EA000000252581
B0753584308436N07606627EA000000252616
B0753594308429N07606626EA000000252641
B0754004308422N07606624EA000000252690
B0754014308417N07606621EA000000252702
B0754024308411N07606616EA000000252979
B0754034308407N07606611EA000000253008
B0754044308402N07606605EA000000253166
B0754054308399N07606597EA000000253269
B0754064308398N07606589EA000000253200
B0754074308397N07606579EA000000253257
B0754084308399N07606572EA000000253371
B0754094308401N07606566EA000000253583
B0754104308404N07606563EA000000253792
B0754114308408N07606562EA000000253898
B0754124308412N07606564EA000000253829
B0754134308414N07606569EA000000253821
B0754144308415N07606574EA000000253809
B0754154308412N07606581EA000000253753
B0754164308408N07606587EA000000253661
B0754174308403N07606592EA000000253521
B0754184308397N07606595EA000000253674
B0754194308392N07606596EA000000253736
B0754204308386N07606596EA000000253856
B0754214308380N07606594EA000000253803
B0754224308373N07606589EA000000253877
B0754234308368N07606583EA000000253952
B0754244308364N07606575EA000000253993
B0754254308362N07606566EA000000254048
B0754264308360N07606558EA000000254164
B0754274308359N07606549EA000000254356
B0754284308358N07606540EA000000254594
B0754294308358N07606531EA000000254780
B0754304308358N07606521EA000000254879
B0754314308358N07606513EA000000254934
B0754324308357N07606505EA000000255180
B0754334308357N07606497EA000000255274
B0754344308359N07606488EA000000255357
B0754354308363N07606481EA000000255513
B0754364308369N07606476EA000000255602
B0754374308375N07606475EA000000255700
B0754384308379N07606477EA000000255881
B0754394308382N07606481EA000000256057
B0754404308383N07606487EA000000256220
B0754414308382N07606492EA000000256213
B0754424308379N07606496EA000000256356
B0754434308375N07606499EA000000256435
B0754444308370N07606500EA000000256405
B0754454308364N07606498EA000000256448
B0754464308358N07606494EA000000256573
B0754474308354N07606489EA000000256630
B0754484308353N07606478EA000000256747
B0754494308354N07606468EA000000256682
B0754504308357N07606459EA000000256650
B0754514308362N07606451EA000000256737
B0754524308365N07606445EA000000257176
B0754534308368N07606439EA000000257555
B0754544308370N07606433EA000000258042
B0754554308372N07606427EA000000258352
B0754564308376N07606423EA000000258481
B0754574308383N07606420EA000000258454
B0754584308388N07606420EA000000258560
B0754594308393N07606417EA000000258767
B0755004308397N07606414EA000000259313
B0755014308400N07606409EA000000259649
B0755024308404N07606404EA000000259658
B0755034308409N07606399EA000000259739
B0755044308414N07606395EA000000259817
B0755054308418N07606393EA000000260090
B0755064308422N07606392EA000000260194
B0755074308426N07606395EA000000260104
B0755084308428N07606400EA000000259884
B0755094308429N07606408EA000000259519
B0755104308427N07606417EA000000259318
B0755114308424N07606424EA000000259485
B0755124308422N07606428EA000000259619
B0755134308418N07606431EA000000260088
B0755144308414N07606433EA000000260143
B0755154308408N07606433EA000000260193
B0755164308402N07606431EA000000260046
B0755174308396N07606428EA000000260123
B0755184308392N07606422EA000000260387
B0755194308391N07606415EA000000260443
B0755204308392N07606407EA000000260538
B0755214308394N07606401EA000000260732
B0755224308396N07606395EA000000260963
B0755234308400N07606390EA000000261204
B0755244308404N07606386EA000000261306
B0755254308409N07606384EA000000261330
B0755264308414N07606384EA000000261407
B0755274308418N07606388EA000000261265
B0755284308420N07606394EA000000261296
B0755294308421N07606401EA000000261324
B0755304308419N07606407EA000000261478
B0755314308417N07606413EA000000261567
B0755324308415N07606419EA000000261668
B0755334308413N07606425EA000000261766
B0755344308411N07606431EA000000261856
B0755354308408N07606436EA000000261818
B0755364308403N07606440EA000000261943
B0755374308397N07606441EA000000261922
B0755384308390N07606438EA000000261996
B0755394308386N07606432EA000000262076
B0755404308384N07606424EA000000262134
B0755414308384N07606415EA000000262221
B0755424308386N07606406EA000000262629
B0755434308389N07606400EA000000262896
B0755444308394N07606396EA000000263040
B0755454308399N07606393EA000000263296
B0755464308405N07606393EA000000263428
B0755474308409N07606397EA000000263591
B0755484308413N07606402EA000000263607
B0755494308414N07606409EA000000263616
B0755504308413N07606416EA000000263710
B0755514308410N07606421EA000000263784
B0755524308406N07606425EA000000263884
B0755534308401N07606427EA000000263956
B0755544308395N07606427EA000000263925
B0755554308389N07606423EA000000264059
B0755564308385N07606418EA000000264192
B0755574308383N07606408EA000000264348
B0755584308383N07606400EA000000264430
B0755594308384N07606392EA000000264619
B0756004308385N07606386EA000000264988
B0756014308389N07606380EA000000265005
B0756024308393N07606374EA000000265113
B0756034308398N07606367EA000000265138
B0756044308403N07606361EA000000265061
B0756054308408N07606355EA000000265312
B0756064308412N07606350EA000000265612
B0756074308416N07606346EA000000265700
B0756084308420N07606341EA000000265778
B0756094308425N07606336EA000000265756
B0756104308430N07606331EA000000265533
B0756114308435N07606325EA000000265409
B0756124308439N07606320EA000000265284
B0756134308444N07606315EA000000265089
B0756144308451N07606312EA000000264809
B0756154308456N07606310EA000000264589
B0756164308461N07606307EA000000264336
B0756174308464N07606302EA000000264160
B0756184308467N07606296EA000000264123
B0756194308470N07606292EA000000264001
B0756204308473N07606289EA000000263954
B0756214308477N07606286EA000000263779
B0756224308481N07606284EA000000263676
B0756234308485N07606281EA000000263466
B0756244308489N07606278EA000000263222
B0756254308493N07606274EA000000263035
B0756264308497N07606270EA000000262746
B0756274308501N07606266EA000000262612
B0756284308504N07606261EA000000262457
B0756294308508N07606257EA000000262272
B0756304308513N07606253EA000000262113
B0756314308517N07606249EA000000262083
B0756324308522N07606245EA000000261875
B0756334308526N07606241EA000000261799
B0756344308530N07606238EA000000261743
B0756354308533N07606234EA000000261696
B0756364308537N07606231EA000000261569
B0756374308541N07606229EA000000261390
B0756384308547N07606225EA000000261001
B0756394308551N07606221EA000000260892
B0756404308556N07606216EA000000260569
B0756414308560N07606212EA000000260597
B0756424308564N07606209EA000000260544
B0756434308568N07606205EA000000260428
B0756444308572N07606201EA000000260263
B0756454308576N07606196EA000000260089
B0756464308581N07606192EA000000259906
B0756474308584N07606188EA000000259897
B0756484308588N07606185EA000000259810
B0756494308591N07606180EA000000259713
B0756504308594N07606174EA000000259537
B0756514308597N07606168EA000000259267
B0756524308601N07606163EA000000259110
B0756534308605N07606158EA000000258900
B0756544308608N07606153EA000000258987
B0756554308612N07606149EA000000258865
B0756564308616N07606145EA000000258773
B0756574308620N07606140EA000000258573
B0756584308624N07606135EA000000258390
B0756594308629N07606129EA000000258148
B0757004308633N07606124EA000000258126
B0757014308636N07606119EA000000258143
B0757024308639N07606113EA000000258123
B0757034308642N07606106EA000000258029
B0757044308646N07606100EA000000257706
B0757054308650N07606094EA000000257503
B0757064308654N07606088EA000000257405
B0757074308657N07606083EA000000257451
B0757084308661N07606077EA000000257321
B0757094308664N07606070EA000000257286
B0757104308668N07606063EA000000256978
B0757114308673N07606057EA000000256726
B0757124308677N07606052EA000000256643
B0757134308681N07606048EA000000256530
B0757144308685N07606043EA000000256569
B0757154308689N07606039EA000000256476
B0757164308694N07606034EA000000256105
B0757174308698N07606029EA000000256003
B0757184308701N07606023EA000000255835
B0757194308704N07606018EA000000255702
B0757204308707N07606011EA000000255439
B0757214308711N07606006EA000000255202
B0757224308715N07606001EA000000255012
B0757234308719N07605996EA000000254964
B0757244308724N07605991EA000000254700
B0757254308727N07605985EA000000254582
B0757264308731N07605978EA000000254161
B0757274308735N07605970EA000000253880
B0757284308740N07605962EA000000253593
B0757294308746N07605956EA000000253406
B0757304308750N07605951EA000000253465
B0757314308754N07605945EA000000253419
B0757324308756N07605939EA000000253472
B0757334308759N07605932EA000000253234
B0757344308762N07605925EA000000253094
B0757354308766N07605918EA000000252654
B0757364308769N07605911EA000000252490
B0757374308772N07605903EA000000252477
B0757384308773N07605897EA000000252470
B0757394308775N07605890EA000000252243
B0757404308777N07605883EA000000252149
B0757414308780N07605877EA000000251854
B0757424308783N07605870EA000000251627
B0757434308785N07605863EA000000251426
B0757444308786N07605857EA000000251311
B0757454308787N07605850EA000000251229
B0757464308788N07605844EA000000251096
B0757474308791N07605838EA000000250884
B0757484308794N07605832EA000000250539
B0757494308796N07605828EA000000250564
B0757504308799N07605823EA000000250329
B0757514308801N07605819EA000000250274
B0757524308805N07605814EA000000250010
B0757534308808N07605808EA000000249751
B0757544308812N07605802EA000000249332
B0757554308815N07605796EA000000249183
B0757564308819N07605790EA000000249007
B0757574308821N07605784EA000000248974
B0757584308824N07605778EA000000248818
B0757594308827N07605772EA000000248629
B0758004308830N07605767EA000000248565
B0758014308834N07605762EA000000248334
B0758024308837N07605757EA000000248127
B0758034308840N07605752EA000000247934
B0758044308843N07605747EA000000247761
B0758054308847N07605741EA000000247545
B0758064308850N07605736EA000000247282
B0758074308853N07605730EA000000247075
B0758084308856N07605724EA000000246858
B0758094308859N07605719EA000000246742
B0758104308862N07605713EA000000246565
B0758114308866N07605707EA000000246145
B0758124308870N07605701EA000000245839
B0758134308873N07605697EA000000245780
B0758144308877N07605692EA000000245603
B0758154308879N07605688EA000000245592
B0758164308882N07605683EA000000245356
B0758174308886N07605678EA000000245002
B0758184308889N07605672EA000000244627
B0758194308892N07605667EA000000244311
B0758204308894N07605662EA000000244073
B0758214308897N07605657EA000000243765
B0758224308899N07605653EA000000243587
B0758234308902N07605650EA000000243423
B0758244308904N07605645EA000000243185
B0758254308907N07605640EA000000242684
B0758264308910N07605635EA000000242222
B0758274308912N07605631EA000000241830
B0758284308914N07605627EA000000241485
B0758294308917N07605625EA000000241252
B0758304308919N07605624EA000000240972
B0758314308922N07605621EA000000240627
B0758324308924N07605618EA000000240461
B0758334308926N07605614EA000000240238
B0758344308928N07605612EA000000240081
B0758354308930N07605610EA000000239885
B0758364308934N07605608EA000000239400
B0758374308936N07605605EA000000239165
B0758384308938N07605602EA000000239073
B0758394308940N07605599EA000000238920
B0758404308940N07605596EA000000238955
B0758414308941N07605593EA000000238746
B0758424308943N07605590EA000000238459
B0758434308945N07605586EA000000238243
B0758444308947N07605580EA000000237804
B0758454308946N07605574EA000000237594
B0758464308947N07605568EA000000237134
B0758474308948N07605561EA000000237169
B0758484308950N07605555EA000000236964
B0758494308952N07605549EA000000236956
B0758504308953N07605543EA000000236983
B0758514308955N07605536EA000000237106
B0758524308955N07605530EA000000237542
B0758534308955N07605525EA000000237900
B0758544308954N07605520EA000000238211
B0758554308954N07605515EA000000238501
B0758564308955N07605511EA000000238724
B0758574308956N07605510EA000000238854
B0758584308956N07605513EA000000238997
B0758594308957N07605519EA000000238922
B0759004308957N07605525EA000000238969
B0759014308951N07605533EA000000239062
B0759024308944N07605537EA000000239332
B0759034308935N07605540EA000000239770
B0759044308928N07605540EA000000239936
B0759054308920N07605539EA000000240159
B0759064308913N07605538EA000000240332
B0759074308905N07605535EA000000240482
B0759084308898N07605530EA000000240543
B0759094308891N07605523EA000000240666
B0759104308886N07605516EA000000240785
B0759114308884N07605507EA000000240809
B0759124308882N07605501EA000000241074
B0759134308882N07605496EA000000241445
B0759144308881N07605492EA000000241697
B0759154308881N07605489EA000000241987
B0759164308882N07605488EA000000242159
B0759174308883N07605491EA000000242313
B0759184308883N07605496EA000000242233
B0759194308882N07605501EA000000242227
B0759204308876N07605511EA000000242202
B0759214308867N07605518EA000000242474
B0759224308857N07605523EA000000242770
B0759234308847N07605525EA000000242976
B0759244308839N07605524EA000000243118
B0759254308830N07605523EA000000243263
B0759264308822N07605521EA000000243341
B0759274308814N07605518EA000000243497
B0759284308808N07605515EA000000243541
B0759294308803N07605510EA000000243659
B0759304308800N07605504EA000000243634
B0759314308799N07605497EA000000243511
B0759324308797N07605490EA000000243494
B0759334308795N07605483EA000000243654
B0759344308793N07605477EA000000243822
B0759354308792N07605471EA000000244000
B0759364308792N07605466EA000000244154
B0759374308794N07605462EA000000244206
B0759384308795N07605459EA000000244334
B0759394308797N07605458EA000000244522
B0759404308798N07605460EA000000244772
B0759414308800N07605466EA000000244612
B0759424308799N07605473EA000000244542
B0759434308795N07605481EA000000244679
B0759444308790N07605488EA000000244789
B0759454308784N07605495EA000000244778
B0759464308778N07605502EA000000244724
B0759474308769N07605507EA000000244868
B0759484308760N07605510EA000000244812
B0759494308750N07605509EA000000244886
B0759504308744N07605504EA000000244800
B0759514308740N07605497EA000000244732
B0759524308738N07605491EA000000244700
B0759534308736N07605485EA000000244874
B0759544308736N07605482EA000000244975
B0759554308737N07605480EA000000245050
B0759564308738N07605478EA000000245123
B0759574308739N07605477EA000000245170
B0759584308741N07605476EA000000245180
B0759594308744N07605475EA000000245184
B0800004308747N07605476EA000000245109
B0800014308748N07605479EA000000245333
B0800024308749N07605481EA000000245604
B0800034308750N07605482EA000000245731
B0800044308752N07605481EA000000245741
B0800054308755N07605478EA000000245550
B0800064308757N07605473EA000000245583
B0800074308758N07605468EA000000245797
B0800084308758N07605464EA000000246178
B0800094308758N07605461EA000000246354
B0800104308758N07605458EA000000246471
B0800114308760N07605455EA000000246424
B0800124308763N07605455EA000000246503
B0800134308764N07605459EA000000246599
B0800144308765N07605467EA000000246548
B0800154308763N07605477EA000000246402
B0800164308758N07605486EA000000246441
B0800174308752N07605493EA000000246549
B0800184308745N07605500EA000000246592
B0800194308738N07605505EA000000246690
B0800204308731N07605508EA000000246620
B0800214308722N07605508EA000000246566
B0800224308713N07605507EA000000246490
B0800234308706N07605502EA000000246295
B0800244308702N07605496EA000000246216
B0800254308698N07605490EA000000246393
B0800264308697N07605484EA000000246343
B0800274308696N07605478EA000000246394
B0800284308697N07605473EA000000246324
B0800294308698N07605468EA000000246203
B0800304308698N07605462EA000000246196
B0800314308699N07605457EA000000246094
B0800324308701N07605452EA000000246057
B0800334308703N07605449EA000000246080
B0800344308706N07605445EA000000246104
B0800354308707N07605441EA000000246273
B0800364308708N07605437EA000000246424
B0800374308708N07605432EA000000246669
B0800384308709N07605428EA000000246851
B0800394308710N07605422EA000000246979
B0800404308712N07605417EA000000247014
B0800414308713N07605411EA000000247140
B0800424308714N07605405EA000000247225
B0800434308715N07605400EA000000247415
B0800444308715N07605396EA000000247674
B0800454308716N07605393EA000000247892
B0800464308719N07605391EA000000247817
B0800474308721N07605391EA000000247847
B0800484308724N07605393EA000000247735
B0800494308725N07605395EA000000247866
B0800504308727N07605395EA000000247785
B0800514308729N07605393EA000000247929
B0800524308730N07605391EA000000248080
B0800534308732N07605387EA000000248051
B0800544308734N07605382EA000000248158
B0800554308736N07605378EA000000248226
B0800564308737N07605373EA000000248368
B0800574308738N07605369EA000000248535
B0800584308739N07605364EA000000248533
B0800594308741N07605359EA000000248514
B0801004308743N07605354EA000000248634
B0801014308745N07605349EA000000248775
B0801024308747N07605345EA000000248973
B0801034308748N07605341EA000000249283
B0801044308749N07605338EA000000249581
B0801054308750N07605336EA000000249780
B0801064308753N07605335EA000000249732
B0801074308757N07605336EA000000249619
B0801084308759N07605342EA000000249464
B0801094308759N07605350EA000000249460
B0801104308756N07605358EA000000249490
B0801114308752N07605364EA000000249437
B0801124308747N07605370EA000000249426
B0801134308741N07605376EA000000249428
B0801144308734N07605381EA000000249459
B0801154308727N07605384EA000000249415
B0801164308718N07605385EA000000249580
B0801174308710N07605382EA000000249475
B0801184308703N07605377EA000000249456
B0801194308698N07605370EA000000249419
B0801204308694N07605363EA000000249496
B0801214308694N07605356EA000000249405
B0801224308694N07605350EA000000249598
B0801234308696N07605346EA000000249566
B0801244308698N07605342EA000000249619
B0801254308699N07605339EA000000249735
B0801264308700N07605335EA000000249937
B0801274308701N07605332EA000000250074
B0801284308703N07605329EA000000250078
B0801294308706N07605329EA000000250062
B0801304308708N07605329EA000000250055
B0801314308710N07605328EA000000249940
B0801324308712N07605324EA000000249934
B0801334308714N07605319EA000000249906
B0801344308715N07605314EA000000249960
B0801354308716N07605308EA000000249998
B0801364308718N07605304EA000000250010
B0801374308719N07605299EA000000250120
B0801384308720N07605294EA000000250061
B0801394308722N07605288EA000000249936
B0801404308724N07605282EA000000249822
B0801414308726N07605275EA000000249735
B0801424308728N07605269EA000000249630
B0801434308730N07605262EA000000249621
B0801444308732N07605254EA000000249719
B0801454308732N07605248EA000000249951
B0801464308732N07605242EA000000250124
B0801474308731N07605238EA000000250481
B0801484308733N07605235EA000000250453
B0801494308736N07605234EA000000250432
B0801504308738N07605236EA000000250357
B0801514308739N07605241EA000000250227
B0801524308737N07605247EA000000250387
B0801534308733N07605254EA000000250485
B0801544308728N07605260EA000000250434
B0801554308721N07605265EA000000250457
B0801564308714N07605269EA000000250446
B0801574308706N07605271EA000000250551
B0801584308698N07605271EA000000250540
B0801594308691N07605267EA000000250570
B0802004308686N07605260EA000000250541
B0802014308682N07605252EA000000250695
B0802024308681N07605243EA000000250629
B0802034308680N07605234EA000000250788
B0802044308681N07605226EA000000250888
B0802054308682N07605219EA000000250991
B0802064308684N07605211EA000000251022
B0802074308685N07605203EA000000251050
B0802084308686N07605195EA000000251294
B0802094308688N07605189EA000000251501
B0802104308689N07605182EA000000251728
B0802114308690N07605176EA000000251979
B0802124308693N07605172EA000000252034
B0802134308696N07605170EA000000252154
B0802144308699N07605172EA000000252151
B0802154308701N07605177EA000000252007
B0802164308701N07605183EA000000251972
B0802174308699N07605189EA000000251879
B0802184308692N07605197EA000000251733
B0802194308684N07605200EA000000251636
B0802204308676N07605200EA000000251878
B0802214308669N07605199EA000000252207
B0802224308662N07605196EA000000252306
B0802234308655N07605191EA000000252413
B0802244308649N07605184EA000000252403
B0802254308643N07605177EA000000252650
B0802264308639N07605169EA000000252779
B0802274308636N07605162EA000000252865
B0802284308635N07605153EA000000252929
B0802294308634N07605145EA000000253090
B0802304308635N07605136EA000000253165
B0802314308636N07605129EA000000253455
B0802324308637N07605123EA000000253624
B0802334308638N07605118EA000000253940
B0802344308639N07605112EA000000254084
B0802354308641N07605106EA000000254122
B0802364308642N07605100EA000000254294
B0802374308644N07605095EA000000254441
B0802384308646N07605089EA000000254551
B0802394308648N07605084EA000000254856
B0802404308650N07605081EA000000255185
B0802414308652N07605079EA000000255397
B0802424308655N07605078EA000000255457
B0802434308658N07605079EA000000255591
B0802444308662N07605081EA000000255512
B0802454308663N07605086EA000000255563
B0802464308663N07605092EA000000255525
B0802474308659N07605099EA000000255597
B0802484308654N07605104EA000000255803
B0802494308646N07605107EA000000256070
B0802504308639N07605107EA000000256233
B0802514308632N07605106EA000000256437
B0802524308625N07605104EA000000256708
B0802534308618N07605101EA000000256856
B0802544308612N07605096EA000000256930
B0802554308606N07605088EA000000256998
B0802564308602N07605080EA000000257166
B0802574308600N07605072EA000000257223
B0802584308599N07605064EA000000257355
B0802594308600N07605057EA000000257515
B0803004308602N07605052EA000000257631
B0803014308605N07605049EA000000257750
B0803024308609N07605049EA000000257901
B0803034308611N07605051EA000000258192
B0803044308612N07605054EA000000258479
B0803054308612N07605058EA000000258569
B0803064308611N07605065EA000000258522
B0803074308609N07605071EA000000258511
B0803084308604N07605077EA000000258642
B0803094308597N07605081EA000000258871
B0803104308589N07605082EA000000259083
B0803114308581N07605080EA000000259092
B0803124308575N07605075EA000000259115
B0803134308568N07605070EA000000259192
B0803144308563N07605064EA000000259157
B0803154308559N07605059EA000000259201
B0803164308554N07605052EA000000259294
B0803174308551N07605043EA000000259368
B0803184308549N07605034EA000000259275
B0803194308550N07605025EA000000259231
B0803204308553N07605017EA000000259312
B0803214308556N07605011EA000000259476
B0803224308559N07605006EA000000259626
B0803234308561N07605000EA000000259926
B0803244308562N07604994EA000000260189
B0803254308565N07604988EA000000260107
B0803264308568N07604983EA000000260110
B0803274308572N07604977EA000000260104
B0803284308575N07604972EA000000260242
B0803294308577N07604967EA000000260584
B0803304308580N07604963EA000000260920
B0803314308582N07604957EA000000261092
B0803324308586N07604950EA000000261036
B0803334308589N07604943EA000000261075
B0803344308592N07604936EA000000261298
B0803354308596N07604931EA000000261609
B0803364308598N07604927EA000000261988
B0803374308602N07604922EA000000262118
B0803384308605N07604915EA000000262138
B0803394308607N07604907EA000000262387
B0803404308609N07604899EA000000262546
B0803414308611N07604893EA000000262903
B0803424308613N07604889EA000000263341
B0803434308616N07604886EA000000263647
B0803444308620N07604885EA000000263826
B0803454308622N07604887EA000000264129
B0803464308623N07604892EA000000264144
B0803474308622N07604897EA000000264298
B0803484308618N07604903EA000000264277
B0803494308613N07604907EA000000264346
B0803504308607N07604909EA000000264658
B0803514308600N07604909EA000000264887
B0803524308594N07604907EA000000265038
B0803534308588N07604904EA000000265201
B0803544308582N07604899EA000000265351
B0803554308577N07604892EA000000265471
B0803564308573N07604884EA000000265614
B0803574308569N07604875EA000000265897
B0803584308567N07604866EA000000266032
B0803594308569N07604857EA000000266131
B0804004308570N07604849EA000000266397
B0804014308573N07604844EA000000266336
B0804024308578N07604842EA000000266448
B0804034308582N07604844EA000000266621
B0804044308585N07604845EA000000267100
B0804054308587N07604847EA000000267592
B0804064308590N07604851EA000000267561
B0804074308591N07604857EA000000267713
B0804084308588N07604863EA000000267975
B0804094308583N07604868EA000000268192
B0804104308578N07604871EA000000268312
B0804114308571N07604871EA000000268455
B0804124308565N07604869EA000000268734
B0804134308559N07604865EA000000269043
B0804144308553N07604859EA000000269397
B0804154308549N07604852EA000000269526
B0804164308545N07604844EA000000269896
B0804174308544N07604834EA000000269988
B0804184308545N07604824EA000000270134
B0804194308547N07604815EA000000270335
B0804204308550N07604808EA000000270723
B0804214308553N07604803EA000000271274
B0804224308557N07604800EA000000271602
B0804234308560N07604798EA000000271855
B0804244308563N07604798EA000000272094
B0804254308566N07604800EA000000272279
B0804264308568N07604805EA000000272316
B0804274308567N07604811EA000000272516
B0804284308563N07604817EA000000272652
B0804294308558N07604820EA000000272838
B0804304308552N07604822EA000000272938
B0804314308546N07604823EA000000273245
B0804324308540N07604823EA000000273454
B0804334308534N07604821EA000000273718
B0804344308528N07604817EA000000273907
B0804354308522N07604810EA000000274188
B0804364308519N07604801EA000000274232
B0804374308517N07604791EA000000274453
B0804384308518N07604780EA000000274509
B0804394308518N07604772EA000000274882
B0804404308520N07604764EA000000275138
B0804414308522N07604759EA000000275442
B0804424308525N07604754EA000000275604
B0804434308528N07604750EA000000275857
B0804444308532N07604749EA000000275838
B0804454308535N07604752EA000000275982
B0804464308538N07604756EA000000275939
B0804474308537N07604763EA000000276091
B0804484308535N07604767EA000000276268
B0804494308531N07604770EA000000276477
B0804504308526N07604773EA000000276771
B0804514308521N07604774EA000000276915
B0804524308514N07604774EA000000277056
B0804534308507N07604773EA000000277181
B0804544308501N07604769EA000000277316
B0804554308494N07604764EA000000277492
B0804564308490N07604756EA000000277504
B0804574308486N07604747EA000000277555
B0804584308483N07604738EA000000277695
B0804594308481N07604729EA000000277886
B0805004308480N07604720EA000000277919
B0805014308480N07604711EA000000278116
B0805024308480N07604702EA000000278273
B0805034308481N07604693EA000000278377
B0805044308482N07604685EA000000278547
B0805054308483N07604678EA000000278880
B0805064308485N07604670EA000000278996
B0805074308488N07604662EA000000279019
B0805084308491N07604655EA000000279102
B0805094308494N07604647EA000000279309
B0805104308496N07604641EA000000279590
B0805114308499N07604634EA000000279728
B0805124308502N07604628EA000000279808
B0805134308505N07604622EA000000279804
B0805144308508N07604615EA000000279886
B0805154308512N07604608EA000000279779
B0805164308516N07604602EA000000279797
B0805174308521N07604597EA000000279842
B0805184308526N07604591EA000000279938
B0805194308531N07604586EA000000280065
B0805204308535N07604580EA000000280299
B0805214308540N07604574EA000000280314
B0805224308544N07604567EA000000280283
B0805234308549N07604560EA000000280261
B0805244308554N07604553EA000000280163
B0805254308559N07604546EA000000280142
B0805264308563N07604539EA000000280291
B0805274308568N07604532EA000000280240
B0805284308572N07604525EA000000280283
B0805294308577N07604519EA000000280383
B0805304308583N07604513EA000000280333
B0805314308588N07604507EA000000280241
B0805324308593N07604499EA000000280219
B0805334308597N07604492EA000000280256
B0805344308601N07604486EA000000280352
B0805354308605N07604480EA000000280297
B0805364308609N07604475EA000000280079
B0805374308615N07604469EA000000279389
B0805384308621N07604464EA000000278941
B0805394308626N07604458EA000000278603
B0805404308630N07604451EA000000278366
B0805414308635N07604444EA000000278091
B0805424308641N07604436EA000000277647
B0805434308647N07604428EA000000277141
B0805444308653N07604419EA000000277004
B0805454308657N07604412EA000000277197
B0805464308661N07604407EA000000277189
B0805474308664N07604403EA000000277194
B0805484308669N07604398EA000000276720
B0805494308673N07604391EA000000276388
B0805504308679N07604385EA000000275832
B0805514308684N07604379EA000000275699
B0805524308690N07604376EA000000275504
B0805534308695N07604373EA000000275392
B0805544308701N07604369EA000000275194
B0805554308708N07604364EA000000274818
B0805564308714N07604360EA000000274515
B0805574308719N07604357EA000000274522
B0805584308723N07604352EA000000274552
B0805594308727N07604345EA000000274462
B0806004308729N07604337EA000000274367
B0806014308732N07604329EA000000274069
B0806024308736N07604322EA000000273906
B0806034308739N07604317EA000000273732
B0806044308743N07604311EA000000273338
B0806054308748N07604306EA000000272927
B0806064308753N07604301EA000000272392
B0806074308761N07604293EA000000271687
B0806084308769N07604287EA000000271440
B0806094308775N07604282EA000000271306
B0806104308780N07604279EA000000271330
B0806114308784N07604276EA000000271423
B0806124308788N07604273EA000000271280
B0806134308796N07604269EA000000271140
B0806144308801N07604262EA000000270978
B0806154308807N07604259EA000000270394
B0806164308813N07604257EA000000270071
B0806174308818N07604255EA000000269879
B0806184308820N07604255EA000000269714
B0806194308826N07604253EA000000268705
B0806204308833N07604251EA000000268010
B0806214308840N07604248EA000000267507
B0806224308846N07604246EA000000267026
B0806234308852N07604244EA000000266557
B0806244308858N07604242EA000000266229
B0806254308864N07604240EA000000265732
B0806264308870N07604236EA000000265338
B0806274308875N07604232EA000000264975
B0806284308880N07604227EA000000264499
B0806294308886N07604223EA000000264045
B0806304308891N07604220EA000000263780
B0806314308897N07604216EA000000263386
B0806324308904N07604213EA000000263036
B0806334308910N07604210EA000000262654
B0806344308916N07604207EA000000262406
B0806354308921N07604204EA000000262244
B0806364308926N07604201EA000000261956
B0806374308932N07604198EA000000261532
B0806384308938N07604194EA000000261145
B0806394308944N07604190EA000000260672
B0806404308950N07604185EA000000260298
B0806414308956N07604180EA000000259979
B0806424308961N07604176EA000000259773
B0806434308966N07604172EA000000259474
B0806444308971N07604168EA000000258997
B0806454308977N07604164EA000000258455
B0806464308983N07604160EA000000257715
B0806474308988N07604156EA000000257263
B0806484308993N07604152EA000000256871
B0806494308998N07604148EA000000256494
B0806504309004N07604145EA000000255961
B0806514309011N07604141EA000000255517
B0806524309017N07604138EA000000255035
B0806534309023N07604135EA000000254603
B0806544309028N07604132EA000000254140
B0806554309033N07604128EA000000253875
B0806564309038N07604124EA000000253484
B0806574309043N07604120EA000000252993
B0806584309049N07604115EA000000252467
B0806594309055N07604111EA000000251951
B0807004309061N07604106EA000000251554
B0807014309067N07604101EA000000251322
B0807024309072N07604096EA000000251074
B0807034309077N07604092EA000000250865
B0807044309082N07604088EA000000250586
B0807054309088N07604084EA000000250016
B0807064309093N07604080EA000000249514
B0807074309098N07604076EA000000249066
B0807084309104N07604073EA000000248618
B0807094309110N07604071EA000000248237
B0807104309116N07604070EA000000247838
B0807114309121N07604070EA000000247456
B0807124309126N07604070EA000000246995
B0807134309133N07604070EA000000246423
B0807144309139N07604070EA000000245920
B0807154309145N07604068EA000000245374
B0807164309152N07604065EA000000244783
B0807174309159N07604060EA000000244389
B0807184309166N07604056EA000000244128
B0807194309171N07604053EA000000244084
B0807204309177N07604049EA000000243834
B0807214309182N07604044EA000000243648
B0807224309187N07604039EA000000243167
B0807234309193N07604034EA000000242734
B0807244309199N07604029EA000000242256
B0807254309205N07604025EA000000241940
B0807264309210N07604020EA000000241674
B0807274309215N07604015EA000000241464
B0807284309220N07604011EA000000241234
B0807294309224N07604008EA000000241093
B0807304309229N07604005EA000000240688
B0807314309235N07604002EA000000240248
B0807324309241N07603999EA000000239737
B0807334309247N07603996EA000000239432
B0807344309253N07603993EA000000239206
B0807354309258N07603991EA000000239088
B0807364309264N07603990EA000000238720
B0807374309270N07603987EA000000238251
B0807384309277N07603982EA000000237753
B0807394309283N07603976EA000000237682
B0807404309289N07603970EA000000237650
B0807414309294N07603964EA000000237653
B0807424309299N07603959EA000000237684
B0807434309305N07603954EA000000237650
B0807444309311N07603947EA000000237505
B0807454309316N07603940EA000000237431
B0807464309320N07603932EA000000237478
B0807474309325N07603926EA000000237514
B0807484309329N07603920EA000000237514
B0807494309333N07603915EA000000237491
B0807504309339N07603909EA000000237280
B0807514309345N07603902EA000000237053
B0807524309350N07603894EA000000237035
B0807534309354N07603887EA000000237105
B0807544309357N07603881EA000000237129
B0807554309360N07603877EA000000237263
B0807564309364N07603871EA000000237179
B0807574309369N07603865EA000000237040
B0807584309373N07603857EA000000236879
B0807594309377N07603851EA000000236657
B0808004309382N07603847EA000000236721
B0808014309386N07603843EA000000236741
B0808024309390N07603838EA000000236728
B0808034309394N07603833EA000000236663
B0808044309398N07603828EA000000236542
B0808054309402N07603823EA000000236475
B0808064309407N07603819EA000000236213
B0808074309411N07603815EA000000236048
B0808084309415N07603812EA000000235883
B0808094309420N07603808EA000000235610
B0808104309424N07603803EA000000235336
B0808114309428N07603799EA000000235086
B0808124309434N07603795EA000000234619
B0808134309439N07603792EA000000234241
B0808144309444N07603788EA000000233975
B0808154309449N07603783EA000000233668
B0808164309454N07603779EA000000233421
B0808174309458N07603773EA000000233042
B0808184309461N07603767EA000000232693
B0808194309465N07603761EA000000232193
B0808204309469N07603755EA000000231883
B0808214309473N07603749EA000000231649
B0808224309477N07603744EA000000231458
B0808234309481N07603740EA000000231250
B0808244309485N07603734EA000000231066
B0808254309489N07603728EA000000230769
B0808264309493N07603723EA000000230545
B0808274309497N07603718EA000000230168
B0808284309501N07603714EA000000229940
B0808294309505N07603709EA000000229663
B0808304309509N07603704EA000000229482
B0808314309513N07603698EA000000229195
B0808324309518N07603693EA000000228907
B0808334309522N07603689EA000000228754
B0808344309527N07603684EA000000228523
B0808354309531N07603678EA000000228274
B0808364309535N07603672EA000000228150
B0808374309538N07603666EA000000228084
B0808384309542N07603661EA000000228023
B0808394309545N07603657EA000000227891
B0808404309550N07603652EA000000227527
B0808414309554N07603648EA000000227379
B0808424309558N07603646EA000000227261
B0808434309561N07603643EA000000227293
B0808444309565N07603639EA000000227259
B0808454309569N07603635EA000000227114
B0808464309574N07603629EA000000226816
B0808474309578N07603624EA000000226894
B0808484309583N07603620EA000000227033
B0808494309587N07603617EA000000227320
B0808504309590N07603613EA000000227549
B0808514309592N07603611EA000000227704
B0808524309594N07603607EA000000227746
B0808534309597N07603602EA000000227606
B0808544309599N07603596EA000000227572
B0808554309602N07603589EA000000227331
B0808564309605N07603582EA000000227238
B0808574309608N07603578EA000000227281
B0808584309613N07603574EA000000227205
B0808594309616N07603570EA000000227277
B0809004309619N07603566EA000000227131
B0809014309623N07603560EA000000226835
B0809024309628N07603555EA000000226731
B0809034309633N07603550EA000000226576
B0809044309639N07603546EA000000226314
B0809054309643N07603541EA000000226395
B0809064309647N07603536EA000000226160
B0809074309651N07603530EA000000226053
B0809084309656N07603525EA000000225801
B0809094309660N07603520EA000000225493
B0809104309665N07603515EA000000225036
B0809114309670N07603510EA000000224427
B0809124309675N07603506EA000000224200
B0809134309679N07603501EA000000224157
B0809144309684N07603498EA000000223936
B0809154309688N07603495EA000000223657
B0809164309692N07603493EA000000223192
B0809174309698N07603490EA000000222827
B0809184309702N07603488EA000000222683
B0809194309707N07603487EA000000222401
B0809204309711N07603485EA000000222126
B0809214309715N07603485EA000000221643
B0809224309719N07603485EA000000221375
B0809234309723N07603486EA000000221093
B0809244309727N07603486EA000000220945
B0809254309730N07603487EA000000220862
B0809264309734N07603488EA000000220582
B0809274309740N07603488EA000000220328
B0809284309746N07603489EA000000220112
B0809294309751N07603489EA000000220147
B0809304309755N07603491EA000000220240
B0809314309759N07603492EA000000220332
B0809324309763N07603493EA000000220352
B0809334309768N07603493EA000000220217
B0809344309772N07603494EA000000220164
B0809354309776N07603495EA000000220140
B0809364309780N07603495EA000000220120
B0809374309784N07603495EA000000220104
B0809384309787N07603496EA000000220124
B0809394309789N07603498EA000000219990
B0809404309792N07603500EA000000219859
B0809414309794N07603504EA000000219668
B0809424309796N07603509EA000000219453
B0809434309798N07603513EA000000219367
B0809444309800N07603518EA000000219241
B0809454309802N07603522EA000000219227
B0809464309804N07603526EA000000219048
B0809474309807N07603530EA000000218907
B0809484309809N07603534EA000000218759
B0809494309811N07603538EA000000218589
B0809504309814N07603543EA000000218412
B0809514309816N07603548EA000000218291
B0809524309819N07603551EA000000218094
B0809534309822N07603554EA000000217955
B0809544309825N07603557EA000000217835
B0809554309828N07603561EA000000217611
B0809564309831N07603565EA000000217417
B0809574309834N07603571EA000000217332
B0809584309836N07603576EA000000217275
B0809594309839N07603581EA000000217122
B0810004309842N07603585EA000000217111
B0810014309844N07603588EA000000217173
B0810024309847N07603592EA000000217174
B0810034309850N07603597EA000000217030
B0810044309852N07603601EA000000217047
B0810054309854N07603606EA000000216986
B0810064309857N07603610EA000000216980
B0810074309861N07603613EA000000216932
B0810084309864N07603615EA000000216966
B0810094309868N07603618EA000000216826
B0810104309871N07603622EA000000216879
B0810114309874N07603627EA000000216780
B0810124309877N07603631EA000000216666
B0810134309880N07603637EA000000216601
B0810144309882N07603642EA000000216671
B0810154309884N07603647EA000000216682
B0810164309886N07603651EA000000216857
B0810174309888N07603655EA000000216776
B0810184309891N07603658EA000000216736
B0810194309893N07603661EA000000216694
B0810204309896N07603663EA000000216579
B0810214309900N07603665EA000000216406
B0810224309902N07603666EA000000216389
B0810234309905N07603667EA000000216089
B0810244309909N07603668EA000000215713
B0810254309912N07603668EA000000215465
B0810264309916N07603669EA000000215334
B0810274309919N07603670EA000000215277
B0810284309922N07603671EA000000215239
B0810294309924N07603672EA000000215373
B0810304309926N07603672EA000000215269
B0810314309929N07603672EA000000214987
B0810324309933N07603672EA000000214684
B0810334309937N07603674EA000000214470
B0810344309940N07603677EA000000214340
B0810354309942N07603681EA000000214270
B0810364309944N07603686EA000000214017
B0810374309945N07603692EA000000213936
B0810384309946N07603698EA000000213890
B0810394309949N07603703EA000000213630
B0810404309951N07603708EA000000213463
B0810414309953N07603714EA000000213357
B0810424309954N07603721EA000000213186
B0810434309956N07603729EA000000212961
B0810444309959N07603735EA000000212746
B0810454309961N07603740EA000000212688
B0810464309963N07603747EA000000212524
B0810474309964N07603754EA000000212437
B0810484309964N07603761EA000000212287
B0810494309965N07603768EA000000212178
B0810504309967N07603773EA000000212029
B0810514309968N07603779EA000000211931
B0810524309969N07603785EA000000211858
B0810534309971N07603793EA000000211700
B0810544309973N07603798EA000000211625
B0810554309974N07603805EA000000211673
B0810564309975N07603811EA000000211642
B0810574309975N07603816EA000000211685
B0810584309975N07603823EA000000211202
B0810594309974N07603830EA000000210929
B0811004309973N07603838EA000000210417
B0811014309972N07603846EA000000210171
B0811024309972N07603853EA000000209920
B0811034309971N07603859EA000000209876
B0811044309971N07603865EA000000209618
B0811054309970N07603873EA000000209331
B0811064309970N07603880EA000000209131
B0811074309970N07603888EA000000208881
B0811084309972N07603895EA000000208607
B0811094309973N07603903EA000000208515
B0811104309973N07603910EA000000208544
B0811114309972N07603917EA000000208596
B0811124309972N07603925EA000000208520
B0811134309971N07603932EA000000208566
B0811144309971N07603940EA000000208478
B0811154309971N07603949EA000000208395
B0811164309971N07603958EA000000208261
B0811174309970N07603966EA000000208269
B0811184309969N07603975EA000000208344
B0811194309969N07603982EA000000208137
B0811204309969N07603990EA000000208072
B0811214309968N07603998EA000000207984
B0811224309967N07604006EA000000207936
B0811234309965N07604014EA000000207859
B0811244309963N07604022EA000000207881
B0811254309962N07604029EA000000207861
B0811264309961N07604036EA000000207941
B0811274309959N07604043EA000000207887
B0811284309957N07604051EA000000207699
B0811294309955N07604061EA000000207583
B0811304309953N07604069EA000000207479
B0811314309951N07604077EA000000207525
B0811324309948N07604084EA000000207556
B0811334309945N07604092EA000000207460
B0811344309943N07604100EA000000207323
B0811354309941N07604108EA000000207166
B0811364309939N07604117EA000000207120
B0811374309936N07604124EA000000207019
B0811384309932N07604132EA000000206967
B0811394309929N07604139EA000000206949
B0811404309926N07604147EA000000206857
B0811414309924N07604155EA000000206632
B0811424309922N07604163EA000000206573
B0811434309920N07604171EA000000206493
B0811444309918N07604179EA000000206285
B0811454309916N07604186EA000000206168
B0811464309914N07604193EA000000206062
B0811474309913N07604198EA000000206049
B0811484309912N07604205EA000000205831
B0811494309911N07604212EA000000205705
B0811504309909N07604220EA000000205415
B0811514309906N07604227EA000000205304
B0811524309902N07604232EA000000205427
B0811534309898N07604237EA000000205581
B0811544309895N07604241EA000000205568
B0811554309893N07604247EA000000205658
B0811564309893N07604255EA000000205204
B0811574309893N07604263EA000000204894
B0811584309894N07604269EA000000204776
B0811594309894N07604274EA000000204949
B0812004309893N07604279EA000000205021
B0812014309892N07604282EA000000205119
B0812024309891N07604287EA000000204877
B0812034309891N07604293EA000000204476
B0812044309891N07604300EA000000204024
B0812054309889N07604306EA000000203765
B0812064309886N07604312EA000000203620
B0812074309882N07604316EA000000203426
B0812084309878N07604320EA000000203257
B0812094309875N07604325EA000000202933
B0812104309872N07604330EA000000202517
B0812114309868N07604336EA000000202183
B0812124309865N07604342EA000000201885
B0812134309863N07604348EA000000201428
B0812144309862N07604354EA000000201102
B0812154309861N07604359EA000000200855
B0812164309860N07604364EA000000200795
B0812174309860N07604369EA000000200602
B0812184309859N07604373EA000000200528
B0812194309859N07604378EA000000200325
B0812204309859N07604383EA000000199824
B0812214309858N07604388EA000000199597
B0812224309858N07604393EA000000199125
B0812234309856N07604398EA000000198638
B0812244309853N07604404EA000000198263
B0812254309851N07604409EA000000197824
B0812264309849N07604415EA000000197430
B0812274309848N07604419EA000000197148
B0812284309847N07604424EA000000196794
B0812294309847N07604427EA000000196597
B0812304309848N07604431EA000000196027
B0812314309848N07604435EA000000195638
B0812324309848N07604440EA000000195251
B0812334309848N07604445EA000000194832
B0812344309847N07604450EA000000194445
B0812354309846N07604455EA000000194021
B0812364309845N07604459EA000000193704
B0812374309843N07604463EA000000193382
B0812384309842N07604467EA000000192973
B0812394309841N07604471EA000000192552
B0812404309839N07604475EA000000192141
B0812414309836N07604479EA000000191793
B0812424309834N07604483EA000000191323
B0812434309831N07604487EA000000190906
B0812444309827N07604492EA000000190451
B0812454309824N07604497EA000000190140
B0812464309821N07604501EA000000189708
B0812474309817N07604506EA000000189446
B0812484309814N07604511EA000000189100
B0812494309810N07604515EA000000188766
B0812504309807N07604520EA000000188427
B0812514309803N07604525EA000000187846
B0812524309798N07604530EA000000187643
B0812534309792N07604533EA000000187461
B0812544309786N07604534EA000000187427
B0812554309780N07604535EA000000187201
B0812564309773N07604534EA000000187285
B0812574309768N07604533EA000000187108
B0812584309762N07604533EA000000186918
B0812594309756N07604534EA000000186822
B0813004309749N07604535EA000000186575
B0813014309743N07604537EA000000186403
B0813024309735N07604539EA000000186075
B0813034309728N07604541EA000000185552
B0813044309720N07604543EA000000185299
B0813054309714N07604546EA000000185047
B0813064309708N07604548EA000000184808
B0813074309701N07604550EA000000184796
B0813084309695N07604551EA000000184448
B0813094309688N07604553EA000000184141
B0813104309681N07604555EA000000183840
B0813114309674N07604556EA000000183458
B0813124309667N07604557EA000000183087
B0813134309661N07604557EA000000182825
B0813144309655N07604557EA000000182521
B0813154309648N07604556EA000000182256
B0813164309641N07604556EA000000181967
B0813174309634N07604557EA000000181400
B0813184309626N07604557EA000000180910
B0813194309618N07604556EA000000180529
B0813204309610N07604556EA000000180119
B0813214309603N07604557EA000000179816
B0813224309596N07604558EA000000179672
B0813234309590N07604558EA000000179307
B0813244309582N07604558EA000000179099
B0813254309575N07604558EA000000178585
B0813264309568N07604559EA000000178153
B0813274309561N07604559EA000000177786
B0813284309555N07604560EA000000177422
B0813294309549N07604560EA000000177325
B0813304309543N07604559EA000000177059
B0813314309537N07604560EA000000176870
B0813324309531N07604560EA000000176383
B0813334309525N07604560EA000000175992
B0813344309520N07604559EA000000175502
B0813354309513N07604557EA000000175182
B0813364309507N07604554EA000000174709
B0813374309499N07604553EA000000174332
B0813384309492N07604551EA000000174047
B0813394309486N07604550EA000000173805
B0813404309480N07604549EA000000173711
B0813414309473N07604548EA000000173560
B0813424309465N07604547EA000000173292
B0813434309458N07604548EA000000173041
B0813444309450N07604548EA000000172484
B0813454309444N07604548EA000000172307
B0813464309437N07604548EA000000172435
B0813474309431N07604548EA000000172400
B0813484309424N07604548EA000000172304
B0813494309417N07604549EA000000171913
B0813504309410N07604550EA000000171707
B0813514309403N07604551EA000000171500
B0813524309395N07604550EA000000171394
B0813534309389N07604550EA000000171208
B0813544309382N07604551EA000000170955
B0813554309377N07604552EA000000170819
B0813564309371N07604555EA000000170780
B0813574309366N07604555EA000000170574
B0813584309362N07604555EA000000170510
B0813594309356N07604554EA000000170273
B0814004309351N07604554EA000000169931
B0814014309345N07604554EA000000169667
B0814024309339N07604555EA000000169481
B0814034309334N07604555EA000000169137
B0814044309329N07604555EA000000168833
B0814054309324N07604554EA000000168616
B0814064309318N07604553EA000000168438
B0814074309312N07604552EA000000168098
B0814084309306N07604551EA000000167775
B0814094309300N07604550EA000000167491
B0814104309295N07604548EA000000167253
B0814114309289N07604546EA000000166995
B0814124309284N07604544EA000000166559
B0814134309278N07604544EA000000166182
B0814144309273N07604543EA000000165716
B0814154309267N07604543EA000000165469
B0814164309262N07604544EA000000165134
B0814174309256N07604544EA000000164847
B0814184309250N07604546EA000000164640
B0814194309244N07604547EA000000164343
B0814204309239N07604549EA000000164002
B0814214309234N07604551EA000000163905
B0814224309228N07604553EA000000163682
B0814234309223N07604554EA000000163537
B0814244309217N07604555EA000000163263
B0814254309211N07604556EA000000162994
B0814264309206N07604558EA000000162702
B0814274309200N07604560EA000000162141
B0814284309194N07604562EA000000161950
B0814294309189N07604563EA000000161867
B0814304309185N07604564EA000000161541
B0814314309181N07604563EA000000161392
B0814324309177N07604562EA000000161121
B0814334309172N07604561EA000000161064
B0814344309167N07604560EA000000160547
B0814354309162N07604559EA000000160320
B0814364309157N07604556EA000000160227
B0814374309152N07604553EA000000160158
B0814384309147N07604550EA000000159819
B0814394309141N07604548EA000000159772
B0814404309136N07604546EA000000159513
B0814414309130N07604545EA000000159361
B0814424309125N07604544EA000000159273
B0814434309120N07604543EA000000159173
B0814444309115N07604541EA000000158908
B0814454309109N07604539EA000000158617
B0814464309103N07604537EA000000158527
B0814474309097N07604535EA000000158472
B0814484309092N07604532EA000000158373
B0814494309087N07604529EA000000158256
B0814504309082N07604527EA000000158112
B0814514309076N07604525EA000000157935
B0814524309070N07604524EA000000157784
B0814534309064N07604523EA000000157599
B0814544309059N07604524EA000000157301
B0814554309052N07604524EA000000156930
B0814564309045N07604523EA000000156623
B0814574309038N07604522EA000000156414
B0814584309031N07604521EA000000156174
B0814594309025N07604521EA000000156044
B0815004309018N07604521EA000000155694
B0815014309012N07604521EA000000155323
B0815024309005N07604520EA000000155089
B0815034308999N07604520EA000000154789
B0815044308994N07604521EA000000154556
B0815054308989N07604521EA000000154256
B0815064308984N07604520EA000000154047
B0815074308978N07604519EA000000154092
B0815084308973N07604516EA000000153818
B0815094308967N07604514EA000000153754
B0815104308962N07604512EA000000153530
B0815114308956N07604511EA000000153393
B0815124308951N07604510EA000000153062
B0815134308947N07604508EA000000153063
B0815144308943N07604505EA000000153127
B0815154308938N07604502EA000000153193
B0815164308933N07604497EA000000153038
B0815174308926N07604493EA000000152953
B0815184308920N07604489EA000000152713
B0815194308914N07604484EA000000152802
B0815204308909N07604478EA000000153019
B0815214308904N07604473EA000000153222
B0815224308899N07604469EA000000153521
B0815234308894N07604468EA000000153725
B0815244308890N07604469EA000000153678
B0815254308889N07604473EA000000153598
B0815264308889N07604476EA000000153566
B0815274308890N07604478EA000000153650
B0815284308894N07604473EA000000153584
B0815294308900N07604457EA000000153330
B0815304308899N07604443EA000000153595
B0815314308899N07604433EA000000153780
B0815324308898N07604422EA000000154058
B0815334308896N07604413EA000000154222
B0815344308892N07604403EA000000154267
B0815354308887N07604396EA000000154349
B0815364308881N07604392EA000000154154
B0815374308876N07604393EA000000154213
B0815384308873N07604397EA000000154206
B0815394308873N07604402EA000000154191
B0815404308877N07604402EA000000153949
B0815414308883N07604399EA000000153851
B0815424308889N07604394EA000000154081
B0815434308891N07604375EA000000154039
B0815444308887N07604361EA000000154246
B0815454308883N07604352EA000000154517
B0815464308879N07604345EA000000154786
B0815474308876N07604339EA000000155017
B0815484308871N07604333EA000000154968
B0815494308865N07604328EA000000154883
B0815504308860N07604328EA000000154730
B0815514308855N07604332EA000000154532
B0815524308852N07604339EA000000154211
B0815534308848N07604342EA000000154387
B0815544308846N07604343EA000000154701
B0815554308844N07604343EA000000154726
B0815564308842N07604344EA000000154784
B0815574308841N07604348EA000000154621
B0815584308839N07604353EA000000154326
B0815594308837N07604359EA000000154444
B0816004308838N07604362EA000000154694
B0816014308840N07604362EA000000155272
B0816024308844N07604359EA000000155531
B0816034308848N07604353EA000000155677
B0816044308853N07604348EA000000155802
B0816054308855N07604340EA000000156268
B0816064308856N07604331EA000000156576
B0816074308856N07604319EA000000156562
B0816084308853N07604304EA000000156248
B0816094308847N07604293EA000000156369
B0816104308840N07604289EA000000156300
B0816114308833N07604289EA000000156354
B0816124308829N07604293EA000000156201
B0816134308828N07604297EA000000156218
B0816144308829N07604300EA000000156458
B0816154308832N07604301EA000000156601
B0816164308835N07604299EA000000157007
B0816174308837N07604298EA000000157123
B0816184308840N07604296EA000000157009
B0816194308844N07604294EA000000156908
B0816204308848N07604288EA000000156974
B0816214308853N07604277EA000000156856
B0816224308852N07604264EA000000156633
B0816234308849N07604251EA000000156339
B0816244308841N07604242EA000000156259
B0816254308834N07604238EA000000155943
B0816264308827N07604236EA000000155611
B0816274308821N07604237EA000000155695
B0816284308818N07604239EA000000155628
B0816294308818N07604244EA000000155553
B0816304308820N07604247EA000000155359
B0816314308823N07604247EA000000155271
B0816324308827N07604242EA000000155415
B0816334308830N07604234EA000000155604
B0816344308831N07604225EA000000155643
B0816354308832N07604216EA000000155584
B0816364308833N07604208EA000000155464
B0816374308833N07604199EA000000155346
B0816384308832N07604189EA000000155028
B0816394308826N07604177EA000000154802
B0816404308817N07604170EA000000154672
B0816414308810N07604166EA000000154303
B0816424308802N07604166EA000000154296
B0816434308797N07604168EA000000154021
B0816444308793N07604171EA000000153987
B0816454308792N07604175EA000000153944
B0816464308792N07604177EA000000153939
B0816474308793N07604180EA000000154030
B0816484308795N07604178EA000000154368
B0816494308799N07604173EA000000154314
B0816504308801N07604164EA000000154355
B0816514308802N07604154EA000000154228
B0816524308801N07604145EA000000154348
B0816534308799N07604137EA000000154212
B0816544308795N07604127EA000000154165
B0816554308791N07604116EA000000153974
B0816564308785N07604107EA000000153873
B0816574308778N07604102EA000000153701
B0816584308770N07604100EA000000153647
B0816594308764N07604103EA000000153563
B0817004308761N07604108EA000000153351
B0817014308760N07604111EA000000153494
B0817024308762N07604113EA000000153730
B0817034308763N07604112EA000000153931
B0817044308764N07604109EA000000154175
B0817054308766N07604106EA000000154221
B0817064308768N07604102EA000000154277
B0817074308771N07604099EA000000154081
B0817084308773N07604093EA000000154052
B0817094308775N07604085EA000000153906
B0817104308774N07604074EA000000153710
B0817114308772N07604062EA000000153301
B0817124308767N07604051EA000000153165
B0817134308762N07604042EA000000152914
B0817144308755N07604036EA000000153098
B0817154308749N07604034EA000000152941
B0817164308743N07604033EA000000152819
B0817174308738N07604035EA000000152828
B0817184308734N07604038EA000000152704
B0817194308731N07604043EA000000152720
B0817204308729N07604047EA000000152653
B0817214308728N07604050EA000000152582
B0817224308728N07604053EA000000152521
B0817234308727N07604056EA000000152539
B0817244308725N07604061EA000000152599
B0817254308723N07604066EA000000152455
B0817264308719N07604070EA000000152495
B0817274308716N07604073EA000000152424
B0817284308712N07604076EA000000152358
B0817294308709N07604080EA000000152328
B0817304308706N07604085EA000000152014
B0817314308702N07604090EA000000151974
B0817324308699N07604095EA000000151743
B0817334308695N07604101EA000000151743
B0817344308690N07604105EA000000151750
B0817354308686N07604106EA000000152215
B0817364308682N07604107EA000000152710
B0817374308678N07604108EA000000153345
B0817384308675N07604111EA000000153711
B0817394308673N07604115EA000000153843
B0817404308673N07604119EA000000153999
B0817414308677N07604119EA000000154049
B0817424308681N07604115EA000000154285
B0817434308686N07604107EA000000154454
B0817444308685N07604095EA000000154527
B0817454308681N07604082EA000000154845
B0817464308674N07604073EA000000155033
B0817474308666N07604068EA000000155289
B0817484308660N07604068EA000000155636
B0817494308655N07604069EA000000156219
B0817504308651N07604072EA000000156714
B0817514308647N07604076EA000000157152
B0817524308645N07604080EA000000157386
B0817534308646N07604084EA000000157566
B0817544308650N07604085EA000000157714
B0817554308654N07604080EA000000157916
B0817564308657N07604073EA000000158355
B0817574308658N07604062EA000000158691
B0817584308657N07604050EA000000159044
B0817594308655N07604039EA000000159302
B0818004308649N07604029EA000000159893
B0818014308643N07604022EA000000160225
B0818024308636N07604018EA000000160525
B0818034308629N07604019EA000000160860
B0818044308624N07604021EA000000161158
B0818054308621N07604025EA000000161459
B0818064308621N07604030EA000000161764
B0818074308624N07604032EA000000161849
B0818084308628N07604031EA000000162237
B0818094308632N07604026EA000000162848
B0818104308634N07604017EA000000163067
B0818114308634N07604005EA000000163370
B0818124308632N07603992EA000000163596
B0818134308629N07603980EA000000163807
B0818144308623N07603970EA000000164177
B0818154308616N07603965EA000000164407
B0818164308609N07603964EA000000164627
B0818174308603N07603967EA000000164760
B0818184308600N07603971EA000000164946
B0818194308599N07603975EA000000165234
B0818204308599N07603978EA000000165791
B0818214308603N07603977EA000000166005
B0818224308606N07603973EA000000166465
B0818234308610N07603966EA000000166727
B0818244308612N07603956EA000000167140
B0818254308610N07603943EA000000167405
B0818264308603N07603931EA000000167698
B0818274308596N07603925EA000000167792
B0818284308589N07603919EA000000167876
B0818294308585N07603928EA000000167962
B0818304308582N07603931EA000000168009
B0818314308581N07603937EA000000168122
B0818324308581N07603938EA000000168358
B0818334308583N07603934EA000000168499
B0818344308589N07603921EA000000168576
B0818354308591N07603911EA000000169143
B0818364308591N07603899EA000000169536
B0818374308588N07603887EA000000169965
B0818384308583N07603876EA000000170319
B0818394308575N07603872EA000000170470
B0818404308568N07603871EA000000170475
B0818414308565N07603878EA000000170683
B0818424308565N07603882EA000000170756
B0818434308568N07603884EA000000171103
B0818444308571N07603882EA000000171736
B0818454308574N07603877EA000000172377
B0818464308577N07603871EA000000172865
B0818474308580N07603863EA000000173359
B0818484308582N07603854EA000000173802
B0818494308581N07603842EA000000174141
B0818504308577N07603829EA000000174588
B0818514308570N07603820EA000000174666
B0818524308562N07603815EA000000174955
B0818534308555N07603814EA000000175204
B0818544308552N07603819EA000000175673
B0818554308552N07603822EA000000175844
B0818564308556N07603824EA000000176101
B0818574308559N07603822EA000000176682
B0818584308562N07603815EA000000177531
B0818594308563N07603807EA000000178140
B0819004308562N07603796EA000000178511
B0819014308561N07603786EA000000178844
B0819024308559N07603775EA000000179162
B0819034308555N07603764EA000000179320
B0819044308548N07603753EA000000179458
B0819054308541N07603747EA000000179508
B0819064308534N07603746EA000000179828
B0819074308529N07603747EA000000180417
B0819084308525N07603748EA000000180821
B0819094308522N07603749EA000000181336
B0819104308520N07603751EA000000181887
B0819114308520N07603753EA000000182167
B0819124308522N07603755EA000000182337
B0819134308525N07603754EA000000182682
B0819144308529N07603747EA000000183062
B0819154308531N07603736EA000000183221
B0819164308531N07603723EA000000183414
B0819174308530N07603712EA000000183954
B0819184308528N07603703EA000000184590
B0819194308526N07603693EA000000184861
B0819204308522N07603682EA000000185269
B0819214308516N07603673EA000000185372
B0819224308509N07603665EA000000185438
B0819234308501N07603664EA000000185631
B0819244308495N07603664EA000000185913
B0819254308491N07603666EA000000186013
B0819264308487N07603668EA000000186565
B0819274308484N07603669EA000000187091
B0819284308483N07603669EA000000187557
B0819294308484N07603670EA000000187814
B0819304308487N07603670EA000000188021
B0819314308491N07603665EA000000188345
B0819324308494N07603657EA000000188980
B0819334308495N07603646EA000000189350
B0819344308494N07603634EA000000189732
B0819354308492N07603623EA000000190385
B0819364308491N07603614EA000000190874
B0819374308490N07603605EA000000191242
B0819384308487N07603594EA000000191589
B0819394308482N07603583EA000000191695
B0819404308475N07603574EA000000191817
B0819414308466N07603571EA000000191956
B0819424308458N07603572EA000000191873
B0819434308452N07603573EA000000192000
B0819444308447N07603576EA000000192251
B0819454308446N07603576EA000000192187
B0819464308448N07603575EA000000192020
B0819474308452N07603567EA000000192059
B0819484308457N07603553EA000000192377
B0819494308459N07603543EA000000192914
B0819504308458N07603534EA000000193387
B0819514308457N07603526EA000000193626
B0819524308453N07603517EA000000193969
B0819534308447N07603508EA000000193987
B0819544308441N07603499EA000000193683
B0819554308434N07603493EA000000193833
B0819564308426N07603490EA000000193910
B0819574308419N07603490EA000000194235
B0819584308414N07603493EA000000194633
B0819594308411N07603495EA000000195165
B0820004308410N07603496EA000000195689
B0820014308411N07603497EA000000196203
B0820024308413N07603496EA000000196622
B0820034308416N07603492EA000000197088
B0820044308419N07603487EA000000197394
B0820054308421N07603478EA000000197686
B0820064308420N07603467EA000000197947
B0820074308416N07603456EA000000198025
B0820084308412N07603446EA000000198102
B0820094308407N07603436EA000000198251
B0820104308402N07603426EA000000198348
B0820114308396N07603417EA000000198545
B0820124308388N07603410EA000000198746
B0820134308380N07603406EA000000199078
B0820144308374N07603408EA000000199361
B0820154308370N07603410EA000000199566
B0820164308369N07603414EA000000199954
B0820174308370N07603416EA000000200278
B0820184308373N07603415EA000000200845
B0820194308375N07603410EA000000201489
B0820204308377N07603405EA000000201936
B0820214308378N07603399EA000000202485
B0820224308380N07603392EA000000202834
B0820234308381N07603383EA000000202966
B0820244308381N07603372EA000000203051
B0820254308379N07603359EA000000202923
B0820264308374N07603346EA000000203034
B0820274308368N07603337EA000000203536
B0820284308361N07603334EA000000204008
B0820294308355N07603333EA000000204116
B0820304308350N07603336EA000000204145
B0820314308348N07603341EA000000204155
B0820324308349N07603343EA000000204417
B0820334308352N07603343EA000000204564
B0820344308357N07603339EA000000204805
B0820354308360N07603331EA000000205279
B0820364308362N07603323EA000000205776
B0820374308362N07603313EA000000206208
B0820384308358N07603303EA000000206585
B0820394308353N07603294EA000000206797
B0820404308347N07603289EA000000206952
B0820414308341N07603287EA000000207370
B0820424308336N07603287EA000000207613
B0820434308330N07603288EA000000207930
B0820444308324N07603289EA000000208246
B0820454308318N07603290EA000000208575
B0820464308313N07603291EA000000208979
B0820474308310N07603294EA000000209408
B0820484308309N07603297EA000000209679
B0820494308310N07603300EA000000209762
B0820504308312N07603300EA000000210070
B0820514308314N07603297EA000000210391
B0820524308317N07603291EA000000210789
B0820534308320N07603282EA000000210978
B0820544308321N07603272EA000000210982
B0820554308319N07603261EA000000211336
B0820564308313N07603253EA000000211860
B0820574308306N07603248EA000000212118
B0820584308298N07603247EA000000212393
B0820594308293N07603248EA000000212514
B0821004308288N07603251EA000000212816
B0821014308284N07603256EA000000213083
B0821024308284N07603261EA000000213131
B0821034308285N07603263EA000000213279
B0821044308288N07603264EA000000213369
B0821054308291N07603264EA000000213736
B0821064308293N07603263EA000000214081
B0821074308296N07603260EA000000214330
B0821084308299N07603253EA000000214519
B0821094308301N07603244EA000000214735
B0821104308300N07603233EA000000214862
B0821114308295N07603222EA000000215169
B0821124308289N07603215EA000000215563
B0821134308281N07603213EA000000215791
B0821144308274N07603213EA000000215793
B0821154308269N07603216EA000000215948
B0821164308265N07603220EA000000216111
B0821174308262N07603223EA000000216541
B0821184308260N07603226EA000000216883
B0821194308260N07603229EA000000217168
B0821204308261N07603232EA000000217225
B0821214308262N07603233EA000000217579
B0821224308264N07603233EA000000217978
B0821234308267N07603231EA000000218315
B0821244308269N07603227EA000000218640
B0821254308271N07603219EA000000218803
B0821264308271N07603210EA000000219120
B0821274308268N07603199EA000000219487
B0821284308265N07603189EA000000219738
B0821294308260N07603180EA000000220089
B0821304308255N07603172EA000000220328
B0821314308247N07603167EA000000220696
B0821324308240N07603165EA000000220720
B0821334308233N07603165EA000000220809
B0821344308227N07603169EA000000221051
B0821354308224N07603173EA000000221264
B0821364308223N07603177EA000000221411
B0821374308222N07603179EA000000221867
B0821384308223N07603180EA000000222283
B0821394308226N07603178EA000000222563
B0821404308230N07603172EA000000222524
B0821414308232N07603165EA000000222562
B0821424308232N07603155EA000000222999
B0821434308231N07603146EA000000223415
B0821444308227N07603136EA000000223616
B0821454308222N07603126EA000000223878
B0821464308217N07603118EA000000224110
B0821474308211N07603110EA000000224439
B0821484308204N07603105EA000000224975
B0821494308197N07603103EA000000225126
B0821504308190N07603103EA000000225291
B0821514308185N07603104EA000000225328
B0821524308181N07603107EA000000225614
B0821534308178N07603109EA000000225975
B0821544308178N07603110EA000000226308
B0821554308179N07603111EA000000226779
B0821564308183N07603112EA000000226847
B0821574308188N07603111EA000000226775
B0821584308192N07603106EA000000226994
B0821594308194N07603097EA000000227499
B0822004308194N07603087EA000000227815
B0822014308191N07603075EA000000228039
B0822024308187N07603064EA000000228267
B0822034308183N07603055EA000000228735
B0822044308177N07603046EA000000229278
B0822054308171N07603039EA000000229508
B0822064308163N07603034EA000000229743
B0822074308155N07603030EA000000230025
B0822084308147N07603029EA000000230490
B0822094308142N07603030EA000000230883
B0822104308140N07603032EA000000231426
B0822114308139N07603034EA000000231722
B0822124308139N07603035EA000000231821
B0822134308139N07603035EA000000231994
B0822144308142N07603033EA000000232045
B0822154308146N07603030EA000000232075
B0822164308151N07603022EA000000232053
B0822174308154N07603008EA000000231916
B0822184308155N07602995EA000000232077
B0822194308148N07602984EA000000232000
B0822204308138N07602976EA000000232389
B0822214308130N07602973EA000000232359
B0822224308123N07602973EA000000232792
B0822234308118N07602974EA000000233085
B0822244308115N07602976EA000000233373
B0822254308113N07602977EA000000233669
B0822264308112N07602979EA000000233616
B0822274308111N07602981EA000000233645
B0822284308113N07602983EA000000233637
B0822294308117N07602983EA000000233675
B0822304308123N07602980EA000000233660
B0822314308128N07602972EA000000233712
B0822324308130N07602962EA000000233872
B0822334308130N07602949EA000000234008
B0822344308126N07602937EA000000234157
B0822354308119N07602929EA000000234190
B0822364308112N07602926EA000000234228
B0822374308106N07602928EA000000234264
B0822384308104N07602933EA000000234466
B0822394308103N07602937EA000000234558
B0822404308104N07602937EA000000234713
B0822414308104N07602935EA000000235187
B0822424308106N07602934EA000000235502
B0822434308108N07602933EA000000235630
B0822444308112N07602930EA000000235618
B0822454308116N07602924EA000000235693
B0822464308120N07602915EA000000235899
B0822474308121N07602903EA000000235837
B0822484308120N07602890EA000000235979
B0822494308115N07602879EA000000235937
B0822504308102N07602879EA000000235746
B0822514308096N07602878EA000000235743
B0822524308090N07602878EA000000235918
B0822534308084N07602878EA000000236296
B0822544308079N07602876EA000000236467
B0822554308074N07602875EA000000236408
B0822564308069N07602878EA000000236611
B0822574308066N07602883EA000000236500
B0822584308065N07602889EA000000236578
B0822594308065N07602894EA000000236785
B0823004308065N07602896EA000000237116
B0823014308063N07602898EA000000237720
B0823024308061N07602899EA000000238142
B0823034308061N07602901EA000000238316
B0823044308063N07602903EA000000238430
B0823054308068N07602900EA000000238425
B0823064308072N07602892EA000000238545
B0823074308073N07602880EA000000238669
B0823084308071N07602868EA000000238951
B0823094308068N07602857EA000000239307
B0823104308064N07602848EA000000239562
B0823114308059N07602839EA000000239783
B0823124308053N07602834EA000000239873
B0823134308046N07602833EA000000239960
B0823144308040N07602835EA000000239952
B0823154308036N07602838EA000000239938
B0823164308032N07602842EA000000240062
B0823174308028N07602845EA000000240240
B0823184308023N07602847EA000000240281
B0823194308020N07602851EA000000240300
B0823204308017N07602857EA000000240341
B0823214308017N07602863EA000000240345
B0823224308019N07602867EA000000240397
B0823234308024N07602868EA000000240304
B0823244308028N07602866EA000000240569
B0823254308032N07602863EA000000240776
B0823264308036N07602858EA000000240914
B0823274308039N07602849EA000000240939
B0823284308042N07602840EA000000241000
B0823294308041N07602828EA000000241186
B0823304308038N07602817EA000000241265
B0823314308033N07602807EA000000241235
B0823324308024N07602801EA000000241209
B0823334308015N07602800EA000000241097
B0823344308010N07602805EA000000241127
B0823354308008N07602812EA000000241070
B0823364308010N07602815EA000000241216
B0823374308014N07602813EA000000241243
B0823384308018N07602808EA000000241419
B0823394308021N07602802EA000000241516
B0823404308024N07602795EA000000241717
B0823414308026N07602787EA000000241855
B0823424308027N07602777EA000000241830
B0823434308026N07602764EA000000241924
B0823444308022N07602753EA000000241864
B0823454308016N07602744EA000000241975
B0823464308010N07602739EA000000242231
B0823474308003N07602736EA000000242394
B0823484307997N07602736EA000000242564
B0823494307992N07602737EA000000242513
B0823504307986N07602738EA000000242675
B0823514307981N07602741EA000000242668
B0823524307977N07602745EA000000242656
B0823534307975N07602751EA000000242635
B0823544307974N07602756EA000000242547
B0823554307974N07602760EA000000242618
B0823564307973N07602763EA000000242818
B0823574307972N07602765EA000000243047
B0823584307972N07602768EA000000243129
B0823594307974N07602772EA000000243160
B0824004307979N07602772EA000000243121
B0824014307984N07602767EA000000243230
B0824024307988N07602758EA000000243441
B0824034307989N07602746EA000000243440
B0824044307986N07602734EA000000243728
B0824054307983N07602725EA000000243759
B0824064307980N07602717EA000000243966
B0824074307976N07602710EA000000244219
B0824084307970N07602706EA000000244311
B0824094307963N07602705EA000000244307
B0824104307957N07602709EA000000244388
B0824114307956N07602716EA000000244102
B0824124307957N07602720EA000000244400
B0824134307958N07602720EA000000244785
B0824144307960N07602720EA000000245025
B0824154307961N07602720EA000000245277
B0824164307963N07602722EA000000245372
B0824174307966N07602723EA000000245287
B0824184307969N07602725EA000000245338
B0824194307970N07602728EA000000245410
B0824204307968N07602731EA000000245544
B0824214307964N07602734EA000000245587
B0824224307961N07602737EA000000245522
B0824234307958N07602740EA000000245612
B0824244307955N07602743EA000000245665
B0824254307953N07602747EA000000245760
B0824264307951N07602750EA000000245824
B0824274307947N07602753EA000000245942
B0824284307943N07602755EA000000246183
B0824294307941N07602757EA000000246275
B0824304307940N07602760EA000000246477
B0824314307940N07602764EA000000246574
B0824324307941N07602768EA000000246637
B0824334307941N07602771EA000000246799
B0824344307941N07602774EA000000246971
B0824354307940N07602775EA000000247188
B0824364307939N07602778EA000000247166
B0824374307938N07602782EA000000247143
B0824384307937N07602786EA000000247273
B0824394307937N07602791EA000000247300
B0824404307936N07602795EA000000247426
B0824414307934N07602800EA000000247670
B0824424307933N07602803EA000000247728
B0824434307931N07602807EA000000247796
B0824444307931N07602811EA000000247826
B0824454307930N07602815EA000000247979
B0824464307930N07602821EA000000248040
B0824474307930N07602826EA000000248104
B0824484307929N07602831EA000000248237
B0824494307929N07602837EA000000248411
B0824504307928N07602842EA000000248585
B0824514307928N07602847EA000000248703
B0824524307926N07602852EA000000248842
B0824534307924N07602857EA000000248973
B0824544307923N07602862EA000000248923
B0824554307922N07602867EA000000249114
B0824564307921N07602873EA000000249330
B0824574307921N07602877EA000000249533
B0824584307920N07602881EA000000249773
B0824594307919N07602884EA000000249766
B0825004307918N07602888EA000000249630
B0825014307917N07602892EA000000249532
B0825024307916N07602897EA000000249441
B0825034307915N07602902EA000000249352
B0825044307914N07602906EA000000249543
B0825054307912N07602909EA000000249688
B0825064307911N07602914EA000000249830
B0825074307910N07602919EA000000250001
B0825084307909N07602924EA000000250012
B0825094307908N07602929EA000000250163
B0825104307907N07602933EA000000250253
B0825114307906N07602937EA000000250331
B0825124307904N07602941EA000000250474
B0825134307903N07602946EA000000250372
B0825144307903N07602951EA000000250429
B0825154307904N07602957EA000000250505
B0825164307905N07602961EA000000250733
B0825174307905N07602963EA000000251166
B0825184307905N07602965EA000000251619
B0825194307904N07602967EA000000251837
B0825204307904N07602969EA000000252098
B0825214307907N07602971EA000000252187
B0825224307912N07602970EA000000252108
B0825234307916N07602965EA000000252438
B0825244307919N07602958EA000000252501
B0825254307919N07602949EA000000252871
B0825264307918N07602939EA000000253294
B0825274307916N07602930EA000000253754
B0825284307913N07602922EA000000254052
B0825294307908N07602915EA000000254185
B0825304307902N07602909EA000000254194
B0825314307895N07602905EA000000254189
B0825324307887N07602905EA000000254195
B0825334307882N07602909EA000000254232
B0825344307878N07602914EA000000254384
B0825354307877N07602919EA000000254566
B0825364307877N07602923EA000000254781
B0825374307879N07602924EA000000255186
B0825384307883N07602924EA000000255302
B0825394307886N07602922EA000000255563
B0825404307890N07602918EA000000255742
B0825414307893N07602913EA000000255980
B0825424307896N07602906EA000000256213
B0825434307897N07602898EA000000256502
B0825444307896N07602888EA000000256708
B0825454307893N07602878EA000000256866
B0825464307890N07602868EA000000256847
B0825474307885N07602860EA000000257154
B0825484307879N07602854EA000000257359
B0825494307873N07602852EA000000257513
B0825504307866N07602854EA000000257520
B0825514307860N07602857EA000000257582
B0825524307857N07602861EA000000257631
B0825534307855N07602865EA000000257876
B0825544307855N07602869EA000000257984
B0825554307857N07602871EA000000258070
B0825564307860N07602871EA000000258273
B0825574307864N07602870EA000000258429
B0825584307868N07602869EA000000258518
B0825594307871N07602867EA000000258782
B0826004307875N07602861EA000000258983
B0826014307878N07602852EA000000259176
B0826024307879N07602841EA000000259213
B0826034307876N07602829EA000000259598
B0826044307872N07602819EA000000259537
B0826054307866N07602812EA000000259758
B0826064307860N07602808EA000000260175
B0826074307855N07602806EA000000260476
B0826084307850N07602806EA000000260635
B0826094307844N07602807EA000000260692
B0826104307840N07602809EA000000260609
B0826114307836N07602814EA000000260673
B0826124307834N07602820EA000000260674
B0826134307833N07602826EA000000260763
B0826144307831N07602831EA000000260892
B0826154307829N07602833EA000000261047
B0826164307826N07602835EA000000261282
B0826174307824N07602837EA000000261354
B0826184307822N07602840EA000000261493
B0826194307821N07602844EA000000261548
B0826204307819N07602849EA000000261557
B0826214307817N07602853EA000000261508
B0826224307813N07602857EA000000261783
B0826234307810N07602860EA000000261871
B0826244307807N07602863EA000000261979
B0826254307805N07602868EA000000262014
B0826264307802N07602873EA000000261969
B0826274307800N07602879EA000000262008
B0826284307797N07602885EA000000262122
B0826294307794N07602890EA000000262341
B0826304307792N07602894EA000000262501
B0826314307790N07602898EA000000262726
B0826324307788N07602903EA000000262738
B0826334307786N07602910EA000000262673
B0826344307785N07602916EA000000262652
B0826354307784N07602921EA000000262759
B0826364307783N07602926EA000000262844
B0826374307782N07602930EA000000263056
B0826384307780N07602935EA000000263075
B0826394307779N07602940EA000000263292
B0826404307780N07602944EA000000263178
B0826414307783N07602948EA000000262965
B0826424307786N07602951EA000000262941
B0826434307787N07602953EA000000262959
B0826444307786N07602957EA000000263195
B0826454307784N07602960EA000000263187
B0826464307782N07602964EA000000263298
B0826474307781N07602968EA000000263176
B0826484307780N07602972EA000000263049
B0826494307778N07602977EA000000263063
B0826504307775N07602981EA000000263082
B0826514307772N07602984EA000000263066
B0826524307769N07602987EA000000263253
B0826534307766N07602989EA000000263397
B0826544307764N07602993EA000000263531
B0826554307760N07602997EA000000263495
B0826564307756N07603003EA000000263391
B0826574307753N07603008EA000000263371
B0826584307751N07603012EA000000263443
B0826594307750N07603015EA000000263428
B0827004307749N07603018EA000000263556
B0827014307748N07603022EA000000263653
B0827024307746N07603026EA000000263794
B0827034307744N07603030EA000000263661
B0827044307742N07603034EA000000263633
B0827054307740N07603039EA000000263711
B0827064307737N07603043EA000000263866
B0827074307735N07603047EA000000264050
B0827084307733N07603050EA000000264213
B0827094307731N07603053EA000000264426
B0827104307729N07603058EA000000264522
B0827114307727N07603063EA000000264603
B0827124307724N07603067EA000000264736
B0827134307721N07603071EA000000264865
B0827144307718N07603074EA000000265084
B0827154307716N07603078EA000000265121
B0827164307714N07603082EA000000265307
B0827174307712N07603088EA000000265414
B0827184307710N07603093EA000000265648
B0827194307708N07603099EA000000265960
B0827204307706N07603103EA000000266298
B0827214307706N07603108EA000000266432
B0827224307705N07603112EA000000266687
B0827234307706N07603115EA000000266897
B0827244307709N07603117EA000000267031
B0827254307713N07603115EA000000267348
B0827264307717N07603111EA000000267412
B0827274307720N07603102EA000000267526
B0827284307721N07603091EA000000267718
B0827294307718N07603080EA000000268072
B0827304307714N07603069EA000000268132
B0827314307707N07603061EA000000268391
B0827324307701N07603055EA000000268636
B0827334307694N07603053EA000000268969
B0827344307688N07603054EA000000269192
B0827354307684N07603057EA000000269213
B0827364307680N07603061EA000000269395
B0827374307680N07603067EA000000269582
B0827384307683N07603070EA000000269591
B0827394307688N07603068EA000000269657
B0827404307693N07603062EA000000269600
B0827414307695N07603051EA000000269962
B0827424307695N07603039EA000000270289
B0827434307694N07603029EA000000270764
B0827444307692N07603019EA000000271145
B0827454307689N07603009EA000000271436
B0827464307684N07603000EA000000271452
B0827474307678N07602991EA000000271409
B0827484307671N07602988EA000000271507
B0827494307664N07602989EA000000271580
B0827504307661N07602992EA000000271726
B0827514307659N07602997EA000000271982
B0827524307659N07603001EA000000272040
B0827534307660N07603004EA000000272142
B0827544307663N07603005EA000000272329
B0827554307667N07603005EA000000272436
B0827564307671N07603000EA000000272696
B0827574307675N07602992EA000000272691
B0827584307677N07602980EA000000272888
B0827594307676N07602969EA000000273180
B0828004307674N07602958EA000000273414
B0828014307669N07602949EA000000273783
B0828024307664N07602942EA000000273818
B0828034307658N07602938EA000000274026
B0828044307652N07602938EA000000274111
B0828054307647N07602938EA000000274144
B0828064307643N07602941EA000000274235
B0828074307639N07602944EA000000274298
B0828084307638N07602950EA000000274330
B0828094307638N07602954EA000000274434
B0828104307639N07602958EA000000274483
B0828114307641N07602961EA000000274496
B0828124307643N07602965EA000000274540
B0828134307644N07602967EA000000274808
B0828144307643N07602971EA000000275016
B0828154307642N07602975EA000000275199
B0828164307644N07602980EA000000275314
B0828174307646N07602983EA000000275439
B0828184307648N07602986EA000000275642
B0828194307649N07602988EA000000276061
B0828204307648N07602991EA000000276369
B0828214307646N07602996EA000000276460
B0828224307642N07603001EA000000276461
B0828234307637N07603005EA000000276652
B0828244307630N07603006EA000000276876
B0828254307622N07603004EA000000277188
B0828264307615N07602998EA000000277454
B0828274307609N07602992EA000000277414
B0828284307606N07602982EA000000277498
B0828294307606N07602972EA000000277539
B0828304307610N07602964EA000000277779
B0828314307616N07602958EA000000277806
B0828324307620N07602956EA000000278351
B0828334307624N07602956EA000000278714
B0828344307626N07602959EA000000279006
B0828354307627N07602963EA000000279026
B0828364307627N07602966EA000000279544
B0828374307626N07602968EA000000279897
B0828384307625N07602970EA000000280166
B0828394307623N07602973EA000000280230
B0828404307618N07602976EA000000280396
B0828414307612N07602979EA000000280391
B0828424307604N07602979EA000000280395
B0828434307597N07602976EA000000280782
B0828444307591N07602972EA000000280752
B0828454307585N07602963EA000000280615
B0828464307582N07602953EA000000280971
B0828474307581N07602941EA000000280908
B0828484307580N07602932EA000000281024
B0828494307585N07602927EA000000281166
B0828504307591N07602922EA000000281325
B0828514307596N07602919EA000000281770
B0828524307600N07602919EA000000282291
B0828534307603N07602922EA000000282530
B0828544307604N07602925EA000000282818
B0828554307603N07602928EA000000283366
B0828564307601N07602930EA000000283764
B0828574307598N07602932EA000000284053
B0828584307594N07602935EA000000284043
B0828594307589N07602938EA000000284058
B0829004307584N07602943EA000000284076
B0829014307580N07602948EA000000284196
B0829024307578N07602953EA000000284332
B0829034307576N07602957EA000000284447
B0829044307575N07602963EA000000284603
B0829054307574N07602969EA000000284604
B0829064307572N07602976EA000000284894
B0829074307571N07602983EA000000285081
B0829084307570N07602989EA000000285190
B0829094307570N07602993EA000000285323
B0829104307569N07602997EA000000285576
B0829114307569N07603002EA000000285730
B0829124307568N07603007EA000000285774
B0829134307567N07603014EA000000285860
B0829144307566N07603020EA000000285820
B0829154307564N07603025EA000000286101
B0829164307561N07603028EA000000286466
B0829174307559N07603031EA000000286511
B0829184307556N07603034EA000000286615
B0829194307553N07603039EA000000286631
B0829204307551N07603044EA000000286510
B0829214307548N07603048EA000000286498
B0829224307547N07603053EA000000286330
B0829234307545N07603055EA000000286395
B0829244307544N07603057EA000000286389
B0829254307543N07603061EA000000286284
B0829264307543N07603065EA000000286007
B0829274307542N07603069EA000000286037
B0829284307540N07603073EA000000286071
B0829294307538N07603075EA000000286082
B0829304307537N07603077EA000000285921
B0829314307536N07603079EA000000285758
B0829324307536N07603085EA000000285322
B0829334307536N07603091EA000000284820
B0829344307535N07603096EA000000284671
B0829354307534N07603100EA000000284738
B0829364307532N07603104EA000000284742
B0829374307530N07603108EA000000284640
B0829384307528N07603113EA000000284440
B0829394307527N07603118EA000000284015
B0829404307525N07603124EA000000283822
B0829414307522N07603128EA000000283688
B0829424307520N07603133EA000000283423
B0829434307517N07603138EA000000283351
B0829444307515N07603143EA000000283269
B0829454307514N07603149EA000000282926
B0829464307513N07603155EA000000282802
B0829474307512N07603160EA000000282603
B0829484307510N07603165EA000000282584
B0829494307509N07603170EA000000282339
B0829504307507N07603175EA000000282107
B0829514307504N07603180EA000000282009
B0829524307500N07603185EA000000281885
B0829534307498N07603189EA000000281705
B0829544307495N07603193EA000000281514
B0829554307492N07603198EA000000281446
B0829564307489N07603204EA000000281187
B0829574307487N07603211EA000000280982
B0829584307485N07603217EA000000280710
B0829594307482N07603222EA000000280640
B0830004307480N07603226EA000000280622
B0830014307478N07603230EA000000280593
B0830024307478N07603235EA000000280353
B0830034307478N07603241EA000000280020
B0830044307477N07603247EA000000279882
B0830054307476N07603253EA000000279771
B0830064307475N07603257EA000000279789
B0830074307474N07603263EA000000279741
B0830084307473N07603268EA000000279667
B0830094307473N07603275EA000000279410
B0830104307472N07603281EA000000279284
B0830114307472N07603288EA000000279044
B0830124307471N07603295EA000000278985
B0830134307471N07603302EA000000278900
B0830144307469N07603307EA000000278933
B0830154307466N07603313EA000000278842
B0830164307462N07603319EA000000278459
B0830174307457N07603328EA000000277961
B0830184307453N07603336EA000000277475
B0830194307451N07603344EA000000277272
B0830204307450N07603351EA000000277040
B0830214307449N07603357EA000000276994
B0830224307449N07603362EA000000277018
B0830234307447N07603369EA000000277036
B0830244307444N07603378EA000000276794
B0830254307441N07603389EA000000276382
B0830264307438N07603400EA000000276062
B0830274307436N07603408EA000000276027
B0830284307434N07603416EA000000275930
B0830294307432N07603422EA000000275963
B0830304307431N07603429EA000000275930
B0830314307430N07603436EA000000275674
B0830324307430N07603446EA000000275156
B0830334307431N07603457EA000000274605
B0830344307430N07603467EA000000274432
B0830354307428N07603476EA000000274430
B0830364307425N07603483EA000000274338
B0830374307422N07603491EA000000274237
B0830384307419N07603499EA000000274151
B0830394307417N07603506EA000000274031
B0830404307415N07603512EA000000273857
B0830414307414N07603520EA000000273692
B0830424307415N07603528EA000000273412
B0830434307415N07603536EA000000273284
B0830444307416N07603543EA000000273151
B0830454307416N07603549EA000000272987
B0830464307416N07603556EA000000272888
B0830474307417N07603563EA000000272688
B0830484307419N07603569EA000000272528
B0830494307420N07603576EA000000272393
B0830504307422N07603583EA000000272041
B0830514307423N07603589EA000000271949
B0830524307423N07603597EA000000271781
B0830534307423N07603603EA000000271588
B0830544307424N07603611EA000000271422
B0830554307424N07603618EA000000271151
B0830564307424N07603625EA000000271073
B0830574307423N07603632EA000000270915
B0830584307421N07603638EA000000270817
B0830594307419N07603643EA000000270736
B0831004307417N07603649EA000000270548
B0831014307416N07603656EA000000270286
B0831024307417N07603664EA000000269856
B0831034307417N07603671EA000000269679
B0831044307416N07603679EA000000269572
B0831054307415N07603685EA000000269425
B0831064307414N07603691EA000000269424
B0831074307414N07603697EA000000269307
B0831084307414N07603704EA000000269113
B0831094307413N07603710EA000000269089
B0831104307412N07603718EA000000268731
B0831114307410N07603725EA000000268487
B0831124307410N07603733EA000000268221
B0831134307410N07603740EA000000268035
B0831144307410N07603747EA000000267822
B0831154307409N07603754EA000000267630
B0831164307408N07603760EA000000267428
B0831174307407N07603768EA000000267214
B0831184307407N07603775EA000000267025
B0831194307407N07603782EA000000266874
B0831204307408N07603789EA000000266612
B0831214307408N07603796EA000000266512
B0831224307408N07603803EA000000266403
B0831234307407N07603810EA000000266376
B0831244307407N07603818EA000000266320
B0831254307407N07603825EA000000266200
B0831264307406N07603832EA000000266153
B0831274307406N07603839EA000000266025
B0831284307405N07603846EA000000265999
B0831294307405N07603853EA000000265981
B0831304307405N07603858EA000000265866
B0831314307404N07603864EA000000265891
B0831324307404N07603870EA000000265701
B0831334307403N07603876EA000000265566
B0831344307403N07603883EA000000265450
B0831354307403N07603889EA000000265435
B0831364307402N07603895EA000000265376
B0831374307402N07603900EA000000265317
B0831384307401N07603907EA000000265212
B0831394307400N07603914EA000000265002
B0831404307398N07603921EA000000264893
B0831414307397N07603928EA000000264873
B0831424307396N07603934EA000000264792
B0831434307396N07603939EA000000264725
B0831444307395N07603944EA000000264587
B0831454307395N07603950EA000000264226
B0831464307394N07603957EA000000263857
B0831474307394N07603965EA000000263415
B0831484307394N07603973EA000000263204
B0831494307394N07603980EA000000263386
B0831504307396N07603986EA000000263231
B0831514307397N07603991EA000000263247
B0831524307398N07603997EA000000263138
B0831534307399N07604004EA000000263034
B0831544307400N07604011EA000000262849
B0831554307402N07604019EA000000262712
B0831564307404N07604025EA000000262627
B0831574307406N07604029EA000000262669
B0831584307407N07604035EA000000262567
B0831594307408N07604042EA000000262471
B0832004307409N07604048EA000000262386
B0832014307411N07604054EA000000262119
B0832024307413N07604060EA000000262144
B0832034307414N07604066EA000000262031
B0832044307414N07604071EA000000261892
B0832054307415N07604077EA000000261751
B0832064307415N07604083EA000000261584
B0832074307416N07604089EA000000261342
B0832084307416N07604095EA000000261247
B0832094307416N07604101EA000000261124
B0832104307415N07604108EA000000261062
B0832114307415N07604115EA000000260774
B0832124307416N07604122EA000000260646
B0832134307417N07604129EA000000260553
B0832144307418N07604135EA000000260553
B0832154307419N07604141EA000000260453
B0832164307420N07604147EA000000260231
B0832174307421N07604153EA000000260033
B0832184307422N07604160EA000000259823
B0832194307422N07604167EA000000259693
B0832204307423N07604173EA000000259573
B0832214307423N07604178EA000000259598
B0832224307424N07604184EA000000259564
B0832234307425N07604190EA000000259497
B0832244307427N07604197EA000000259122
B0832254307428N07604204EA000000259052
B0832264307429N07604211EA000000258884
B0832274307430N07604218EA000000258794
B0832284307431N07604224EA000000258664
B0832294307432N07604229EA000000258525
B0832304307432N07604234EA000000258599
B0832314307433N07604240EA000000258386
B0832324307434N07604246EA000000258049
B0832334307435N07604253EA000000257811
B0832344307435N07604260EA000000257632
B0832354307435N07604266EA000000257440
B0832364307435N07604271EA000000257374
B0832374307435N07604277EA000000257191
B0832384307436N07604283EA000000256931
B0832394307436N07604289EA000000256686
B0832404307437N07604296EA000000256301
B0832414307436N07604302EA000000256177
B0832424307436N07604310EA000000256040
B0832434307436N07604317EA000000255856
B0832444307437N07604324EA000000255532
B0832454307438N07604330EA000000255272
B0832464307440N07604336EA000000255042
B0832474307442N07604342EA000000254803
B0832484307443N07604348EA000000254638
B0832494307444N07604355EA000000254424
B0832504307445N07604361EA000000254308
B0832514307445N07604368EA000000254087
B0832524307446N07604375EA000000253792
B0832534307448N07604381EA000000253518
B0832544307448N07604388EA000000253395
B0832554307449N07604395EA000000253069
B0832564307449N07604404EA000000252950
B0832574307450N07604411EA000000252602
B0832584307450N07604418EA000000252582
B0832594307452N07604425EA000000252227
B0833004307453N07604434EA000000251820
B0833014307454N07604442EA000000251611
B0833024307454N07604449EA000000251699
B0833034307455N07604457EA000000251444
B0833044307455N07604464EA000000251398
B0833054307457N07604471EA000000251117
B0833064307458N07604479EA000000250866
B0833074307460N07604486EA000000250668
B0833084307462N07604494EA000000250326
B0833094307463N07604502EA000000250120
B0833104307462N07604510EA000000249996
B0833114307462N07604518EA000000249587
B0833124307462N07604526EA000000249367
B0833134307463N07604533EA000000249118
B0833144307463N07604540EA000000249031
B0833154307463N07604546EA000000248844
B0833164307462N07604553EA000000248790
B0833174307462N07604559EA000000248587
B0833184307463N07604566EA000000248324
B0833194307463N07604573EA000000248192
B0833204307465N07604579EA000000247905
B0833214307465N07604586EA000000247855
B0833224307465N07604593EA000000247681
B0833234307466N07604599EA000000247523
B0833244307466N07604606EA000000247382
B0833254307467N07604613EA000000247160
B0833264307468N07604619EA000000247043
B0833274307469N07604625EA000000246927
B0833284307470N07604630EA000000246708
B0833294307470N07604636EA000000246593
B0833304307471N07604642EA000000246444
B0833314307471N07604648EA000000246269
B0833324307472N07604655EA000000246005
B0833334307473N07604662EA000000245706
B0833344307473N07604669EA000000245462
B0833354307474N07604675EA000000245336
B0833364307475N07604681EA000000245106
B0833374307475N07604688EA000000245031
B0833384307475N07604694EA000000244985
B0833394307476N07604700EA000000244879
B0833404307477N07604707EA000000244632
B0833414307478N07604713EA000000244559
B0833424307479N07604720EA000000244364
B0833434307480N07604727EA000000244281
B0833444307481N07604734EA000000244030
B0833454307482N07604741EA000000243830
B0833464307483N07604747EA000000243687
B0833474307485N07604755EA000000243354
B0833484307487N07604762EA000000242983
B0833494307489N07604770EA000000242705
B0833504307489N07604778EA000000242576
B0833514307490N07604785EA000000242463
B0833524307492N07604792EA000000242346
B0833534307495N07604798EA000000242108
B0833544307497N07604804EA000000242027
B0833554307498N07604810EA000000241858
B0833564307498N07604817EA000000241779
B0833574307498N07604825EA000000241486
B0833584307499N07604833EA000000241103
B0833594307499N07604842EA000000240820
B0834004307498N07604850EA000000240680
B0834014307497N07604856EA000000240658
B0834024307496N07604863EA000000240510
B0834034307494N07604869EA000000240496
B0834044307493N07604875EA000000240179
B0834054307492N07604882EA000000240057
B0834064307491N07604890EA000000239788
B0834074307491N07604898EA000000239554
B0834084307490N07604905EA000000239393
B0834094307489N07604911EA000000239186
B0834104307489N07604917EA000000238918
B0834114307488N07604923EA000000238618
B0834124307487N07604930EA000000238311
B0834134307486N07604935EA000000238299
B0834144307486N07604942EA000000237856
B0834154307486N07604949EA000000237582
B0834164307486N07604955EA000000237474
B0834174307485N07604961EA000000237382
B0834184307484N07604966EA000000237252
B0834194307482N07604971EA000000237288
B0834204307481N07604977EA000000237027
B0834214307479N07604983EA000000236796
B0834224307479N07604989EA000000236678
B0834234307479N07604996EA000000236400
B0834244307477N07605001EA000000236274
B0834254307476N07605006EA000000236155
B0834264307475N07605011EA000000235956
B0834274307474N07605016EA000000235685
B0834284307474N07605021EA000000235405
B0834294307472N07605026EA000000235078
B0834304307470N07605032EA000000234797
B0834314307468N07605038EA000000234483
B0834324307466N07605043EA000000234293
B0834334307465N07605048EA000000234040
B0834344307464N07605052EA000000233754
B0834354307463N07605058EA000000233122
B0834364307461N07605063EA000000232765
B0834374307460N07605068EA000000232432
B0834384307458N07605073EA000000232084
B0834394307457N07605078EA000000231886
B0834404307457N07605083EA000000231550
B0834414307457N07605088EA000000231250
B0834424307456N07605093EA000000231075
B0834434307455N07605098EA000000230776
B0834444307454N07605104EA000000230553
B0834454307454N07605109EA000000230225
B0834464307454N07605114EA000000230076
B0834474307455N07605120EA000000229640
B0834484307455N07605126EA000000229282
B0834494307455N07605132EA000000228994
B0834504307455N07605138EA000000228766
B0834514307455N07605144EA000000228574
B0834524307455N07605150EA000000228381
B0834534307456N07605156EA000000228100
B0834544307456N07605162EA000000227900
B0834554307455N07605168EA000000227782
B0834564307455N07605173EA000000227566
B0834574307455N07605179EA000000227283
B0834584307456N07605185EA000000226902
B0834594307456N07605191EA000000226804
B0835004307455N07605198EA000000226580
B0835014307455N07605204EA000000226321
B0835024307455N07605209EA000000226217
B0835034307454N07605215EA000000226083
B0835044307454N07605221EA000000225740
B0835054307453N07605226EA000000225569
B0835064307452N07605233EA000000225254
B0835074307451N07605239EA000000224868
B0835084307451N07605246EA000000224602
B0835094307450N07605251EA000000224478
B0835104307450N07605257EA000000224236
B0835114307449N07605263EA000000223963
B0835124307448N07605269EA000000223777
B0835134307448N07605276EA000000223513
B0835144307447N07605282EA000000223252
B0835154307447N07605288EA000000223050
B0835164307447N07605293EA000000222858
B0835174307447N07605299EA000000222645
B0835184307447N07605305EA000000222314
B0835194307446N07605311EA000000222094
B0835204307446N07605317EA000000221766
B0835214307445N07605323EA000000221485
B0835224307445N07605330EA000000221230
B0835234307444N07605336EA000000220973
B0835244307444N07605343EA000000220520
B0835254307443N07605349EA000000220283
B0835264307443N07605355EA000000219905
B0835274307442N07605361EA000000219628
B0835284307441N07605368EA000000219330
B0835294307440N07605374EA000000219052
B0835304307439N07605380EA000000218776
B0835314307439N07605387EA000000218426
B0835324307438N07605394EA000000218174
B0835334307438N07605401EA000000217720
B0835344307438N07605407EA000000217406
B0835354307438N07605414EA000000217001
B0835364307437N07605420EA000000216795
B0835374307437N07605427EA000000216431
B0835384307436N07605434EA000000216131
B0835394307435N07605440EA000000215776
B0835404307435N07605445EA000000215449
B0835414307435N07605451EA000000215218
B0835424307434N07605458EA000000214964
B0835434307434N07605464EA000000214548
B0835444307434N07605471EA000000214037
B0835454307434N07605477EA000000213656
B0835464307434N07605483EA000000213512
B0835474307433N07605488EA000000213212
B0835484307431N07605493EA000000212876
B0835494307430N07605499EA000000212458
B0835504307429N07605506EA000000211929
B0835514307428N07605513EA000000211385
B0835524307429N07605520EA000000210801
B0835534307428N07605526EA000000210486
B0835544307428N07605533EA000000210009
B0835554307426N07605540EA000000209676
B0835564307426N07605547EA000000209421
B0835574307426N07605553EA000000209104
B0835584307426N07605558EA000000208769
B0835594307426N07605564EA000000208247
B0836004307425N07605571EA000000208086
B0836014307425N07605578EA000000207703
B0836024307424N07605585EA000000207350
B0836034307424N07605591EA000000207060
B0836044307424N07605597EA000000206831
B0836054307423N07605603EA000000206647
B0836064307422N07605610EA000000206270
B0836074307421N07605617EA000000206091
B0836084307421N07605623EA000000205684
B0836094307422N07605629EA000000205300
B0836104307421N07605634EA000000205276
B0836114307420N07605640EA000000204978
B0836124307419N07605647EA000000204671
B0836134307419N07605653EA000000204245
B0836144307419N07605659EA000000203954
B0836154307419N07605665EA000000203653
B0836164307419N07605670EA000000203312
B0836174307418N07605676EA000000202904
B0836184307416N07605682EA000000202795
B0836194307416N07605688EA000000202435
B0836204307415N07605694EA000000202262
B0836214307414N07605699EA000000201985
B0836224307413N07605704EA000000201755
B0836234307412N07605709EA000000201414
B0836244307411N07605715EA000000200902
B0836254307409N07605721EA000000200577
B0836264307408N07605727EA000000200062
B0836274307407N07605731EA000000199829
B0836284307405N07605735EA000000199856
B0836294307403N07605739EA000000199629
B0836304307401N07605745EA000000199402
B0836314307399N07605750EA000000199009
B0836324307397N07605757EA000000198722
B0836334307395N07605762EA000000198360
B0836344307393N07605766EA000000198198
B0836354307392N07605771EA000000197925
B0836364307390N07605776EA000000197812
B0836374307388N07605781EA000000197545
B0836384307386N07605787EA000000197251
B0836394307384N07605792EA000000197049
B0836404307382N07605798EA000000196952
B0836414307380N07605802EA000000196708
B0836424307377N07605807EA000000196722
B0836434307373N07605811EA000000196497
B0836444307370N07605817EA000000196212
B0836454307366N07605822EA000000196059
B0836464307363N07605828EA000000195901
B0836474307359N07605832EA000000195886
B0836484307356N07605837EA000000195646
B0836494307352N07605843EA000000195562
B0836504307349N07605848EA000000195328
B0836514307346N07605854EA000000195323
B0836524307343N07605859EA000000195253
B0836534307341N07605863EA000000195206
B0836544307338N07605868EA000000195037
B0836554307335N07605874EA000000194878
B0836564307332N07605880EA000000194589
B0836574307330N07605887EA000000194216
B0836584307327N07605893EA000000194044
B0836594307324N07605898EA000000193863
B0837004307321N07605903EA000000193854
B0837014307318N07605908EA000000193538
B0837024307315N07605915EA000000193174
B0837034307313N07605923EA000000192700
B0837044307310N07605930EA000000192591
B0837054307308N07605935EA000000192463
B0837064307306N07605939EA000000192421
B0837074307302N07605943EA000000192387
B0837084307299N07605949EA000000192133
B0837094307295N07605955EA000000191860
B0837104307292N07605961EA000000191774
B0837114307290N07605967EA000000191513
B0837124307287N07605972EA000000191408
B0837134307283N07605978EA000000191343
B0837144307280N07605981EA000000191298
B0837154307277N07605987EA000000191053
B0837164307274N07605993EA000000190951
B0837174307271N07605998EA000000190666
B0837184307268N07606004EA000000190662
B0837194307265N07606009EA000000190575
B0837204307262N07606014EA000000190447
B0837214307259N07606019EA000000190479
B0837224307257N07606025EA000000190383
B0837234307256N07606030EA000000190054
B0837244307255N07606035EA000000189765
B0837254307255N07606040EA000000189504
B0837264307252N07606046EA000000189380
B0837274307249N07606052EA000000189250
B0837284307246N07606058EA000000189212
B0837294307243N07606063EA000000188985
B0837304307242N07606068EA000000188716
B0837314307240N07606074EA000000188361
B0837324307238N07606079EA000000188139
B0837334307236N07606085EA000000188013
B0837344307233N07606091EA000000187891
B0837354307231N07606096EA000000187685
B0837364307229N07606101EA000000187395
B0837374307226N07606108EA000000187191
B0837384307221N07606114EA000000186958
B0837394307216N07606120EA000000186706
B0837404307211N07606124EA000000186598
B0837414307208N07606129EA000000186468
B0837424307206N07606134EA000000186334
B0837434307203N07606138EA000000186299
B0837444307200N07606143EA000000186290
B0837454307198N07606146EA000000186209
B0837464307194N07606150EA000000186192
B0837474307192N07606153EA000000185938
B0837484307190N07606158EA000000185633
B0837494307189N07606162EA000000185312
B0837504307187N07606166EA000000185057
B0837514307185N07606170EA000000184864
B0837524307183N07606174EA000000184630
B0837534307181N07606178EA000000184424
B0837544307179N07606182EA000000184365
B0837554307178N07606187EA000000183964
B0837564307177N07606192EA000000183664
B0837574307176N07606196EA000000183338
B0837584307175N07606201EA000000183008
B0837594307174N07606206EA000000182752
B0838004307174N07606212EA000000182383
B0838014307175N07606218EA000000182017
B0838024307174N07606225EA000000181816
B0838034307171N07606231EA000000181898
B0838044307169N07606236EA000000181981
B0838054307169N07606239EA000000181908
B0838064307168N07606244EA000000181943
B0838074307167N07606249EA000000181779
B0838084307165N07606257EA000000181435
B0838094307161N07606264EA000000181381
B0838104307158N07606270EA000000181550
B0838114307156N07606275EA000000181608
B0838124307154N07606281EA000000181644
B0838134307152N07606287EA000000181566
B0838144307150N07606294EA000000181517
B0838154307146N07606301EA000000181473
B0838164307144N07606307EA000000181328
B0838174307142N07606314EA000000181301
B0838184307140N07606320EA000000181361
B0838194307139N07606325EA000000181423
B0838204307138N07606330EA000000181301
B0838214307136N07606335EA000000181348
B0838224307135N07606341EA000000181148
B0838234307135N07606348EA000000181012
B0838244307135N07606354EA000000180741
B0838254307135N07606358EA000000180778
B0838264307136N07606363EA000000180717
B0838274307136N07606368EA000000180712
B0838284307135N07606373EA000000180680
B0838294307135N07606378EA000000180514
B0838304307133N07606384EA000000180359
B0838314307131N07606391EA000000180326
B0838324307128N07606398EA000000180176
B0838334307127N07606405EA000000180222
B0838344307126N07606410EA000000180117
B0838354307124N07606416EA000000180080
B0838364307123N07606421EA000000179921
B0838374307121N07606426EA000000179943
B0838384307119N07606431EA000000179768
B0838394307119N07606437EA000000179416
B0838404307119N07606443EA000000179280
B0838414307120N07606448EA000000178916
B0838424307120N07606454EA000000178811
B0838434307119N07606459EA000000178785
B0838444307119N07606465EA000000178681
B0838454307119N07606471EA000000178580
B0838464307120N07606477EA000000178418
B0838474307119N07606484EA000000178558
B0838484307118N07606491EA000000178863
B0838494307118N07606496EA000000179017
B0838504307119N07606500EA000000179102
B0838514307120N07606502EA000000179170
B0838524307122N07606502EA000000179125
B0838534307122N07606506EA000000179112
B0838544307120N07606510EA000000178742
B0838554307118N07606517EA000000178513
B0838564307115N07606524EA000000178525
B0838574307113N07606530EA000000178312
B0838584307111N07606535EA000000178383
B0838594307110N07606539EA000000178298
B0839004307110N07606544EA000000178104
B0839014307109N07606550EA000000177906
B0839024307107N07606557EA000000177732
B0839034307105N07606563EA000000177648
B0839044307103N07606569EA000000177637
B0839054307101N07606575EA000000177662
B0839064307100N07606580EA000000177458
B0839074307099N07606585EA000000177188
B0839084307099N07606591EA000000176924
B0839094307098N07606596EA000000176778
B0839104307097N07606602EA000000176581
B0839114307097N07606607EA000000176624
B0839124307096N07606612EA000000176761
B0839134307095N07606616EA000000176771
B0839144307094N07606620EA000000176736
B0839154307093N07606625EA000000176533
B0839164307092N07606631EA000000176444
B0839174307091N07606637EA000000176266
B0839184307090N07606642EA000000176254
B0839194307089N07606646EA000000176308
B0839204307087N07606651EA000000176316
B0839214307085N07606656EA000000176478
B0839224307085N07606663EA000000176420
B0839234307084N07606668EA000000176491
B0839244307084N07606672EA000000176426
B0839254307082N07606676EA000000176676
B0839264307080N07606681EA000000176762
B0839274307078N07606686EA000000176884
B0839284307077N07606692EA000000176792
B0839294307078N07606698EA000000176610
B0839304307078N07606703EA000000176537
B0839314307076N07606709EA000000176666
B0839324307073N07606715EA000000176867
B0839334307070N07606721EA000000176919
B0839344307067N07606727EA000000177071
B0839354307066N07606732EA000000177226
B0839364307064N07606738EA000000177304
B0839374307059N07606744EA000000177496
B0839384307053N07606748EA000000177566
B0839394307046N07606751EA000000177552
B0839404307040N07606754EA000000177882
B0839414307036N07606758EA000000178398
B0839424307034N07606764EA000000178500
B0839434307030N07606770EA000000178846
B0839444307025N07606777EA000000179320
B0839454307021N07606782EA000000179921
B0839464307020N07606786EA000000180710
B0839474307021N07606788EA000000181201
B0839484307023N07606790EA000000181425
B0839494307025N07606793EA000000181746
B0839504307026N07606795EA000000182281
B0839514307028N07606793EA000000182925
B0839524307029N07606788EA000000183352
B0839534307028N07606778EA000000183441
B0839544307023N07606767EA000000183684
B0839554307016N07606760EA000000184295
B0839564307009N07606757EA000000185198
B0839574307004N07606757EA000000186003
B0839584306998N07606757EA000000186730
B0839594306992N07606756EA000000187200
B0840004306985N07606755EA000000187509
B0840014306977N07606758EA000000187799
B0840024306972N07606764EA000000187977
B0840034306971N07606772EA000000188123
B0840044306973N07606777EA000000188195
B0840054306978N07606778EA000000188290
B0840064306984N07606771EA000000188508
B0840074306984N07606762EA000000189052
B0840084306980N07606752EA000000189865
B0840094306975N07606745EA000000190514
B0840104306969N07606739EA000000191299
B0840114306964N07606734EA000000191765
B0840124306958N07606730EA000000192220
B0840134306951N07606727EA000000192612
B0840144306943N07606730EA000000192960
B0840154306938N07606735EA000000193103
B0840164306936N07606742EA000000193218
B0840174306939N07606747EA000000193274
B0840184306945N07606744EA000000193142
B0840194306950N07606739EA000000193398
B0840204306952N07606733EA000000193460
B0840214306949N07606720EA000000193317
B0840224306943N07606712EA000000193343
B0840234306936N07606712EA000000193207
B0840244306928N07606711EA000000193337
B0840254306921N07606711EA000000194170
B0840264306915N07606713EA000000194632
B0840274306909N07606718EA000000194822
B0840284306907N07606727EA000000194805
B0840294306909N07606732EA000000194908
B0840304306910N07606736EA000000195190
B0840314306912N07606738EA000000195494
B0840324306915N07606729EA000000195555
B0840334306910N07606714EA000000195957
B0840344306907N07606704EA000000196157
B0840354306901N07606698EA000000196304
B0840364306893N07606696EA000000196420
B0840374306883N07606693EA000000196877
B0840384306876N07606694EA000000197229
B0840394306869N07606700EA000000197472
B0840404306865N07606706EA000000197876
B0840414306864N07606713EA000000198280
B0840424306866N07606716EA000000198755
B0840434306869N07606716EA000000199202
B0840444306871N07606712EA000000199965
B0840454306872N07606706EA000000200285
B0840464306873N07606699EA000000200800
B0840474306872N07606690EA000000201427
B0840484306869N07606681EA000000202139
B0840494306864N07606674EA000000202620
B0840504306856N07606667EA000000203087
B0840514306847N07606666EA000000203361
B0840524306838N07606668EA000000203491
B0840534306832N07606673EA000000203849
B0840544306828N07606680EA000000204496
B0840554306828N07606686EA000000204906
B0840564306829N07606690EA000000205312
B0840574306831N07606691EA000000205728
B0840584306833N07606691EA000000206361
B0840594306835N07606687EA000000206878
B0841004306836N07606681EA000000207396
B0841014306836N07606672EA000000207635
B0841024306832N07606662EA000000207947
B0841034306826N07606655EA000000208343
B0841044306817N07606651EA000000208776
B0841054306808N07606653EA000000208957
B0841064306801N07606658EA000000209251
B0841074306798N07606665EA000000209517
B0841084306797N07606671EA000000210001
B0841094306798N07606674EA000000210576
B0841104306801N07606675EA000000211056
B0841114306804N07606674EA000000211426
B0841124306806N07606671EA000000211828
B0841134306807N07606667EA000000212390
B0841144306808N07606660EA000000212770
B0841154306806N07606650EA000000212967
B0841164306801N07606642EA000000213226
B0841174306792N07606638EA000000213452
B0841184306783N07606638EA000000213591
B0841194306776N07606643EA000000213692
B0841204306773N07606650EA000000213804
B0841214306772N07606657EA000000214181
B0841224306775N07606661EA000000214200
B0841234306777N07606662EA000000214565
B0841244306780N07606661EA000000215010
B0841254306782N07606657EA000000215428
B0841264306783N07606651EA000000215796
B0841274306783N07606643EA000000215966
B0841284306781N07606634EA000000216363
B0841294306777N07606626EA000000216701
B0841304306770N07606619EA000000217266
B0841314306763N07606615EA000000217519
B0841324306755N07606614EA000000217990
B0841334306748N07606615EA000000218483
B0841344306742N07606617EA000000218628
B0841354306736N07606623EA000000218892
B0841364306734N07606629EA000000219033
B0841374306734N07606635EA000000219281
B0841384306738N07606638EA000000219304
B0841394306741N07606637EA000000219641
B0841404306744N07606632EA000000219951
B0841414306746N07606624EA000000220366
B0841424306746N07606615EA000000220706
B0841434306743N07606606EA000000221113
B0841444306737N07606599EA000000221654
B0841454306731N07606592EA000000221798
B0841464306724N07606589EA000000221981
B0841474306717N07606588EA000000222235
B0841484306710N07606591EA000000222359
B0841494306706N07606599EA000000222280
B0841504306706N07606606EA000000222119
B0841514306708N07606611EA000000222208
B0841524306711N07606611EA000000222480
B0841534306716N07606605EA000000222826
B0841544306718N07606597EA000000223139
B0841554306717N07606589EA000000223593
B0841564306715N07606580EA000000224127
B0841574306710N07606573EA000000224591
B0841584306705N07606566EA000000224802
B0841594306697N07606561EA000000224988
B0842004306689N07606559EA000000224945
B0842014306682N07606561EA000000225018
B0842024306676N07606567EA000000225148
B0842034306672N07606574EA000000225398
B0842044306671N07606580EA000000225866
B0842054306671N07606584EA000000226371
B0842064306673N07606585EA000000226649
B0842074306675N07606585EA000000226895
B0842084306679N07606583EA000000227036
B0842094306682N07606578EA000000227222
B0842104306683N07606569EA000000227553
B0842114306681N07606558EA000000227705
B0842124306674N07606549EA000000227908
B0842134306664N07606547EA000000228152
B0842144306656N07606547EA000000228105
B0842154306648N07606554EA000000228383
B0842164306645N07606560EA000000228648
B0842174306644N07606565EA000000229168
B0842184306645N07606568EA000000229577
B0842194306647N07606570EA000000229676
B0842204306649N07606572EA000000229989
B0842214306652N07606574EA000000230340
B0842224306655N07606572EA000000230750
B0842234306658N07606565EA000000231033
B0842244306657N07606553EA000000231063
B0842254306652N07606543EA000000231141
B0842264306643N07606537EA000000231108
B0842274306633N07606540EA000000231020
B0842284306626N07606547EA000000231175
B0842294306624N07606555EA000000231540
B0842304306625N07606559EA000000231926
B0842314306627N07606561EA000000232424
B0842324306629N07606562EA000000232810
B0842334306631N07606561EA000000233116
B0842344306634N07606559EA000000233222
B0842354306637N07606553EA000000233387
B0842364306639N07606544EA000000233399
B0842374306638N07606534EA000000233415
B0842384306633N07606526EA000000233620
B0842394306625N07606520EA000000233897
B0842404306617N07606518EA000000233963
B0842414306609N07606519EA000000234151
B0842424306602N07606522EA000000234493
B0842434306598N07606527EA000000234638
B0842444306596N07606533EA000000234879
B0842454306598N07606538EA000000234905
B0842464306600N07606540EA000000235093
B0842474306603N07606539EA000000235292
B0842484306606N07606534EA000000235569
B0842494306607N07606527EA000000235758
B0842504306605N07606518EA000000235868
B0842514306600N07606509EA000000235898
B0842524306593N07606504EA000000235883
B0842534306585N07606503EA000000235985
B0842544306578N07606507EA000000236094
B0842554306574N07606514EA000000236062
B0842564306572N07606521EA000000236014
B0842574306574N07606526EA000000236186
B0842584306577N07606528EA000000236249
B0842594306579N07606528EA000000236568
B0843004306581N07606527EA000000236771
B0843014306583N07606524EA000000236830
B0843024306584N07606518EA000000236922
B0843034306583N07606509EA000000237079
B0843044306580N07606501EA000000237030
B0843054306575N07606492EA000000237006
B0843064306567N07606487EA000000237060
B0843074306559N07606486EA000000237016
B0843084306552N07606491EA000000237020
B0843094306548N07606498EA000000237083
B0843104306548N07606504EA000000237083
B0843114306550N07606507EA000000237082
B0843124306552N07606507EA000000237288
B0843134306553N07606507EA000000237394
B0843144306555N07606505EA000000237429
B0843154306556N07606503EA000000237392
B0843164306558N07606497EA000000237457
B0843174306558N07606489EA000000237413
B0843184306554N07606480EA000000237426
B0843194306547N07606473EA000000237453
B0843204306539N07606470EA000000237424
B0843214306531N07606471EA000000237483
B0843224306526N07606474EA000000237617
B0843234306521N07606478EA000000237873
B0843244306518N07606481EA000000238016
B0843254306514N07606486EA000000238080
B0843264306511N07606491EA000000237881
B0843274306508N07606497EA000000237883
B0843284306506N07606504EA000000237840
B0843294306504N07606509EA000000237748
B0843304306502N07606516EA000000237871
B0843314306501N07606522EA000000237781
B0843324306501N07606528EA000000237608
B0843334306500N07606535EA000000237568
B0843344306499N07606543EA000000237584
B0843354306499N07606549EA000000237545
B0843364306498N07606555EA000000237547
B0843374306496N07606561EA000000237587
B0843384306495N07606567EA000000237649
B0843394306494N07606573EA000000237639
B0843404306493N07606580EA000000237764
B0843414306493N07606586EA000000237709
B0843424306492N07606593EA000000237872
B0843434306492N07606599EA000000237926
B0843444306491N07606605EA000000237995
B0843454306491N07606611EA000000238175
B0843464306492N07606617EA000000238109
B0843474306492N07606623EA000000238059
B0843484306492N07606629EA000000238006
B0843494306491N07606636EA000000238231
B0843504306489N07606642EA000000238395
B0843514306488N07606648EA000000238588
B0843524306488N07606655EA000000238712
B0843534306486N07606661EA000000238893
B0843544306485N07606668EA000000238982
B0843554306485N07606674EA000000238994
B0843564306486N07606681EA000000238833
B0843574306486N07606688EA000000238944
B0843584306486N07606694EA000000239145
B0843594306485N07606699EA000000239395
B0844004306485N07606704EA000000239469
B0844014306485N07606710EA000000239392
B0844024306486N07606716EA000000239332
B0844034306487N07606722EA000000239103
B0844044306487N07606728EA000000239151
B0844054306488N07606732EA000000239009
B0844064306488N07606738EA000000239117
B0844074306488N07606743EA000000238924
B0844084306488N07606748EA000000238907
B0844094306487N07606754EA000000238794
B0844104306487N07606759EA000000238668
B0844114306486N07606765EA000000238595
B0844124306485N07606771EA000000238382
B0844134306484N07606777EA000000238281
B0844144306485N07606783EA000000238100
B0844154306485N07606789EA000000237972
B0844164306486N07606795EA000000237703
B0844174306485N07606800EA000000237846
B0844184306484N07606806EA000000237994
B0844194306485N07606811EA000000237836
B0844204306486N07606817EA000000237710
B0844214306486N07606822EA000000237760
B0844224306487N07606825EA000000237656
B0844234306488N07606829EA000000237730
B0844244306490N07606831EA000000237726
B0844254306492N07606835EA000000237635
B0844264306494N07606839EA000000237485
B0844274306497N07606843EA000000237239
B0844284306499N07606848EA000000237133
B0844294306501N07606852EA000000237124
B0844304306503N07606856EA000000237112
B0844314306504N07606860EA000000237093
B0844324306507N07606864EA000000236664
B0844334306510N07606868EA000000236457
B0844344306513N07606871EA000000236308
B0844354306515N07606874EA000000236370
B0844364306517N07606874EA000000236498
B0844374306520N07606875EA000000236368
B0844384306523N07606877EA000000236171
B0844394306527N07606878EA000000235638
B0844404306531N07606881EA000000235414
B0844414306534N07606883EA000000235431
B0844424306537N07606884EA000000235322
B0844434306539N07606885EA000000235298
B0844444306543N07606888EA000000235124
B0844454306546N07606891EA000000234875
B0844464306550N07606894EA000000234763
B0844474306553N07606896EA000000234668
B0844484306556N07606899EA000000234522
B0844494306558N07606901EA000000234451
B0844504306561N07606903EA000000234227
B0844514306564N07606905EA000000234029
B0844524306567N07606908EA000000233765
B0844534306571N07606911EA000000233457
B0844544306575N07606914EA000000233264
B0844554306579N07606917EA000000233091
B0844564306583N07606920EA000000232991
B0844574306587N07606922EA000000232857
B0844584306591N07606925EA000000232629
B0844594306594N07606929EA000000232692
B0845004306598N07606930EA000000232598
B0845014306603N07606932EA000000232238
B0845024306607N07606935EA000000232071
B0845034306611N07606937EA000000231993
B0845044306615N07606938EA000000231877
B0845054306619N07606940EA000000231740
B0845064306623N07606942EA000000231653
B0845074306627N07606945EA000000231460
B0845084306632N07606946EA000000231126
B0845094306637N07606948EA000000230902
B0845104306641N07606948EA000000230897
B0845114306645N07606949EA000000230724
B0845124306649N07606950EA000000230286
B0845134306654N07606951EA000000230222
B0845144306658N07606952EA000000230170
B0845154306663N07606952EA000000230076
B0845164306668N07606953EA000000229944
B0845174306673N07606954EA000000229628
B0845184306677N07606955EA000000229448
B0845194306681N07606956EA000000229176
B0845204306685N07606957EA000000228994
B0845214306690N07606958EA000000228672
B0845224306695N07606959EA000000228475
B0845234306700N07606959EA000000228269
B0845244306705N07606961EA000000228144
B0845254306710N07606961EA000000228123
B0845264306715N07606960EA000000228077
B0845274306720N07606962EA000000227836
B0845284306723N07606964EA000000227966
B0845294306725N07606966EA000000227962
B0845304306728N07606968EA000000227817
B0845314306731N07606970EA000000227819
B0845324306734N07606973EA000000227785
B0845334306738N07606976EA000000227746
B0845344306741N07606979EA000000227745
B0845354306744N07606981EA000000227657
B0845364306748N07606983EA000000227710
B0845374306752N07606984EA000000227721
B0845384306756N07606984EA000000227765
B0845394306761N07606985EA000000227768
B0845404306766N07606987EA000000227718
B0845414306769N07606991EA000000227861
B0845424306772N07606993EA000000227958
B0845434306775N07606996EA000000228044
B0845444306778N07606998EA000000228266
B0845454306781N07607001EA000000228381
B0845464306785N07607004EA000000228352
B0845474306789N07607007EA000000228308
B0845484306792N07607012EA000000228300
B0845494306794N07607015EA000000228535
B0845504306796N07607019EA000000228621
B0845514306798N07607021EA000000228829
B0845524306800N07607024EA000000229074
B0845534306803N07607027EA000000229250
B0845544306805N07607030EA000000229490
B0845554306808N07607034EA000000229263
B0845564306810N07607038EA000000229393
B0845574306813N07607041EA000000229428
B0845584306815N07607045EA000000229575
B0845594306818N07607048EA000000229799
B0846004306822N07607052EA000000229745
B0846014306826N07607055EA000000229859
B0846024306830N07607059EA000000229931
B0846034306833N07607063EA000000229833
B0846044306835N07607067EA000000229963
B0846054306837N07607070EA000000230078
B0846064306840N07607075EA000000230130
B0846074306843N07607078EA000000230239
B0846084306847N07607081EA000000230427
B0846094306850N07607084EA000000230687
B0846104306853N07607086EA000000230878
B0846114306856N07607089EA000000231064
B0846124306859N07607092EA000000231142
B0846134306862N07607095EA000000231150
B0846144306866N07607098EA000000231111
B0846154306869N07607101EA000000231386
B0846164306873N07607105EA000000231330
B0846174306876N07607107EA000000231727
B0846184306879N07607109EA000000232009
B0846194306882N07607111EA000000232246
B0846204306886N07607114EA000000232366
B0846214306890N07607118EA000000232493
B0846224306895N07607121EA000000232549
B0846234306899N07607124EA000000232655
B0846244306902N07607127EA000000232982
B0846254306906N07607129EA000000233125
B0846264306910N07607131EA000000233126
B0846274306914N07607134EA000000233181
B0846284306919N07607136EA000000233149
B0846294306923N07607140EA000000233180
B0846304306928N07607142EA000000233118
B0846314306931N07607145EA000000233176
B0846324306934N07607148EA000000233258
B0846334306937N07607152EA000000233124
B0846344306940N07607155EA000000232936
B0846354306943N07607158EA000000232964
B0846364306947N07607160EA000000232934
B0846374306950N07607161EA000000233088
B0846384306953N07607162EA000000233165
B0846394306955N07607164EA000000233281
B0846404306958N07607165EA000000233049
B0846414306961N07607167EA000000232976
B0846424306965N07607168EA000000232938
B0846434306968N07607169EA000000233085
B0846444306971N07607169EA000000233168
B0846454306973N07607170EA000000233283
B0846464306976N07607171EA000000233117
B0846474306979N07607173EA000000233025
B0846484306982N07607175EA000000232954
B0846494306985N07607176EA000000232966
B0846504306987N07607177EA000000233095
B0846514306989N07607178EA000000233281
B0846524306991N07607179EA000000233294
B0846534306994N07607181EA000000233153
B0846544306997N07607184EA000000232900
B0846554306999N07607186EA000000232807
B0846564307000N07607189EA000000232890
B0846574307002N07607190EA000000233030
B0846584307004N07607191EA000000233014
B0846594307006N07607193EA000000232905
B0847004307007N07607195EA000000232755
B0847014307007N07607196EA000000232656
B0847024307007N07607197EA000000232639
B0847034307007N07607199EA000000232672
B0847044307008N07607200EA000000232663
B0847054307009N07607201EA000000232671
B0847064307010N07607201EA000000232598
B0847074307012N07607202EA000000232308
B0847084307013N07607203EA000000232209
B0847094307014N07607205EA000000232102
B0847104307015N07607206EA000000232105
B0847114307016N07607208EA000000232212
B0847124307017N07607210EA000000232242
B0847134307018N07607212EA000000232292
B0847144307020N07607214EA000000232270
B0847154307022N07607215EA000000232319
B0847164307023N07607216EA000000232528
B0847174307024N07607217EA000000232803
B0847184307024N07607217EA000000233349
B0847194307024N07607219EA000000233631
B0847204307023N07607220EA000000233797
B0847214307023N07607222EA000000233405
B0847224307022N07607223EA000000233227
B0847234307021N07607224EA000000233184
B0847244307020N07607224EA000000233031
B0847254307019N07607224EA000000233072
B0847264307019N07607224EA000000232973
B0847274307019N07607224EA000000232984
B0847284307020N07607224EA000000232647
B0847294307021N07607225EA000000232354
B0847304307022N07607226EA000000231892
B0847314307025N07607227EA000000231505
B0847324307027N07607231EA000000231298
B0847334307031N07607234EA000000231240
B0847344307033N07607235EA000000231440
B0847354307034N07607235EA000000231848
B0847364307033N07607236EA000000232350
B0847374307032N07607236EA000000232396
B0847384307033N07607237EA000000232285
B0847394307036N07607236EA000000232302
B0847404307039N07607234EA000000232460
B0847414307042N07607227EA000000232548
B0847424307043N07607219EA000000232765
B0847434307042N07607209EA000000232922
B0847444307037N07607200EA000000233042
B0847454307031N07607192EA000000232958
B0847464307024N07607188EA000000233164
B0847474307017N07607187EA000000233327
B0847484307010N07607189EA000000233220
B0847494307004N07607193EA000000233394
B0847504307002N07607197EA000000233426
B0847514307002N07607201EA000000233534
B0847524307004N07607202EA000000233406
B0847534307005N07607202EA000000233683
B0847544307006N07607202EA000000233794
B0847554307007N07607203EA000000233941
B0847564307008N07607203EA000000234005
B0847574307009N07607203EA000000234125
B0847584307010N07607203EA000000234170
B0847594307012N07607202EA000000234268
B0848004307014N07607202EA000000234339
B0848014307015N07607203EA000000234584
B0848024307017N07607204EA000000234721
B0848034307018N07607204EA000000235076
B0848044307020N07607204EA000000235245
B0848054307026N07607211EA000000235320
B0848064307028N07607212EA000000235670
B0848074307030N07607212EA000000235967
B0848084307032N07607213EA000000236124
B0848094307033N07607214EA000000236468
B0848104307035N07607216EA000000236518
B0848114307037N07607219EA000000236615
B0848124307037N07607219EA000000236891
B0848134307038N07607218EA000000236935
B0848144307039N07607218EA000000237006
B0848154307040N07607219EA000000237201
B0848164307041N07607219EA000000237418
B0848174307050N07607226EA000000237586
B0848184307052N07607227EA000000237890
B0848194307054N07607227EA000000238141
B0848204307055N07607227EA000000238539
B0848214307056N07607228EA000000238853
B0848224307058N07607229EA000000239034
B0848234307058N07607230EA000000239232
B0848244307058N07607230EA000000239318
B0848254307058N07607231EA000000239687
B0848264307060N07607232EA000000240006
B0848274307061N07607233EA000000240133
B0848284307062N07607235EA000000240193
B0848294307065N07607237EA000000240107
B0848304307072N07607237EA000000240278
B0848314307075N07607240EA000000240257
B0848324307077N07607243EA000000240409
B0848334307077N07607247EA000000240661
B0848344307078N07607250EA000000240637
B0848354307080N07607254EA000000240461
B0848364307083N07607256EA000000240470
B0848374307087N07607257EA000000240523
B0848384307090N07607257EA000000240669
B0848394307093N07607257EA000000240939
B0848404307095N07607256EA000000241279
B0848414307097N07607257EA000000241396
B0848424307101N07607258EA000000241327
B0848434307105N07607259EA000000241229
B0848444307109N07607260EA000000241209
B0848454307112N07607261EA000000241329
B0848464307114N07607263EA000000241282
B0848474307117N07607265EA000000241171
B0848484307121N07607267EA000000241122
B0848494307125N07607268EA000000241326
B0848504307128N07607268EA000000241546
B0848514307131N07607268EA000000241725
B0848524307133N07607268EA000000242114
B0848534307135N07607267EA000000242209
B0848544307137N07607268EA000000242469
B0848554307140N07607270EA000000242488
B0848564307143N07607272EA000000242272
B0848574307146N07607273EA000000242109
B0848584307147N07607275EA000000242052
B0848594307148N07607277EA000000242313
B0849004307148N07607279EA000000242618
B0849014307148N07607283EA000000242823
B0849024307149N07607288EA000000242913
B0849034307151N07607290EA000000243249
B0849044307154N07607290EA000000243658
B0849054307158N07607288EA000000243810
B0849064307160N07607281EA000000243927
B0849074307161N07607274EA000000243860
B0849084307162N07607267EA000000243811
B0849094307163N07607261EA000000243824
B0849104307165N07607257EA000000243716
B0849114307169N07607254EA000000243539
B0849124307173N07607254EA000000243179
B0849134307176N07607256EA000000243188
B0849144307178N07607259EA000000243264
B0849154307181N07607261EA000000243314
B0849164307184N07607261EA000000243499
B0849174307189N07607262EA000000243658
B0849184307194N07607264EA000000243763
B0849194307199N07607266EA000000243917
B0849204307202N07607268EA000000244161
B0849214307205N07607268EA000000244728
B0849224307207N07607268EA000000245288
B0849234307211N07607267EA000000245639
B0849244307214N07607267EA000000245851
B0849254307217N07607268EA000000245821
B0849264307218N07607271EA000000245959
B0849274307216N07607276EA000000246057
B0849284307212N07607278EA000000246398
B0849294307206N07607278EA000000246410
B0849304307199N07607276EA000000246726
B0849314307194N07607271EA000000246627
B0849324307192N07607262EA000000246724
B0849334307191N07607250EA000000246811
B0849344307191N07607238EA000000246965
B0849354307194N07607227EA000000247258
B0849364307199N07607220EA000000247509
B0849374307204N07607217EA000000247760
B0849384307209N07607215EA000000247907
B0849394307213N07607216EA000000247906
B0849404307215N07607219EA000000248112
B0849414307213N07607225EA000000248280
B0849424307211N07607230EA000000248261
B0849434307204N07607231EA000000248102
B0849444307196N07607226EA000000248386
B0849454307190N07607220EA000000248846
B0849464307186N07607213EA000000249164
B0849474307184N07607204EA000000249438
B0849484307182N07607194EA000000249646
B0849494307181N07607184EA000000250076
B0849504307182N07607174EA000000250345
B0849514307185N07607166EA000000250710
B0849524307189N07607158EA000000251137
B0849534307194N07607152EA000000251428
B0849544307199N07607151EA000000251580
B0849554307204N07607151EA000000251863
B0849564307208N07607152EA000000252133
B0849574307211N07607153EA000000252290
B0849584307216N07607152EA000000252713
B0849594307220N07607150EA000000253039
B0850004307224N07607150EA000000253391
B0850014307229N07607150EA000000253524
B0850024307233N07607152EA000000253545
B0850034307236N07607155EA000000253772
B0850044307239N07607158EA000000253961
B0850054307242N07607160EA000000254165
B0850064307246N07607161EA000000254258
B0850074307250N07607163EA000000254367
B0850084307255N07607166EA000000254311
B0850094307259N07607168EA000000254415
B0850104307263N07607170EA000000254368
B0850114307267N07607172EA000000254453
B0850124307271N07607172EA000000254561
B0850134307275N07607172EA000000254695
B0850144307280N07607172EA000000254729
B0850154307284N07607174EA000000254740
B0850164307288N07607176EA000000254522
B0850174307290N07607179EA000000254494
B0850184307292N07607182EA000000254367
B0850194307294N07607185EA000000254342
B0850204307297N07607187EA000000254255
B0850214307301N07607189EA000000254285
B0850224307306N07607191EA000000254121
B0850234307310N07607192EA000000254115
B0850244307313N07607194EA000000253936
B0850254307317N07607196EA000000253824
B0850264307321N07607198EA000000253843
B0850274307325N07607200EA000000253817
B0850284307328N07607202EA000000253767
B0850294307331N07607204EA000000253889
B0850304307335N07607206EA000000253837
B0850314307339N07607207EA000000253863
B0850324307344N07607208EA000000253948
B0850334307348N07607211EA000000253958
B0850344307350N07607216EA000000253788
B0850354307351N07607221EA000000253791
B0850364307352N07607224EA000000253859
B0850374307354N07607227EA000000254043
B0850384307357N07607229EA000000254077
B0850394307361N07607231EA000000254069
B0850404307365N07607234EA000000253954
B0850414307369N07607236EA000000254028
B0850424307372N07607239EA000000254070
B0850434307376N07607241EA000000254130
B0850444307380N07607242EA000000254351
B0850454307384N07607242EA000000254508
B0850464307387N07607243EA000000254613
B0850474307389N07607243EA000000254686
B0850484307392N07607244EA000000254684
B0850494307397N07607245EA000000254408
B0850504307401N07607247EA000000254367
B0850514307404N07607249EA000000254339
B0850524307405N07607251EA000000254268
B0850534307406N07607253EA000000254224
B0850544307406N07607255EA000000253993
B0850554307409N07607257EA000000253535
B0850564307412N07607260EA000000253081
B0850574307416N07607262EA000000252614
B0850584307418N07607264EA000000252448
B0850594307420N07607266EA000000252038
B0851004307422N07607268EA000000251651
B0851014307424N07607270EA000000251343
B0851024307427N07607273EA000000250822
B0851034307430N07607276EA000000250510
B0851044307433N07607276EA000000250488
B0851054307437N07607278EA000000250350
B0851064307441N07607276EA000000250164
B0851074307445N07607277EA000000249841
B0851084307448N07607278EA000000249629
B0851094307450N07607281EA000000249152
B0851104307452N07607283EA000000248721
B0851114307453N07607285EA000000248237
B0851124307454N07607287EA000000247863
B0851134307456N07607288EA000000247398
B0851144307460N07607290EA000000246739
B0851154307464N07607293EA000000246316
B0851164307467N07607295EA000000245949
B0851174307470N07607298EA000000245723
B0851184307473N07607299EA000000245519
B0851194307475N07607301EA000000245692
B0851204307479N07607301EA000000245505
B0851214307482N07607302EA000000245505
B0851224307484N07607302EA000000245557
B0851234307486N07607302EA000000245578
B0851244307488N07607303EA000000245582
B0851254307491N07607302EA000000245518
B0851264307493N07607303EA000000245528
B0851274307494N07607305EA000000245582
B0851284307496N07607305EA000000245517
B0851294307497N07607305EA000000245389
B0851304307500N07607302EA000000245297
B0851314307504N07607301EA000000244977
B0851324307507N07607301EA000000244893
B0851334307509N07607302EA000000244780
B0851344307510N07607304EA000000244780
B0851354307512N07607304EA000000244474
B0851364307514N07607305EA000000244220
B0851374307516N07607305EA000000243876
B0851384307519N07607306EA000000243574
B0851394307522N07607307EA000000243281
B0851404307525N07607307EA000000243060
B0851414307527N07607307EA000000242931
B0851424307528N07607308EA000000242794
B0851434307530N07607310EA000000242550
B0851444307533N07607312EA000000242041
B0851454307537N07607313EA000000241489
B0851464307542N07607315EA000000241043
B0851474307545N07607315EA000000240949
B0851484307547N07607316EA000000240988
B0851494307548N07607317EA000000240899
B0851504307551N07607320EA000000240210
B0851514307554N07607321EA000000239904
B0851524307556N07607320EA000000239794
B0851534307558N07607320EA000000239607
B0851544307558N07607321EA000000239433
B0851554307559N07607322EA000000239105
B0851564307559N07607324EA000000238950
B0851574307561N07607326EA000000238630
B0851584307563N07607328EA000000238230
B0851594307565N07607330EA000000237837
B0852004307566N07607333EA000000237574
B0852014307567N07607335EA000000237382
B0852024307569N07607337EA000000237036
B0852034307571N07607339EA000000237032
B0852044307574N07607340EA000000237002
B0852054307575N07607342EA000000236970
B0852064307577N07607344EA000000236633
B0852074307578N07607347EA000000236660
B0852084307580N07607349EA000000236305
B0852094307581N07607351EA000000236378
B0852104307584N07607352EA000000236333
B0852114307587N07607351EA000000236167
B0852124307589N07607354EA000000236247
B0852134307590N07607358EA000000236094
B0852144307591N07607363EA000000235960
B0852154307591N07607366EA000000236093
B0852164307591N07607369EA000000236093
B0852174307592N07607372EA000000236062
B0852184307594N07607374EA000000236003
B0852194307596N07607376EA000000235941
B0852204307599N07607377EA000000236068
B0852214307603N07607379EA000000236017
B0852224307606N07607382EA000000235833
B0852234307608N07607384EA000000235876
B0852244307609N07607385EA000000236169
B0852254307609N07607387EA000000236295
B0852264307610N07607389EA000000236221
B0852274307610N07607390EA000000236299
B0852284307612N07607393EA000000236107
B0852294307613N07607396EA000000235864
B0852304307615N07607398EA000000235808
B0852314307616N07607400EA000000235927
B0852324307617N07607401EA000000235969
B0852334307619N07607402EA000000236055
B0852344307621N07607402EA000000235949
B0852354307623N07607403EA000000235569
B0852364307626N07607404EA000000235353
B0852374307629N07607406EA000000235121
B0852384307631N07607408EA000000235082
B0852394307633N07607409EA000000235094
B0852404307634N07607410EA000000235087
B0852414307636N07607411EA000000234853
B0852424307639N07607413EA000000234326
B0852434307642N07607415EA000000234097
B0852444307646N07607415EA000000233997
B0852454307650N07607415EA000000233942
B0852464307652N07607415EA000000234172
B0852474307654N07607416EA000000234115
B0852484307655N07607418EA000000233986
B0852494307658N07607421EA000000233910
B0852504307660N07607423EA000000233964
B0852514307662N07607425EA000000233946
B0852524307664N07607428EA000000233728
B0852534307665N07607432EA000000233773
B0852544307666N07607435EA000000233798
B0852554307668N07607439EA000000233552
B0852564307670N07607441EA000000233489
B0852574307673N07607444EA000000233312
B0852584307675N07607446EA000000233427
B0852594307677N07607448EA000000233607
B0853004307679N07607450EA000000233618
B0853014307681N07607452EA000000233674
B0853024307684N07607454EA000000233590
B0853034307688N07607455EA000000233462
B0853044307691N07607456EA000000233384
B0853054307694N07607457EA000000233309
B0853064307695N07607459EA000000233388
B0853074307697N07607462EA000000233332
B0853084307699N07607464EA000000233189
B0853094307702N07607467EA000000232957
B0853104307705N07607469EA000000232809
B0853114307707N07607471EA000000232629
B0853124307709N07607474EA000000232412
B0853134307710N07607476EA000000232368
B0853144307713N07607479EA000000232122
B0853154307716N07607481EA000000232043
B0853164307719N07607483EA000000231970
B0853174307723N07607484EA000000231918
B0853184307726N07607486EA000000231845
B0853194307729N07607488EA000000231828
B0853204307731N07607491EA000000231785
B0853214307734N07607494EA000000231801
B0853224307736N07607495EA000000231854
B0853234307740N07607496EA000000231904
B0853244307744N07607497EA000000231912
B0853254307747N07607498EA000000232093
B0853264307751N07607498EA000000231909
B0853274307753N07607499EA000000232006
B0853284307755N07607498EA000000232042
B0853294307757N07607497EA000000232297
B0853304307760N07607498EA000000232237
B0853314307763N07607502EA000000232114
B0853324307766N07607506EA000000231837
B0853334307769N07607510EA000000231815
B0853344307771N07607512EA000000232156
B0853354307773N07607513EA000000232366
B0853364307775N07607514EA000000232465
B0853374307777N07607516EA000000232469
B0853384307780N07607520EA000000232210
B0853394307782N07607523EA000000232081
B0853404307785N07607525EA000000231887
B0853414307787N07607528EA000000231999
B0853424307789N07607531EA000000231928
B0853434307790N07607533EA000000232059
B0853444307792N07607535EA000000232035
B0853454307794N07607537EA000000232074
B0853464307797N07607539EA000000231975
B0853474307800N07607541EA000000231926
B0853484307801N07607543EA000000232118
B0853494307802N07607545EA000000232248
B0853504307804N07607548EA000000232195
B0853514307807N07607550EA000000232177
B0853524307809N07607553EA000000232182
B0853534307811N07607555EA000000232229
B0853544307812N07607557EA000000232129
B0853554307814N07607559EA000000232018
B0853564307816N07607562EA000000232093
B0853574307819N07607565EA000000231950
B0853584307821N07607567EA000000231747
B0853594307822N07607569EA000000231910
B0854004307822N07607569EA000000232177
B0854014307824N07607571EA000000232060
B0854024307827N07607572EA000000231743
B0854034307830N07607575EA000000231320
B0854044307832N07607578EA000000231144
B0854054307832N07607581EA000000231391
B0854064307833N07607582EA000000231149
B0854074307834N07607584EA000000231005
B0854084307835N07607586EA000000230787
B0854094307837N07607590EA000000230580
B0854104307839N07607594EA000000230104
B0854114307839N07607599EA000000229944
B0854124307838N07607603EA000000229873
B0854134307838N07607605EA000000229705
B0854144307837N07607607EA000000229655
B0854154307837N07607610EA000000229655
B0854164307837N07607614EA000000229485
B0854174307838N07607618EA000000229229
B0854184307837N07607622EA000000229298
B0854194307838N07607625EA000000229329
B0854204307838N07607628EA000000229513
B0854214307837N07607631EA000000229630
B0854224307836N07607633EA000000229832
B0854234307835N07607637EA000000229941
B0854244307835N07607640EA000000230263
B0854254307835N07607643EA000000230381
B0854264307835N07607645EA000000230584
B0854274307835N07607647EA000000230756
B0854284307834N07607649EA000000230992
B0854294307834N07607650EA000000231033
B0854304307833N07607650EA000000231298
B0854314307834N07607652EA000000231206
B0854324307834N07607655EA000000231218
B0854334307831N07607661EA000000231418
B0854344307829N07607665EA000000231925
B0854354307826N07607668EA000000232460
B0854364307823N07607669EA000000232846
B0854374307820N07607672EA000000232763
B0854384307819N07607675EA000000232818
B0854394307818N07607680EA000000232651
B0854404307818N07607683EA000000232662
B0854414307818N07607685EA000000232561
B0854424307817N07607687EA000000232611
B0854434307816N07607689EA000000232751
B0854444307815N07607691EA000000232839
B0854454307814N07607694EA000000232768
B0854464307814N07607697EA000000232807
B0854474307813N07607700EA000000232951
B0854484307814N07607701EA000000232907
B0854494307814N07607703EA000000233033
B0854504307814N07607705EA000000233067
B0854514307814N07607708EA000000232837
B0854524307813N07607712EA000000232685
B0854534307813N07607716EA000000232409
B0854544307811N07607721EA000000232411
B0854554307810N07607724EA000000232602
B0854564307810N07607727EA000000232601
B0854574307810N07607729EA000000232766
B0854584307811N07607731EA000000232816
B0854594307811N07607734EA000000232813
B0855004307810N07607736EA000000233082
B0855014307810N07607738EA000000233441
B0855024307810N07607738EA000000233805
B0855034307809N07607738EA000000234075
B0855044307810N07607740EA000000234252
B0855054307812N07607743EA000000234389
B0855064307814N07607748EA000000234612
B0855074307814N07607751EA000000234973
B0855084307814N07607751EA000000235493
B0855094307814N07607751EA000000235646
B0855104307815N07607752EA000000235708
B0855114307816N07607754EA000000235669
B0855124307818N07607757EA000000235568
B0855134307820N07607761EA000000235401
B0855144307819N07607764EA000000235572
B0855154307818N07607766EA000000235824
B0855164307817N07607768EA000000236034
B0855174307817N07607771EA000000235921
B0855184307818N07607774EA000000235701
B0855194307818N07607778EA000000235391
B0855204307819N07607782EA000000235260
B0855214307820N07607784EA000000235309
B0855224307819N07607787EA000000235391
B0855234307820N07607789EA000000235203
B0855244307820N07607791EA000000235036
B0855254307820N07607794EA000000235053
B0855264307820N07607797EA000000234781
B0855274307821N07607800EA000000234606
B0855284307821N07607804EA000000234517
B0855294307821N07607808EA000000234318
B0855304307821N07607812EA000000234230
B0855314307822N07607814EA000000234105
B0855324307822N07607817EA000000234190
B0855334307823N07607819EA000000234052
B0855344307823N07607822EA000000233873
B0855354307823N07607824EA000000233669
B0855364307823N07607827EA000000233276
B0855374307823N07607830EA000000232993
B0855384307824N07607832EA000000232718
B0855394307824N07607835EA000000232390
B0855404307826N07607837EA000000232143
B0855414307831N07607836EA000000231858
B0855424307834N07607838EA000000231579
B0855434307837N07607842EA000000231431
B0855444307840N07607842EA000000231111
B0855454307842N07607843EA000000230893
B0855464307845N07607843EA000000230867
B0855474307848N07607843EA000000230818
B0855484307849N07607844EA000000230687
B0855494307851N07607847EA000000230263
B0855504307853N07607850EA000000230099
B0855514307855N07607852EA000000229869
B0855524307857N07607852EA000000229819
B0855534307858N07607852EA000000229829
B0855544307859N07607853EA000000229717
B0855554307860N07607855EA000000229467
B0855564307863N07607858EA000000229012
B0855574307865N07607860EA000000228782
B0855584307868N07607862EA000000228533
B0855594307869N07607864EA000000228592
B0856004307870N07607866EA000000228484
B0856014307871N07607869EA000000228340
B0856024307872N07607872EA000000228065
B0856034307874N07607875EA000000227730
B0856044307875N07607877EA000000227671
B0856054307876N07607879EA000000227690
B0856064307878N07607881EA000000227620
B0856074307880N07607883EA000000227604
B0856084307884N07607883EA000000227624
B0856094307887N07607884EA000000227606
B0856104307890N07607885EA000000227719
B0856114307893N07607887EA000000227724
B0856124307896N07607889EA000000227850
B0856134307899N07607891EA000000227971
B0856144307903N07607893EA000000227914
B0856154307906N07607895EA000000228028
B0856164307909N07607897EA000000228003
B0856174307911N07607898EA000000228091
B0856184307914N07607899EA000000228153
B0856194307917N07607901EA000000228008
B0856204307920N07607905EA000000227856
B0856214307923N07607910EA000000227741
B0856224307924N07607914EA000000227953
B0856234307924N07607917EA000000228196
B0856244307925N07607918EA000000228547
B0856254307926N07607919EA000000228757
B0856264307928N07607920EA000000228855
B0856274307930N07607923EA000000228870
B0856284307932N07607928EA000000228571
B0856294307934N07607932EA000000228606
B0856304307934N07607936EA000000228657
B0856314307935N07607938EA000000228715
B0856324307936N07607939EA000000228831
B0856334307937N07607939EA000000228927
B0856344307937N07607941EA000000229091
B0856354307938N07607945EA000000228972
B0856364307939N07607949EA000000228867
B0856374307939N07607953EA000000228684
B0856384307940N07607956EA000000228704
B0856394307939N07607958EA000000228867
B0856404307939N07607961EA000000228941
B0856414307938N07607963EA000000228999
B0856424307938N07607968EA000000228814
B0856434307937N07607972EA000000228906
B0856444307935N07607974EA000000229059
B0856454307933N07607977EA000000228969
B0856464307931N07607981EA000000229061
B0856474307928N07607984EA000000229381
B0856484307924N07607987EA000000229303
B0856494307917N07607989EA000000229212
B0856504307908N07607987EA000000229368
B0856514307900N07607982EA000000229275
B0856524307893N07607973EA000000229357
B0856534307888N07607964EA000000229227
B0856544307884N07607954EA000000229282
B0856554307887N07607943EA000000229356
B0856564307888N07607933EA000000229539
B0856574307890N07607925EA000000229814
B0856584307893N07607918EA000000230014
B0856594307896N07607915EA000000230190
B0857004307900N07607913EA000000230227
B0857014307902N07607913EA000000230308
B0857024307903N07607914EA000000230367
B0857034307904N07607915EA000000230585
B0857044307905N07607916EA000000230778
B0857054307906N07607919EA000000230822
B0857064307907N07607922EA000000230900
B0857074307907N07607925EA000000230880
B0857084307908N07607928EA000000230913
B0857094307908N07607931EA000000231113
B0857104307908N07607934EA000000231201
B0857114307908N07607937EA000000231331
B0857124307906N07607942EA000000231279
B0857134307907N07607948EA000000231233
B0857144307907N07607953EA000000231248
B0857154307907N07607957EA000000231511
B0857164307906N07607959EA000000231824
B0857174307904N07607962EA000000232082
B0857184307902N07607966EA000000232051
B0857194307898N07607971EA000000231919
B0857204307891N07607977EA000000231867
B0857214307883N07607980EA000000231875
B0857224307875N07607981EA000000232083
B0857234307868N07607979EA000000232115
B0857244307860N07607975EA000000232164
B0857254307853N07607969EA000000232179
B0857264307848N07607962EA000000231940
B0857274307843N07607953EA000000231650
B0857284307840N07607942EA000000231638
B0857294307839N07607933EA000000231582
B0857304307842N07607924EA000000231446
B0857314307846N07607919EA000000231324
B0857324307849N07607915EA000000231493
B0857334307852N07607912EA000000231741
B0857344307853N07607910EA000000232161
B0857354307855N07607908EA000000232156
B0857364307857N07607908EA000000232291
B0857374307860N07607909EA000000232265
B0857384307863N07607911EA000000232127
B0857394307866N07607914EA000000231947
B0857404307869N07607915EA000000232258
B0857414307872N07607915EA000000232518
B0857424307875N07607914EA000000232811
B0857434307878N07607910EA000000233035
B0857444307880N07607907EA000000233385
B0857454307882N07607907EA000000233540
B0857464307883N07607909EA000000233541
B0857474307883N07607913EA000000233408
B0857484307880N07607918EA000000233588
B0857494307875N07607922EA000000233489
B0857504307868N07607923EA000000233597
B0857514307860N07607921EA000000233564
B0857524307852N07607915EA000000233671
B0857534307846N07607906EA000000233515
B0857544307842N07607896EA000000233654
B0857554307841N07607886EA000000233946
B0857564307842N07607878EA000000234170
B0857574307845N07607870EA000000234208
B0857584307847N07607865EA000000234476
B0857594307850N07607861EA000000234716
B0858004307852N07607858EA000000234768
B0858014307854N07607856EA000000234885
B0858024307856N07607855EA000000235082
B0858034307858N07607855EA000000235073
B0858044307860N07607855EA000000235127
B0858054307862N07607855EA000000235195
B0858064307866N07607854EA000000235008
B0858074307868N07607853EA000000235245
B0858084307870N07607852EA000000235314
B0858094307871N07607853EA000000235231
B0858104307872N07607854EA000000235170
B0858114307875N07607855EA000000235011
B0858124307877N07607856EA000000235142
B0858134307879N07607857EA000000235235
B0858144307881N07607858EA000000235317
B0858154307882N07607860EA000000235187
B0858164307884N07607863EA000000235051
B0858174307886N07607865EA000000235160
B0858184307888N07607866EA000000235283
B0858194307890N07607867EA000000235362
B0858204307892N07607868EA000000235313
B0858214307893N07607869EA000000235177
B0858224307895N07607870EA000000235055
B0858234307897N07607871EA000000234748
B0858244307899N07607873EA000000234733
B0858254307901N07607875EA000000234750
B0858264307903N07607876EA000000234785
B0858274307905N07607877EA000000234874
B0858284307907N07607877EA000000234828
B0858294307908N07607878EA000000234722
B0858304307909N07607878EA000000234608
B0858314307909N07607879EA000000234569
B0858324307910N07607881EA000000234242
B0858334307911N07607882EA000000234123
B0858344307912N07607883EA000000233822
B0858354307913N07607884EA000000233762
B0858364307915N07607885EA000000233604
B0858374307916N07607886EA000000233462
B0858384307918N07607886EA000000233526
B0858394307919N07607886EA000000233486
B0858404307921N07607886EA000000233476
B0858414307923N07607886EA000000233396
B0858424307926N07607886EA000000233257
B0858434307928N07607886EA000000233198
B0858444307930N07607886EA000000232997
B0858454307932N07607886EA000000232865
B0858464307934N07607886EA000000232804
B0858474307935N07607886EA000000232758
B0858484307937N07607887EA000000232619
B0858494307938N07607889EA000000232571
B0858504307940N07607889EA000000232468
B0858514307942N07607890EA000000232530
B0858524307944N07607889EA000000232539
B0858534307946N07607889EA000000232675
B0858544307951N07607883EA000000232756
B0858554307955N07607882EA000000232652
B0858564307959N07607881EA000000232690
B0858574307963N07607879EA000000232787
B0858584307966N07607878EA000000232938
B0858594307968N07607878EA000000233026
B0859004307969N07607879EA000000233250
B0859014307971N07607879EA000000233283
B0859024307975N07607880EA000000233321
B0859034307978N07607880EA000000233401
B0859044307980N07607882EA000000233512
B0859054307981N07607884EA000000234049
B0859064307981N07607888EA000000234321
B0859074307980N07607890EA000000234609
B0859084307977N07607894EA000000234903
B0859094307972N07607895EA000000235138
B0859104307966N07607894EA000000235335
B0859114307958N07607888EA000000235486
B0859124307952N07607880EA000000235408
B0859134307949N07607868EA000000235417
B0859144307950N07607853EA000000235316
B0859154307953N07607839EA000000235467
B0859164307957N07607828EA000000235412
B0859174307959N07607821EA000000235685
B0859184307963N07607818EA000000235708
B0859194307966N07607820EA000000235979
B0859204307969N07607821EA000000236333
B0859214307971N07607823EA000000236790
B0859224307972N07607826EA000000237272
B0859234307971N07607830EA000000237543
B0859244307968N07607834EA000000237766
B0859254307965N07607838EA000000237970
B0859264307964N07607840EA000000238576
B0859274307965N07607842EA000000239035
B0859284307965N07607844EA000000239498
B0859294307965N07607847EA000000239739
B0859304307961N07607850EA000000240068
B0859314307958N07607853EA000000240000
B0859324307947N07607850EA000000240297
B0859334307938N07607844EA000000240386
B0859344307931N07607835EA000000240360
B0859354307929N07607820EA000000240328
B0859364307926N07607806EA000000240589
B0859374307925N07607794EA000000240778
B0859384307930N07607785EA000000240875
B0859394307938N07607780EA000000241005
B0859404307941N07607781EA000000241341
B0859414307943N07607780EA000000241980
B0859424307944N07607785EA000000242021
B0859434307943N07607790EA000000242333
B0859444307942N07607795EA000000242541
B0859454307940N07607798EA000000242737
B0859464307932N07607800EA000000242919
B0859474307925N07607798EA000000242916
B0859484307917N07607782EA000000243240
B0859494307913N07607768EA000000243795
B0859504307912N07607757EA000000244461
B0859514307912N07607745EA000000244869
B0859524307915N07607736EA000000245017
B0859534307918N07607730EA000000245180
B0859544307924N07607728EA000000245365
B0859554307929N07607729EA000000245536
B0859564307931N07607732EA000000245695
B0859574307929N07607735EA000000245864
B0859584307926N07607736EA000000246199
B0859594307916N07607734EA000000246296
B0900004307910N07607733EA000000246835
B0900014307902N07607731EA000000247287
B0900024307894N07607727EA000000247414
B0900034307885N07607720EA000000247634
B0900044307878N07607712EA000000247705
B0900054307872N07607702EA000000247725
B0900064307868N07607691EA000000248002
B0900074307878N07607679EA000000248257
B0900084307882N07607670EA000000248887
B0900094307888N07607666EA000000249196
B0900104307891N07607665EA000000249519
B0900114307893N07607666EA000000250235
B0900124307894N07607669EA000000250601
B0900134307893N07607671EA000000251069
B0900144307890N07607674EA000000251459
B0900154307885N07607677EA000000251851
B0900164307878N07607677EA000000252184
B0900174307871N07607675EA000000252439
B0900184307863N07607672EA000000252666
B0900194307855N07607668EA000000252922
B0900204307847N07607661EA000000253335
B0900214307840N07607652EA000000253885
B0900224307836N07607642EA000000254390
B0900234307835N07607631EA000000254731
B0900244307835N07607621EA000000255300
B0900254307836N07607612EA000000255712
B0900264307838N07607603EA000000256151
B0900274307841N07607593EA000000256261
B0900284307844N07607584EA000000256574
B0900294307848N07607578EA000000256902
B0900304307851N07607575EA000000257412
B0900314307853N07607575EA000000257867
B0900324307855N07607578EA000000258023
B0900334307855N07607581EA000000258443
B0900344307854N07607583EA000000258817
B0900354307850N07607585EA000000259358
B0900364307845N07607587EA000000259555
B0900374307839N07607589EA000000259630
B0900384307832N07607588EA000000259886
B0900394307826N07607585EA000000260325
B0900404307820N07607579EA000000260653
B0900414307813N07607571EA000000260896
B0900424307809N07607560EA000000260864
B0900434307808N07607547EA000000260758
B0900444307806N07607538EA000000261508
B0900454307803N07607530EA000000262098
B0900464307802N07607522EA000000262324
B0900474307802N07607512EA000000262596
B0900484307805N07607503EA000000262583
B0900494307809N07607495EA000000262613
B0900504307812N07607491EA000000262704
B0900514307816N07607495EA000000262900
B0900524307818N07607496EA000000263249
B0900534307815N07607502EA000000263394
B0900544307815N07607505EA000000263739
B0900554307814N07607509EA000000264140
B0900564307811N07607512EA000000264483
B0900574307807N07607515EA000000264605
B0900584307800N07607517EA000000264736
B0900594307792N07607516EA000000264957
B0901004307785N07607512EA000000265108
B0901014307777N07607506EA000000265394
B0901024307771N07607498EA000000265583
B0901034307767N07607488EA000000265988
B0901044307764N07607478EA000000266343
B0901054307764N07607465EA000000266519
B0901064307765N07607455EA000000266740
B0901074307767N07607445EA000000267229
B0901084307769N07607438EA000000267667
B0901094307772N07607433EA000000268082
B0901104307776N07607430EA000000268323
B0901114307780N07607428EA000000268547
B0901124307783N07607428EA000000268607
B0901134307785N07607429EA000000268961
B0901144307787N07607430EA000000269212
B0901154307787N07607432EA000000269568
B0901164307786N07607436EA000000269868
B0901174307783N07607441EA000000269938
B0901184307777N07607445EA000000270030
B0901194307769N07607445EA000000270347
B0901204307761N07607442EA000000270588
B0901214307754N07607438EA000000270874
B0901224307748N07607433EA000000271119
B0901234307741N07607429EA000000271343
B0901244307734N07607422EA000000271576
B0901254307728N07607413EA000000271797
B0901264307725N07607402EA000000271856
B0901274307721N07607391EA000000271974
B0901284307722N07607381EA000000272268
B0901294307723N07607374EA000000272619
B0901304307724N07607369EA000000272958
B0901314307726N07607365EA000000273084
B0901324307729N07607361EA000000273172
B0901334307733N07607358EA000000273230
B0901344307736N07607356EA000000273413
B0901354307737N07607357EA000000273699
B0901364307738N07607360EA000000273966
B0901374307738N07607363EA000000274149
B0901384307738N07607367EA000000274212
B0901394307737N07607370EA000000274488
B0901404307735N07607374EA000000274687
B0901414307732N07607378EA000000274718
B0901424307725N07607381EA000000274866
B0901434307718N07607383EA000000274804
B0901444307710N07607383EA000000275022
B0901454307702N07607380EA000000275393
B0901464307695N07607375EA000000275695
B0901474307689N07607368EA000000275829
B0901484307683N07607360EA000000275939
B0901494307678N07607351EA000000276063
B0901504307676N07607341EA000000276240
B0901514307676N07607331EA000000276225
B0901524307677N07607323EA000000276487
B0901534307680N07607317EA000000276772
B0901544307683N07607312EA000000276982
B0901554307687N07607309EA000000277129
B0901564307690N07607309EA000000277308
B0901574307691N07607311EA000000277469
B0901584307692N07607315EA000000277780
B0901594307693N07607318EA000000277904
B0902004307693N07607320EA000000278117
B0902014307693N07607322EA000000278388
B0902024307695N07607324EA000000278353
B0902034307697N07607327EA000000278455
B0902044307699N07607330EA000000278476
B0902054307702N07607333EA000000278401
B0902064307703N07607335EA000000278509
B0902074307704N07607338EA000000278711
B0902084307705N07607340EA000000278723
B0902094307707N07607343EA000000278713
B0902104307709N07607346EA000000278741
B0902114307712N07607349EA000000278612
B0902124307713N07607352EA000000278782
B0902134307714N07607354EA000000278878
B0902144307715N07607357EA000000278906
B0902154307714N07607361EA000000278993
B0902164307714N07607365EA000000278941
B0902174307714N07607369EA000000279000
B0902184307713N07607372EA000000278938
B0902194307712N07607376EA000000278994
B0902204307713N07607380EA000000278811
B0902214307713N07607383EA000000278882
B0902224307714N07607386EA000000278745
B0902234307715N07607389EA000000278614
B0902244307715N07607392EA000000278549
B0902254307715N07607397EA000000278425
B0902264307715N07607401EA000000278329
B0902274307715N07607405EA000000278392
B0902284307716N07607408EA000000278360
B0902294307717N07607410EA000000278375
B0902304307719N07607412EA000000278228
B0902314307721N07607415EA000000278204
B0902324307722N07607418EA000000278050
B0902334307724N07607420EA000000278004
B0902344307725N07607422EA000000278064
B0902354307727N07607424EA000000277913
B0902364307728N07607426EA000000277971
B0902374307730N07607428EA000000277904
B0902384307731N07607430EA000000277949
B0902394307733N07607433EA000000277815
B0902404307734N07607436EA000000277880
B0902414307736N07607438EA000000277852
B0902424307737N07607439EA000000277979
B0902434307738N07607440EA000000277958
B0902444307739N07607441EA000000277939
B0902454307740N07607444EA000000277870
B0902464307742N07607447EA000000277673
B0902474307744N07607450EA000000277518
B0902484307744N07607454EA000000277477
B0902494307745N07607458EA000000277400
B0902504307745N07607460EA000000277549
B0902514307746N07607463EA000000277523
B0902524307747N07607465EA000000277430
B0902534307748N07607466EA000000277398
B0902544307750N07607469EA000000277223
B0902554307751N07607472EA000000277230
B0902564307752N07607474EA000000277144
B0902574307753N07607476EA000000277197
B0902584307756N07607478EA000000276909
B0902594307760N07607479EA000000276705
B0903004307762N07607482EA000000276631
B0903014307763N07607485EA000000276596
B0903024307765N07607488EA000000276342
B0903034307767N07607491EA000000276231
B0903044307768N07607493EA000000276086
B0903054307770N07607496EA000000276039
B0903064307771N07607500EA000000275978
B0903074307772N07607504EA000000275858
B0903084307773N07607509EA000000275743
B0903094307775N07607511EA000000275626
B0903104307776N07607514EA000000275385
B0903114307778N07607517EA000000275264
B0903124307780N07607521EA000000275043
B0903134307781N07607525EA000000274892
B0903144307783N07607529EA000000274624
B0903154307784N07607533EA000000274442
B0903164307785N07607537EA000000274352
B0903174307787N07607540EA000000274147
B0903184307789N07607544EA000000274023
B0903194307791N07607548EA000000273910
B0903204307792N07607551EA000000273839
B0903214307794N07607554EA000000273736
B0903224307796N07607557EA000000273549
B0903234307799N07607559EA000000273326
B0903244307801N07607563EA000000273004
B0903254307802N07607567EA000000273014
B0903264307803N07607570EA000000272940
B0903274307804N07607572EA000000272844
B0903284307804N07607573EA000000272894
B0903294307804N07607574EA000000272892
B0903304307805N07607575EA000000272607
B0903314307805N07607577EA000000272350
B0903324307806N07607579EA000000271734
B0903334307807N07607582EA000000271137
B0903344307808N07607585EA000000271127
B0903354307808N07607588EA000000271171
B0903364307808N07607590EA000000271192
B0903374307808N07607592EA000000271096
B0903384307809N07607595EA000000270925
B0903394307809N07607599EA000000270790
B0903404307810N07607601EA000000270699
B0903414307812N07607604EA000000270502
B0903424307812N07607605EA000000270553
B0903434307812N07607606EA000000270562
B0903444307812N07607607EA000000270545
B0903454307812N07607610EA000000270320
B0903464307812N07607614EA000000269931
B0903474307813N07607618EA000000269685
B0903484307815N07607621EA000000269669
B0903494307816N07607624EA000000269710
B0903504307815N07607625EA000000270191
B0903514307815N07607626EA000000270266
B0903524307816N07607629EA000000270202
B0903534307817N07607632EA000000270033
B0903544307819N07607635EA000000269933
B0903554307821N07607637EA000000269943
B0903564307822N07607638EA000000270160
B0903574307823N07607638EA000000270279
B0903584307824N07607640EA000000270312
B0903594307824N07607642EA000000270375
B0904004307825N07607645EA000000270271
B0904014307826N07607648EA000000270190
B0904024307828N07607650EA000000270025
B0904034307829N07607652EA000000270263
B0904044307831N07607654EA000000270300
B0904054307832N07607655EA000000270405
B0904064307832N07607656EA000000270555
B0904074307832N07607658EA000000270465
B0904084307830N07607662EA000000270275
B0904094307831N07607667EA000000269805
B0904104307832N07607671EA000000269547
B0904114307834N07607674EA000000269462
B0904124307835N07607676EA000000269484
B0904134307836N07607679EA000000269447
B0904144307836N07607684EA000000269470
B0904154307836N07607687EA000000269399
B0904164307836N07607692EA000000269394
B0904174307836N07607695EA000000269389
B0904184307837N07607699EA000000269203
B0904194307837N07607702EA000000269149
B0904204307838N07607705EA000000269017
B0904214307838N07607708EA000000269091
B0904224307840N07607709EA000000268939
B0904234307841N07607712EA000000268774
B0904244307842N07607715EA000000268655
B0904254307843N07607718EA000000268525
B0904264307844N07607721EA000000268317
B0904274307845N07607724EA000000268310
B0904284307846N07607726EA000000268151
B0904294307848N07607728EA000000267943
B0904304307849N07607731EA000000267970
B0904314307851N07607734EA000000267733
B0904324307851N07607737EA000000267774
B0904334307853N07607739EA000000267636
B0904344307855N07607740EA000000267696
B0904354307858N07607743EA000000267343
B0904364307860N07607746EA000000267275
B0904374307862N07607750EA000000267172
B0904384307864N07607753EA000000267153
B0904394307866N07607756EA000000267173
B0904404307868N07607758EA000000267256
B0904414307870N07607760EA000000267364
B0904424307873N07607763EA000000267102
B0904434307876N07607765EA000000267129
B0904444307880N07607766EA000000267129
B0904454307883N07607766EA000000267187
B0904464307886N07607766EA000000267355
B0904474307888N07607767EA000000267461
B0904484307890N07607768EA000000267404
B0904494307891N07607769EA000000267579
B0904504307893N07607770EA000000267569
B0904514307895N07607771EA000000267633
B0904524307896N07607771EA000000267789
B0904534307898N07607773EA000000267835
B0904544307899N07607776EA000000267833
B0904554307900N07607779EA000000267804
B0904564307896N07607785EA000000267879
B0904574307895N07607790EA000000267850
B0904584307894N07607793EA000000267727
B0904594307892N07607797EA000000267798
B0905004307892N07607802EA000000267622
B0905014307892N07607806EA000000267518
B0905024307892N07607810EA000000267627
B0905034307891N07607813EA000000267797
B0905044307891N07607816EA000000267918
B0905054307890N07607819EA000000267938
B0905064307889N07607824EA000000267784
B0905074307890N07607830EA000000267312
B0905084307891N07607834EA000000267254
B0905094307892N07607838EA000000267122
B0905104307891N07607840EA000000267299
B0905114307891N07607843EA000000267433
B0905124307891N07607845EA000000267334
B0905134307891N07607849EA000000267087
B0905144307893N07607854EA000000266714
B0905154307894N07607858EA000000266444
B0905164307894N07607862EA000000266392
B0905174307895N07607865EA000000266302
B0905184307895N07607867EA000000266169
B0905194307896N07607869EA000000266081
B0905204307898N07607871EA000000265761
B0905214307901N07607872EA000000265429
B0905224307904N07607874EA000000265218
B0905234307906N07607877EA000000265177
B0905244307909N07607880EA000000265018
B0905254307911N07607882EA000000265099
B0905264307914N07607884EA000000265075
B0905274307916N07607886EA000000265134
B0905284307916N07607889EA000000265287
B0905294307917N07607892EA000000265127
B0905304307918N07607896EA000000265077
B0905314307921N07607898EA000000264992
B0905324307925N07607900EA000000264651
B0905334307928N07607901EA000000264616
B0905344307930N07607903EA000000264704
B0905354307931N07607905EA000000264719
B0905364307933N07607908EA000000264708
B0905374307935N07607911EA000000264779
B0905384307937N07607914EA000000264749
B0905394307937N07607919EA000000264763
B0905404307937N07607924EA000000264725
B0905414307938N07607929EA000000264641
B0905424307941N07607932EA000000264582
B0905434307946N07607931EA000000264475
B0905444307950N07607929EA000000264255
B0905454307953N07607926EA000000264336
B0905464307955N07607923EA000000264524
B0905474307957N07607919EA000000264535
B0905484307960N07607915EA000000264380
B0905494307964N07607909EA000000264075
B0905504307968N07607903EA000000263887
B0905514307971N07607898EA000000263775
B0905524307973N07607894EA000000263880
B0905534307975N07607889EA000000263919
B0905544307977N07607885EA000000263841
B0905554307980N07607879EA000000263627
B0905564307984N07607874EA000000263140
B0905574307989N07607869EA000000262741
B0905584307993N07607864EA000000262745
B0905594307996N07607858EA000000262924
B0906004307997N07607851EA000000263230
B0906014307998N07607844EA000000263180
B0906024308000N07607837EA000000263109
B0906034308002N07607831EA000000262995
B0906044308006N07607825EA000000262632
B0906054308010N07607819EA000000262466
B0906064308013N07607814EA000000262557
B0906074308015N07607810EA000000262774
B0906084308018N07607805EA000000262832
B0906094308021N07607798EA000000262786
B0906104308024N07607790EA000000262696
B0906114308027N07607782EA000000262303
B0906124308028N07607774EA000000262217
B0906134308028N07607767EA000000262127
B0906144308029N07607760EA000000262047
B0906154308031N07607753EA000000261890
B0906164308034N07607744EA000000261467
B0906174308037N07607736EA000000261105
B0906184308039N07607729EA000000261116
B0906194308041N07607724EA000000261022
B0906204308043N07607720EA000000260881
B0906214308047N07607714EA000000260345
B0906224308051N07607707EA000000259871
B0906234308055N07607698EA000000259315
B0906244308058N07607691EA000000259351
B0906254308060N07607685EA000000259486
B0906264308062N07607680EA000000259587
B0906274308064N07607675EA000000259456
B0906284308066N07607669EA000000259322
B0906294308068N07607661EA000000259106
B0906304308069N07607653EA000000258784
B0906314308071N07607644EA000000258779
B0906324308073N07607636EA000000258524
B0906334308074N07607627EA000000258305
B0906344308075N07607618EA000000257963
B0906354308077N07607609EA000000257654
B0906364308080N07607600EA000000257304
B0906374308082N07607592EA000000257100
B0906384308083N07607584EA000000257011
B0906394308084N07607576EA000000256917
B0906404308085N07607569EA000000256734
B0906414308087N07607561EA000000256415
B0906424308088N07607553EA000000256182
B0906434308090N07607544EA000000255916
B0906444308090N07607537EA000000255831
B0906454308090N07607530EA000000255841
B0906464308090N07607523EA000000255754
B0906474308090N07607516EA000000255492
B0906484308091N07607508EA000000255192
B0906494308093N07607500EA000000254823
B0906504308094N07607493EA000000254513
B0906514308095N07607486EA000000254334
B0906524308095N07607479EA000000254189
B0906534308096N07607473EA000000253964
B0906544308097N07607466EA000000253660
B0906554308098N07607458EA000000253498
B0906564308100N07607451EA000000253185
B0906574308103N07607445EA000000252800
B0906584308104N07607438EA000000252693
B0906594308106N07607431EA000000252478
B0907004308108N07607425EA000000252392
B0907014308111N07607418EA000000252065
B0907024308114N07607411EA000000251866
B0907034308117N07607404EA000000251522
B0907044308118N07607396EA000000251496
B0907054308120N07607389EA000000251369
B0907064308122N07607383EA000000251276
B0907074308125N07607376EA000000251059
B0907084308128N07607370EA000000250935
B0907094308130N07607363EA000000250896
B0907104308134N07607356EA000000250708
B0907114308137N07607350EA000000250603
B0907124308140N07607343EA000000250508
B0907134308142N07607337EA000000250483
B0907144308145N07607330EA000000250348
B0907154308147N07607323EA000000250137
B0907164308148N07607316EA000000250071
B0907174308149N07607308EA000000249904
B0907184308148N07607301EA000000249889
B0907194308148N07607296EA000000249792
B0907204308149N07607290EA000000249553
B0907214308150N07607284EA000000249386
B0907224308152N07607278EA000000249093
B0907234308155N07607272EA000000248704
B0907244308157N07607266EA000000248442
B0907254308159N07607259EA000000248358
B0907264308161N07607253EA000000248111
B0907274308162N07607245EA000000247949
B0907284308163N07607238EA000000247684
B0907294308165N07607231EA000000247422
B0907304308166N07607224EA000000247171
B0907314308168N07607217EA000000247050
B0907324308170N07607210EA000000246827
B0907334308171N07607204EA000000246792
B0907344308173N07607197EA000000246576
B0907354308175N07607191EA000000246257
B0907364308177N07607185EA000000246133
B0907374308178N07607179EA000000245992
B0907384308180N07607173EA000000245870
B0907394308182N07607167EA000000245570
B0907404308185N07607162EA000000245303
B0907414308187N07607156EA000000245146
B0907424308189N07607150EA000000244953
B0907434308191N07607144EA000000244887
B0907444308194N07607139EA000000244604
B0907454308196N07607134EA000000244434
B0907464308198N07607129EA000000244372
B0907474308201N07607123EA000000244138
B0907484308203N07607118EA000000243882
B0907494308206N07607112EA000000243666
B0907504308209N07607107EA000000243465
B0907514308212N07607102EA000000243256
B0907524308215N07607097EA000000243158
B0907534308218N07607092EA000000242969
B0907544308221N07607088EA000000242761
B0907554308224N07607083EA000000242671
B0907564308228N07607078EA000000242414
B0907574308230N07607074EA000000242371
B0907584308234N07607069EA000000242149
B0907594308237N07607066EA000000241982
B0908004308241N07607062EA000000241724
B0908014308243N07607058EA000000241684
B0908024308246N07607055EA000000241500
B0908034308247N07607052EA000000241363
B0908044308250N07607050EA000000241223
B0908054308254N07607049EA000000241048
B0908064308259N07607051EA000000240725
B0908074308263N07607055EA000000240444
B0908084308266N07607061EA000000240242
B0908094308268N07607067EA000000240128
B0908104308269N07607074EA000000239815
B0908114308270N07607081EA000000239612
B0908124308271N07607087EA000000239375
B0908134308274N07607094EA000000239013
B0908144308276N07607100EA000000238706
B0908154308277N07607106EA000000238429
B0908164308277N07607112EA000000238367
B0908174308277N07607118EA000000238167
B0908184308278N07607124EA000000237822
B0908194308279N07607130EA000000237229
B0908204308280N07607139EA000000236510
B0908214308280N07607147EA000000235908
B0908224308279N07607156EA000000235660
B0908234308279N07607163EA000000235395
B0908244308281N07607169EA000000234928
B0908254308282N07607176EA000000234486
B0908264308284N07607183EA000000233907
B0908274308284N07607191EA000000233454
B0908284308284N07607199EA000000232983
B0908294308285N07607206EA000000232565
B0908304308287N07607213EA000000232133
B0908314308289N07607220EA000000231773
B0908324308291N07607227EA000000231171
B0908334308293N07607234EA000000230575
B0908344308295N07607241EA000000230026
B0908354308297N07607247EA000000229729
B0908364308299N07607253EA000000229386
B0908374308303N07607259EA000000229005
B0908384308306N07607264EA000000228629
B0908394308309N07607269EA000000228288
B0908404308313N07607275EA000000227728
B0908414308316N07607281EA000000227333
B0908424308319N07607286EA000000227064
B0908434308322N07607291EA000000226774
B0908444308325N07607296EA000000226354
B0908454308328N07607300EA000000226124
B0908464308330N07607304EA000000225759
B0908474308333N07607309EA000000225546
B0908484308336N07607313EA000000225361
B0908494308339N07607315EA000000225219
B0908504308341N07607318EA000000225115
B0908514308343N07607321EA000000224909
B0908524308345N07607326EA000000224514
B0908534308347N07607331EA000000224149
B0908544308349N07607337EA000000223874
B0908554308351N07607341EA000000223848
B0908564308352N07607345EA000000223872
B0908574308354N07607348EA000000223732
B0908584308356N07607351EA000000223553
B0908594308359N07607354EA000000223182
B0909004308362N07607358EA000000222750
B0909014308364N07607361EA000000222414
B0909024308365N07607364EA000000222329
B0909034308365N07607368EA000000222177
B0909044308366N07607372EA000000222099
B0909054308369N07607377EA000000221910
B0909064308371N07607379EA000000221764
B0909074308373N07607383EA000000221602
B0909084308373N07607387EA000000221485
B0909094308374N07607391EA000000221343
B0909104308374N07607394EA000000221198
B0909114308375N07607397EA000000221119
B0909124308375N07607401EA000000221026
B0909134308375N07607405EA000000220822
B0909144308375N07607409EA000000220555
B0909154308376N07607414EA000000220313
B0909164308377N07607418EA000000220013
B0909174308377N07607421EA000000220070
B0909184308378N07607422EA000000219945
B0909194308379N07607424EA000000219817
B0909204308380N07607428EA000000219544
B0909214308382N07607433EA000000219134
B0909224308384N07607439EA000000218750
B0909234308387N07607444EA000000218601
B0909244308388N07607445EA000000218965
B0909254308389N07607446EA000000219221
B0909264308389N07607445EA000000219207
B0909274308389N07607446EA000000219158
B0909284308390N07607449EA000000218769
B0909294308392N07607454EA000000218316
B0909304308392N07607459EA000000218176
B0909314308392N07607463EA000000218135
B0909324308391N07607465EA000000218227
B0909334308390N07607467EA000000218245
B0909344308389N07607470EA000000218061
B0909354308389N07607474EA000000217621
B0909364308389N07607479EA000000217101
B0909374308389N07607483EA000000216809
B0909384308388N07607488EA000000216880
B0909394308388N07607490EA000000216829
B0909404308387N07607493EA000000216753
B0909414308387N07607496EA000000216502
B0909424308387N07607500EA000000216211
B0909434308387N07607504EA000000215966
B0909444308388N07607508EA000000215703
B0909454308388N07607511EA000000215624
B0909464308388N07607513EA000000215419
B0909474308388N07607516EA000000215266
B0909484308389N07607519EA000000214899
B0909494308392N07607522EA000000214504
B0909504308394N07607524EA000000214333
B0909514308396N07607525EA000000214145
B0909524308398N07607527EA000000213931
B0909534308399N07607530EA000000213661
B0909544308400N07607533EA000000213407
B0909554308400N07607537EA000000213307
B0909564308399N07607541EA000000213371
B0909574308399N07607543EA000000213282
B0909584308400N07607545EA000000213034
B0909594308401N07607546EA000000212836
B0910004308403N07607548EA000000212473
B0910014308406N07607550EA000000212242
B0910024308409N07607550EA000000212005
B0910034308410N07607552EA000000211823
B0910044308410N07607554EA000000211823
B0910054308410N07607557EA000000211325
B0910064308410N07607562EA000000210830
B0910074308411N07607566EA000000210388
B0910084308413N07607570EA000000209979
B0910094308415N07607574EA000000209638
B0910104308415N07607579EA000000209631
B0910114308414N07607582EA000000209679
B0910124308414N07607587EA000000209332
B0910134308414N07607592EA000000209025
B0910144308414N07607597EA000000208741
B0910154308415N07607601EA000000208525
B0910164308415N07607606EA000000208381
B0910174308416N07607610EA000000208138
B0910184308416N07607616EA000000207860
B0910194308416N07607620EA000000207676
B0910204308416N07607624EA000000207458
B0910214308416N07607628EA000000207358
B0910224308416N07607632EA000000207175
B0910234308416N07607635EA000000206989
B0910244308416N07607639EA000000206688
B0910254308416N07607643EA000000206486
B0910264308416N07607648EA000000206160
B0910274308416N07607652EA000000205943
B0910284308416N07607656EA000000205697
B0910294308417N07607660EA000000205413
B0910304308417N07607664EA000000205240
B0910314308418N07607668EA000000205032
B0910324308419N07607672EA000000204722
B0910334308419N07607676EA000000204373
B0910344308419N07607681EA000000203982
B0910354308419N07607686EA000000203522
B0910364308418N07607691EA000000203372
B0910374308417N07607695EA000000203087
B0910384308416N07607700EA000000202756
B0910394308415N07607705EA000000202425
B0910404308413N07607710EA000000202178
B0910414308412N07607715EA000000201781
B0910424308411N07607720EA000000201372
B0910434308411N07607725EA000000201021
B0910444308410N07607730EA000000200730
B0910454308409N07607735EA000000200460
B0910464308408N07607741EA000000200083
B0910474308408N07607748EA000000199591
B0910484308409N07607755EA000000199013
B0910494308409N07607762EA000000198631
B0910504308409N07607768EA000000198343
B0910514308409N07607773EA000000198228
B0910524308409N07607779EA000000198015
B0910534308409N07607785EA000000197718
B0910544308410N07607792EA000000197320
B0910554308412N07607798EA000000197052
B0910564308415N07607803EA000000196743
B0910574308417N07607807EA000000196567
B0910584308419N07607812EA000000196303
B0910594308419N07607817EA000000196258
B0911004308420N07607823EA000000195908
B0911014308420N07607829EA000000195698
B0911024308422N07607835EA000000195334
B0911034308423N07607841EA000000195087
B0911044308425N07607848EA000000195020
B0911054308425N07607854EA000000195035
B0911064308424N07607860EA000000195116
B0911074308422N07607865EA000000195248
B0911084308419N07607872EA000000195252
B0911094308415N07607878EA000000195373
B0911104308411N07607883EA000000195590
B0911114308408N07607886EA000000195622
B0911124308404N07607889EA000000195628
B0911134308400N07607894EA000000195489
B0911144308398N07607901EA000000195116
B0911154308396N07607908EA000000194793
B0911164308395N07607913EA000000194618
B0911174308392N07607918EA000000194753
B0911184308390N07607923EA000000194620
B0911194308387N07607929EA000000194443
B0911204308385N07607937EA000000194112
B0911214308383N07607945EA000000194011
B0911224308380N07607951EA000000194032
B0911234308377N07607955EA000000194307
B0911244308373N07607959EA000000194575
B0911254308370N07607963EA000000194783
B0911264308368N07607968EA000000194790
B0911274308368N07607973EA000000194661
B0911284308370N07607976EA000000194678
B0911294308374N07607975EA000000194798
B0911304308378N07607972EA000000194605
B0911314308378N07607964EA000000194798
B0911324308377N07607954EA000000194769
B0911334308373N07607946EA000000194797
B0911344308368N07607940EA000000194840
B0911354308362N07607936EA000000194903
B0911364308354N07607934EA000000194965
B0911374308347N07607933EA000000194907
B0911384308339N07607934EA000000194953
B0911394308333N07607936EA000000194929
B0911404308327N07607941EA000000194995
B0911414308323N07607946EA000000194938
B0911424308318N07607952EA000000194990
B0911434308313N07607957EA000000195061
B0911444308307N07607962EA000000195060
B0911454308301N07607966EA000000195286
B0911464308296N07607971EA000000195393
B0911474308292N07607976EA000000195575
B0911484308289N07607981EA000000195623
B0911494308285N07607985EA000000195789
B0911504308282N07607990EA000000195786
B0911514308280N07607996EA000000195655
B0911524308278N07608003EA000000195475
B0911534308277N07608009EA000000195218
B0911544308274N07608015EA000000195184
B0911554308272N07608020EA000000195251
B0911564308269N07608024EA000000195289
B0911574308267N07608029EA000000195209
B0911584308263N07608034EA000000195269
B0911594308260N07608040EA000000195224
B0912004308256N07608046EA000000195260
B0912014308254N07608050EA000000195405
B0912024308252N07608054EA000000195636
B0912034308251N07608058EA000000195809
B0912044308250N07608063EA000000195835
B0912054308249N07608068EA000000195878
B0912064308250N07608073EA000000195752
B0912074308251N07608076EA000000195785
B0912084308252N07608079EA000000195684
B0912094308252N07608083EA000000195634
B0912104308249N07608088EA000000195592
B0912114308246N07608092EA000000195387
B0912124308243N07608096EA000000195289
B0912134308242N07608100EA000000195421
B0912144308241N07608103EA000000195581
B0912154308241N07608106EA000000195622
B0912164308239N07608109EA000000195657
B0912174308236N07608114EA000000195680
B0912184308234N07608118EA000000195677
B0912194308232N07608122EA000000195838
B0912204308229N07608125EA000000196047
B0912214308225N07608127EA000000196281
B0912224308221N07608127EA000000196458
B0912234308216N07608128EA000000196412
B0912244308209N07608127EA000000196370
B0912254308202N07608123EA000000196111
B0912264308195N07608115EA000000195952
B0912274308189N07608105EA000000195976
B0912284308186N07608094EA000000195834
B0912294308184N07608083EA000000195885
B0912304308190N07608075EA000000195916
B0912314308193N07608068EA000000195847
B0912324308196N07608063EA000000196056
B0912334308200N07608060EA000000196173
B0912344308203N07608058EA000000196397
B0912354308207N07608058EA000000196232
B0912364308210N07608059EA000000196105
B0912374308210N07608062EA000000196191
B0912384308210N07608064EA000000196212
B0912394308208N07608066EA000000196350
B0912404308207N07608068EA000000196334
B0912414308206N07608071EA000000196285
B0912424308207N07608074EA000000196235
B0912434308207N07608077EA000000196088
B0912444308204N07608082EA000000195961
B0912454308203N07608086EA000000195826
B0912464308202N07608091EA000000195723
B0912474308201N07608095EA000000195779
B0912484308201N07608099EA000000195643
B0912494308201N07608101EA000000195729
B0912504308200N07608104EA000000195767
B0912514308200N07608108EA000000195565
B0912524308200N07608113EA000000195350
B0912534308200N07608117EA000000195187
B0912544308201N07608121EA000000195039
B0912554308201N07608125EA000000195026
B0912564308201N07608129EA000000194902
B0912574308200N07608132EA000000194877
B0912584308200N07608136EA000000194731
B0912594308200N07608140EA000000194572
B0913004308201N07608145EA000000194431
B0913014308201N07608151EA000000194331
B0913024308200N07608156EA000000194345
B0913034308199N07608162EA000000194241
B0913044308198N07608167EA000000194268
B0913054308198N07608172EA000000194229
B0913064308197N07608178EA000000194175
B0913074308197N07608183EA000000194146
B0913084308196N07608189EA000000194018
B0913094308194N07608196EA000000194048
B0913104308193N07608202EA000000194007
B0913114308191N07608207EA000000194079
B0913124308190N07608213EA000000194161
B0913134308188N07608219EA000000194181
B0913144308186N07608225EA000000194181
B0913154308184N07608231EA000000194199
B0913164308183N07608237EA000000194205
B0913174308181N07608241EA000000194526
B0913184308179N07608245EA000000195080
B0913194308178N07608247EA000000195479
B0913204308177N07608251EA000000195753
B0913214308175N07608255EA000000195820
B0913224308170N07608258EA000000195983
B0913234308164N07608259EA000000196006
B0913244308157N07608259EA000000196123
B0913254308150N07608253EA000000196159
B0913264308144N07608247EA000000196202
B0913274308139N07608237EA000000196124
B0913284308140N07608224EA000000196315
B0913294308141N07608215EA000000196580
B0913304308143N07608208EA000000196843
B0913314308144N07608203EA000000197155
B0913324308145N07608200EA000000197561
B0913334308148N07608197EA000000197702
B0913344308150N07608196EA000000197970
B0913354308153N07608197EA000000198064
B0913364308155N07608201EA000000198182
B0913374308155N07608206EA000000198275
B0913384308152N07608211EA000000198468
B0913394308147N07608214EA000000198727
B0913404308140N07608214EA000000198889
B0913414308133N07608214EA000000198842
B0913424308125N07608212EA000000199069
B0913434308118N07608210EA000000199495
B0913444308113N07608207EA000000199922
B0913454308108N07608202EA000000200253
B0913464308103N07608195EA000000200348
B0913474308097N07608188EA000000200383
B0913484308093N07608179EA000000200319
B0913494308091N07608170EA000000200379
B0913504308091N07608163EA000000200431
B0913514308096N07608161EA000000200540
B0913524308100N07608162EA000000200560
B0913534308103N07608164EA000000200609
B0913544308103N07608168EA000000200940
B0913554308102N07608172EA000000201066
B0913564308101N07608176EA000000201389
B0913574308099N07608181EA000000201599
B0913584308095N07608186EA000000201628
B0913594308087N07608189EA000000201699
B0914004308080N07608191EA000000201765
B0914014308074N07608187EA000000201701
B0914024308069N07608180EA000000201608
B0914034308067N07608171EA000000201739
B0914044308067N07608163EA000000201821
B0914054308068N07608156EA000000202000
B0914064308069N07608151EA000000202230
B0914074308071N07608147EA000000202412
B0914084308073N07608144EA000000202559
B0914094308076N07608144EA000000202634
B0914104308079N07608145EA000000202755
B0914114308081N07608149EA000000202896
B0914124308082N07608154EA000000203145
B0914134308081N07608160EA000000203157
B0914144308079N07608166EA000000203384
B0914154308078N07608172EA000000203420
B0914164308076N07608178EA000000203620
B0914174308073N07608183EA000000203775
B0914184308070N07608188EA000000203975
B0914194308068N07608193EA000000204265
B0914204308068N07608198EA000000204541
B0914214308070N07608201EA000000204734
B0914224308074N07608201EA000000204807
B0914234308078N07608198EA000000204939
B0914244308081N07608193EA000000205063
B0914254308082N07608185EA000000205344
B0914264308080N07608177EA000000205560
B0914274308076N07608169EA000000205847
B0914284308070N07608164EA000000206054
B0914294308063N07608161EA000000206291
B0914304308056N07608160EA000000206392
B0914314308050N07608161EA000000206517
B0914324308043N07608166EA000000206680
B0914334308039N07608172EA000000206844
B0914344308036N07608179EA000000206962
B0914354308037N07608185EA000000207022
B0914364308040N07608188EA000000207217
B0914374308044N07608188EA000000207459
B0914384308048N07608185EA000000207565
B0914394308051N07608179EA000000207916
B0914404308051N07608173EA000000208320
B0914414308048N07608165EA000000208563
B0914424308044N07608157EA000000208529
B0914434308039N07608151EA000000208614
B0914444308033N07608147EA000000208712
B0914454308026N07608146EA000000208911
B0914464308019N07608148EA000000209024
B0914474308013N07608153EA000000209040
B0914484308010N07608159EA000000209203
B0914494308009N07608164EA000000209467
B0914504308011N07608168EA000000209658
B0914514308015N07608169EA000000209698
B0914524308020N07608167EA000000209648
B0914534308024N07608162EA000000209836
B0914544308026N07608154EA000000210148
B0914554308025N07608145EA000000210379
B0914564308023N07608137EA000000210627
B0914574308018N07608130EA000000210866
B0914584308013N07608125EA000000211102
B0914594308006N07608121EA000000211398
B0915004307999N07608120EA000000211498
B0915014307993N07608122EA000000211508
B0915024307987N07608127EA000000211674
B0915034307985N07608133EA000000211817
B0915044307985N07608139EA000000211905
B0915054307987N07608143EA000000212128
B0915064307990N07608145EA000000212284
B0915074307994N07608143EA000000212372
B0915084307997N07608138EA000000212496
B0915094307999N07608131EA000000212752
B0915104307998N07608122EA000000212965
B0915114307996N07608113EA000000213214
B0915124307991N07608104EA000000213368
B0915134307985N07608098EA000000213749
B0915144307978N07608095EA000000214194
B0915154307971N07608095EA000000214445
B0915164307964N07608098EA000000214784
B0915174307959N07608103EA000000214844
B0915184307956N07608110EA000000215180
B0915194307956N07608116EA000000215363
B0915204307959N07608120EA000000215513
B0915214307963N07608121EA000000215620
B0915224307967N07608117EA000000215880
B0915234307970N07608110EA000000215999
B0915244307971N07608102EA000000216175
B0915254307969N07608093EA000000216308
B0915264307964N07608086EA000000216532
B0915274307956N07608081EA000000216695
B0915284307948N07608081EA000000216889
B0915294307942N07608086EA000000217057
B0915304307940N07608094EA000000217633
B0915314307941N07608100EA000000217756
B0915324307945N07608103EA000000217973
B0915334307950N07608102EA000000218235
B0915344307954N07608099EA000000218607
B0915354307956N07608095EA000000219344
B0915364307957N07608089EA000000219728
B0915374307956N07608082EA000000220067
B0915384307954N07608074EA000000220121
B0915394307949N07608066EA000000220260
B0915404307942N07608061EA000000220445
B0915414307935N07608062EA000000220630
B0915424307929N07608066EA000000220837
B0915434307925N07608073EA000000221148
B0915444307924N07608080EA000000221446
B0915454307925N07608085EA000000222193
B0915464307928N07608087EA000000222732
B0915474307930N07608087EA000000223290
B0915484307934N07608085EA000000223706
B0915494307937N07608083EA000000224139
B0915504307941N07608080EA000000224411
B0915514307944N07608073EA000000224538
B0915524307945N07608063EA000000224723
B0915534307942N07608052EA000000224859
B0915544307935N07608044EA000000225098
B0915554307927N07608042EA000000225040
B0915564307919N07608045EA000000225164
B0915574307915N07608051EA000000225445
B0915584307915N07608058EA000000225733
B0915594307918N07608062EA000000226067
B0916004307922N07608063EA000000226270
B0916014307928N07608057EA000000226419
B0916024307930N07608048EA000000226884
B0916034307930N07608038EA000000227294
B0916044307928N07608028EA000000227729
B0916054307923N07608021EA000000227912
B0916064307916N07608015EA000000228233
B0916074307908N07608012EA000000228584
B0916084307901N07608013EA000000228830
B0916094307894N07608016EA000000229133
B0916104307890N07608021EA000000229409
B0916114307888N07608027EA000000229826
B0916124307890N07608032EA000000230033
B0916134307892N07608036EA000000230264
B0916144307896N07608034EA000000230459
B0916154307903N07608026EA000000230407
B0916164307905N07608017EA000000230304
B0916174307903N07608004EA000000230392
B0916184307895N07607996EA000000230487
B0916194307883N07607993EA000000230363
B0916204307875N07607997EA000000230483
B0916214307872N07608005EA000000230600
B0916224307868N07608009EA000000231292
B0916234307867N07608014EA000000231896
B0916244307868N07608019EA000000232123
B0916254307870N07608022EA000000232459
B0916264307874N07608023EA000000232935
B0916274307878N07608019EA000000233117
B0916284307881N07608012EA000000233421
B0916294307881N07608001EA000000233600
B0916304307876N07607990EA000000233824
B0916314307868N07607984EA000000234137
B0916324307859N07607986EA000000234245
B0916334307852N07607989EA000000234409
B0916344307848N07607996EA000000234938
B0916354307847N07608002EA000000235575
B0916364307848N07608006EA000000236116
B0916374307849N07608009EA000000236524
B0916384307851N07608011EA000000237039
B0916394307854N07608013EA000000237252
B0916404307857N07608012EA000000237483
B0916414307860N07608008EA000000237698
B0916424307863N07608002EA000000237840
B0916434307864N07607992EA000000237831
B0916444307862N07607981EA000000238062
B0916454307858N07607971EA000000238218
B0916464307851N07607964EA000000238473
B0916474307843N07607961EA000000238758
B0916484307836N07607964EA000000239043
B0916494307832N07607969EA000000239213
B0916504307830N07607974EA000000239552
B0916514307831N07607977EA000000239877
B0916524307835N07607979EA000000240118
B0916534307838N07607978EA000000240481
B0916544307841N07607973EA000000240789
B0916554307844N07607967EA000000240922
B0916564307846N07607959EA000000241018
B0916574307847N07607951EA000000241243
B0916584307847N07607941EA000000241407
B0916594307843N07607932EA000000241890
B0917004307837N07607924EA000000241956
B0917014307828N07607921EA000000241963
B0917024307820N07607920EA000000242178
B0917034307814N07607923EA000000242494
B0917044307810N07607927EA000000242976
B0917054307808N07607932EA000000243251
B0917064307808N07607936EA000000243417
B0917074307809N07607940EA000000243799
B0917084307813N07607941EA000000244046
B0917094307816N07607938EA000000244395
B0917104307820N07607933EA000000244561
B0917114307824N07607926EA000000244516
B0917124307826N07607919EA000000244694
B0917134307828N07607910EA000000245045
B0917144307826N07607900EA000000245299
B0917154307821N07607891EA000000245399
B0917164307814N07607885EA000000245341
B0917174307806N07607881EA000000245319
B0917184307799N07607882EA000000245703
B0917194307792N07607884EA000000246095
B0917204307788N07607889EA000000246272
B0917214307785N07607894EA000000246469
B0917224307784N07607900EA000000246764
B0917234307785N07607904EA000000247066
B0917244307788N07607907EA000000247320
B0917254307791N07607907EA000000247499
B0917264307795N07607907EA000000247683
B0917274307799N07607904EA000000247850
B0917284307802N07607897EA000000248157
B0917294307803N07607888EA000000248280
B0917304307802N07607876EA000000248287
B0917314307799N07607866EA000000248316
B0917324307792N07607859EA000000248587
B0917334307786N07607856EA000000248732
B0917344307779N07607855EA000000248941
B0917354307772N07607854EA000000249278
B0917364307766N07607855EA000000249436
B0917374307760N07607858EA000000249792
B0917384307757N07607863EA000000249920
B0917394307755N07607869EA000000249974
B0917404307756N07607874EA000000250151
B0917414307758N07607876EA000000250571
B0917424307761N07607876EA000000250942
B0917434307763N07607876EA000000251080
B0917444307766N07607876EA000000251289
B0917454307770N07607878EA000000251386
B0917464307775N07607880EA000000251403
B0917474307779N07607880EA000000251715
B0917484307782N07607880EA000000252281
B0917494307785N07607879EA000000252655
B0917504307788N07607879EA000000253051
B0917514307791N07607879EA000000253282
B0917524307794N07607879EA000000253580
B0917534307798N07607878EA000000253726
B0917544307801N07607878EA000000253991
B0917554307805N07607878EA000000254091
B0917564307809N07607879EA000000254191
B0917574307814N07607880EA000000254251
B0917584307818N07607880EA000000254405
B0917594307821N07607880EA000000254836
B0918004307824N07607880EA000000255131
B0918014307828N07607879EA000000255307
B0918024307831N07607879EA000000255452
B0918034307835N07607878EA000000255648
B0918044307839N07607878EA000000255813
B0918054307842N07607877EA000000256068
B0918064307845N07607878EA000000256283
B0918074307849N07607880EA000000256455
B0918084307853N07607883EA000000256589
B0918094307858N07607886EA000000256838
B0918104307862N07607887EA000000257248
B0918114307866N07607886EA000000257820
B0918124307870N07607881EA000000258210
B0918134307873N07607872EA000000258205
B0918144307873N07607861EA000000258397
B0918154307872N07607850EA000000258527
B0918164307867N07607841EA000000258728
B0918174307860N07607836EA000000258857
B0918184307853N07607837EA000000258844
B0918194307847N07607841EA000000259072
B0918204307845N07607846EA000000259523
B0918214307843N07607851EA000000260072
B0918224307845N07607854EA000000260456
B0918234307848N07607856EA000000260859
B0918244307852N07607856EA000000261107
B0918254307856N07607851EA000000261445
B0918264307859N07607843EA000000261673
B0918274307860N07607833EA000000261993
B0918284307859N07607822EA000000262278
B0918294307855N07607813EA000000262697
B0918304307850N07607807EA000000262822
B0918314307842N07607804EA000000263081
B0918324307836N07607803EA000000263303
B0918334307831N07607805EA000000263722
B0918344307827N07607809EA000000264141
B0918354307826N07607813EA000000264505
B0918364307826N07607818EA000000264832
B0918374307828N07607822EA000000265090
B0918384307832N07607823EA000000265247
B0918394307836N07607822EA000000265690
B0918404307840N07607817EA000000266099
B0918414307844N07607810EA000000266417
B0918424307845N07607800EA000000266768
B0918434307845N07607789EA000000267007
B0918444307842N07607780EA000000267342
B0918454307837N07607772EA000000267665
B0918464307831N07607767EA000000267880
B0918474307825N07607764EA000000267910
B0918484307818N07607762EA000000268359
B0918494307813N07607763EA000000268728
B0918504307808N07607766EA000000269182
B0918514307806N07607770EA000000269403
B0918524307804N07607775EA000000269630
B0918534307804N07607779EA000000269986
B0918544307807N07607783EA000000270103
B0918554307811N07607784EA000000270319
B0918564307815N07607784EA000000270467
B0918574307819N07607781EA000000270793
B0918584307823N07607774EA000000271057
B0918594307825N07607765EA000000271275
B0919004307824N07607755EA000000271590
B0919014307821N07607745EA000000271861
B0919024307816N07607736EA000000271918
B0919034307809N07607732EA000000272246
B0919044307803N07607732EA000000272408
B0919054307798N07607736EA000000272722
B0919064307795N07607741EA000000272930
B0919074307794N07607746EA000000273156
B0919084307795N07607751EA000000273443
B0919094307797N07607755EA000000273672
B0919104307801N07607758EA000000274031
B0919114307804N07607760EA000000274370
B0919124307808N07607761EA000000274728
B0919134307811N07607762EA000000275165
B0919144307815N07607763EA000000275470
B0919154307819N07607762EA000000275791
B0919164307824N07607759EA000000276014
B0919174307827N07607753EA000000276451
B0919184307828N07607742EA000000276729
B0919194307826N07607731EA000000276916
B0919204307821N07607722EA000000277202
B0919214307815N07607717EA000000277663
B0919224307809N07607717EA000000278153
B0919234307804N07607719EA000000278469
B0919244307800N07607723EA000000278645
B0919254307798N07607727EA000000279004
B0919264307797N07607731EA000000279528
B0919274307799N07607735EA000000279709
B0919284307803N07607737EA000000279949
B0919294307809N07607735EA000000280108
B0919304307813N07607730EA000000280460
B0919314307815N07607719EA000000280748
B0919324307815N07607709EA000000281204
B0919334307812N07607700EA000000281715
B0919344307807N07607694EA000000282161
B0919354307802N07607689EA000000282592
B0919364307797N07607686EA000000282833
B0919374307791N07607686EA000000283070
B0919384307786N07607688EA000000283286
B0919394307783N07607694EA000000283392
B0919404307784N07607700EA000000283502
B0919414307787N07607704EA000000283721
B0919424307792N07607703EA000000283997
B0919434307798N07607699EA000000284170
B0919444307803N07607691EA000000284405
B0919454307805N07607683EA000000284955
B0919464307805N07607675EA000000285467
B0919474307803N07607667EA000000285859
B0919484307800N07607660EA000000286042
B0919494307796N07607653EA000000286120
B0919504307791N07607648EA000000286300
B0919514307784N07607646EA000000286454
B0919524307778N07607648EA000000286599
B0919534307775N07607654EA000000286675
B0919544307775N07607660EA000000286734
B0919554307778N07607665EA000000286997
B0919564307784N07607667EA000000287053
B0919574307790N07607664EA000000287337
B0919584307794N07607659EA000000287675
B0919594307797N07607653EA000000287951
B0920004307799N07607644EA000000288409
B0920014307799N07607636EA000000288635
B0920024307797N07607628EA000000288863
B0920034307794N07607620EA000000288916
B0920044307788N07607615EA000000289172
B0920054307782N07607613EA000000289225
B0920064307776N07607615EA000000289477
B0920074307772N07607620EA000000289582
B0920084307771N07607625EA000000289769
B0920094307772N07607631EA000000289956
B0920104307775N07607636EA000000290151
B0920114307779N07607638EA000000290439
B0920124307783N07607639EA000000290777
B0920134307788N07607638EA000000291241
B0920144307793N07607633EA000000291506
B0920154307797N07607627EA000000291612
B0920164307800N07607619EA000000291811
B0920174307800N07607610EA000000292012
B0920184307796N07607602EA000000292161
B0920194307790N07607597EA000000292251
B0920204307784N07607596EA000000292311
B0920214307779N07607599EA000000292432
B0920224307777N07607604EA000000292707
B0920234307776N07607610EA000000292978
B0920244307778N07607617EA000000293152
B0920254307781N07607622EA000000293372
B0920264307786N07607624EA000000293702
B0920274307791N07607622EA000000294173
B0920284307797N07607616EA000000294221
B0920294307800N07607607EA000000294352
B0920304307800N07607598EA000000294480
B0920314307798N07607589EA000000294758
B0920324307793N07607583EA000000295099
B0920334307788N07607580EA000000295245
B0920344307782N07607579EA000000295334
B0920354307777N07607580EA000000295527
B0920364307773N07607583EA000000295841
B0920374307770N07607587EA000000296072
B0920384307770N07607593EA000000296100
B0920394307771N07607598EA000000296228
B0920404307773N07607603EA000000296497
B0920414307777N07607605EA000000296867
B0920424307782N07607604EA000000297317
B0920434307786N07607600EA000000297723
B0920444307789N07607594EA000000298050
B0920454307791N07607586EA000000298427
B0920464307791N07607578EA000000298736
B0920474307789N07607570EA000000298977
B0920484307786N07607563EA000000299126
B0920494307781N07607558EA000000299257
B0920504307775N07607557EA000000299213
B0920514307769N07607560EA000000299333
B0920524307765N07607565EA000000299249
B0920534307764N07607573EA000000299510
B0920544307765N07607578EA000000299829
B0920554307767N07607581EA000000300299
B0920564307771N07607583EA000000300600
B0920574307775N07607581EA000000300944
B0920584307779N07607578EA000000301164
B0920594307783N07607572EA000000301253
B0921004307785N07607563EA000000301395
B0921014307784N07607554EA000000301491
B0921024307780N07607545EA000000301683
B0921034307774N07607539EA000000301728
B0921044307766N07607538EA000000301979
B0921054307760N07607541EA000000302192
B0921064307756N07607545EA000000302364
B0921074307753N07607551EA000000302650
B0921084307752N07607556EA000000302805
B0921094307751N07607562EA000000303190
B0921104307753N07607566EA000000303492
B0921114307757N07607568EA000000303789
B0921124307762N07607568EA000000303931
B0921134307767N07607563EA000000304023
B0921144307769N07607555EA000000304280
B0921154307770N07607545EA000000304405
B0921164307767N07607537EA000000304710
B0921174307762N07607530EA000000304966
B0921184307756N07607526EA000000305294
B0921194307750N07607524EA000000305496
B0921204307744N07607524EA000000305688
B0921214307739N07607527EA000000305832
B0921224307734N07607531EA000000306070
B0921234307731N07607536EA000000306175
B0921244307730N07607542EA000000306398
B0921254307732N07607549EA000000306580
B0921264307737N07607552EA000000306634
B0921274307742N07607552EA000000306903
B0921284307746N07607548EA000000307245
B0921294307749N07607542EA000000307434
B0921304307751N07607535EA000000307682
B0921314307753N07607527EA000000307916
B0921324307753N07607519EA000000308208
B0921334307750N07607512EA000000308381
B0921344307746N07607505EA000000308400
B0921354307739N07607500EA000000308482
B0921364307732N07607499EA000000308439
B0921374307726N07607503EA000000308551
B0921384307723N07607508EA000000308607
B0921394307721N07607515EA000000308782
B0921404307722N07607521EA000000308915
B0921414307723N07607526EA000000309266
B0921424307726N07607529EA000000309538
B0921434307730N07607531EA000000309735
B0921444307735N07607531EA000000309930
B0921454307740N07607528EA000000310045
B0921464307744N07607523EA000000310217
B0921474307745N07607516EA000000310374
B0921484307745N07607507EA000000310617
B0921494307741N07607499EA000000310646
B0921504307736N07607493EA000000310783
B0921514307731N07607489EA000000310958
B0921524307725N07607488EA000000311267
B0921534307719N07607489EA000000311326
B0921544307713N07607493EA000000311433
B0921554307708N07607499EA000000311570
B0921564307705N07607505EA000000311657
B0921574307704N07607512EA000000311879
B0921584307706N07607519EA000000312031
B0921594307709N07607523EA000000312260
B0922004307714N07607524EA000000312302
B0922014307718N07607522EA000000312583
B0922024307722N07607517EA000000312671
B0922034307724N07607508EA000000312655
B0922044307722N07607500EA000000312681
B0922054307718N07607493EA000000312826
B0922064307712N07607489EA000000312928
B0922074307705N07607487EA000000313057
B0922084307698N07607487EA000000313193
B0922094307692N07607489EA000000313330
B0922104307686N07607493EA000000313483
B0922114307682N07607499EA000000313693
B0922124307681N07607506EA000000313703
B0922134307681N07607513EA000000313801
B0922144307683N07607518EA000000313926
B0922154307686N07607521EA000000314197
B0922164307691N07607522EA000000314263
B0922174307696N07607520EA000000314424
B0922184307699N07607515EA000000314526
B0922194307700N07607509EA000000314700
B0922204307698N07607501EA000000314812
B0922214307693N07607495EA000000314891
B0922224307688N07607489EA000000314805
B0922234307680N07607486EA000000314876
B0922244307672N07607486EA000000314885
B0922254307666N07607489EA000000314947
B0922264307661N07607495EA000000315042
B0922274307658N07607501EA000000315259
B0922284307656N07607508EA000000315484
B0922294307656N07607514EA000000315603
B0922304307656N07607519EA000000315874
B0922314307658N07607524EA000000316000
B0922324307660N07607527EA000000316194
B0922334307664N07607529EA000000316299
B0922344307668N07607531EA000000316372
B0922354307672N07607531EA000000316514
B0922364307675N07607529EA000000316651
B0922374307678N07607524EA000000316639
B0922384307680N07607517EA000000316536
B0922394307679N07607508EA000000316495
B0922404307676N07607499EA000000316364
B0922414307670N07607492EA000000316597
B0922424307664N07607489EA000000316507
B0922434307656N07607491EA000000316423
B0922444307649N07607495EA000000316547
B0922454307645N07607501EA000000316709
B0922464307643N07607509EA000000316903
B0922474307643N07607516EA000000317042
B0922484307645N07607522EA000000317124
B0922494307647N07607527EA000000317218
B0922504307648N07607533EA000000317383
B0922514307650N07607538EA000000317327
B0922524307651N07607544EA000000317338
B0922534307652N07607551EA000000317491
B0922544307654N07607556EA000000317594
B0922554307658N07607560EA000000317512
B0922564307660N07607564EA000000317597
B0922574307663N07607569EA000000317538
B0922584307664N07607575EA000000317519
B0922594307664N07607583EA000000317528
B0923004307664N07607591EA000000317644
B0923014307665N07607598EA000000317713
B0923024307666N07607604EA000000317926
B0923034307667N07607610EA000000318109
B0923044307668N07607616EA000000318304
B0923054307670N07607621EA000000318517
B0923064307673N07607625EA000000318605
B0923074307677N07607625EA000000318752
B0923084307681N07607620EA000000318767
B0923094307683N07607613EA000000318860
B0923104307682N07607603EA000000319019
B0923114307677N07607596EA000000319156
B0923124307671N07607591EA000000319239
B0923134307663N07607591EA000000319182
B0923144307657N07607592EA000000319202
B0923154307650N07607594EA000000319479
B0923164307645N07607598EA000000319649
B0923174307641N07607603EA000000319838
B0923184307638N07607610EA000000319965
B0923194307637N07607618EA000000320091
B0923204307639N07607624EA000000320146
B0923214307642N07607629EA000000320267
B0923224307645N07607633EA000000320598
B0923234307648N07607638EA000000320920
B0923244307649N07607643EA000000321376
B0923254307650N07607650EA000000321481
B0923264307652N07607657EA000000321613
B0923274307653N07607664EA000000321887
B0923284307655N07607671EA000000322027
B0923294307656N07607678EA000000322412
B0923304307656N07607684EA000000322735
B0923314307656N07607689EA000000323128
B0923324307656N07607694EA000000323327
B0923334307657N07607699EA000000323406
B0923344307659N07607704EA000000323481
B0923354307664N07607706EA000000323391
B0923364307670N07607704EA000000323291
B0923374307675N07607700EA000000323265
B0923384307679N07607698EA000000323627
B0923394307682N07607699EA000000324147
B0923404307686N07607701EA000000324325
B0923414307691N07607702EA000000324301
B0923424307696N07607700EA000000324314
B0923434307700N07607700EA000000324417
B0923444307702N07607703EA000000324796
B0923454307703N07607710EA000000324783
B0923464307702N07607717EA000000324768
B0923474307700N07607724EA000000324659
B0923484307699N07607730EA000000324608
B0923494307698N07607736EA000000324743
B0923504307698N07607742EA000000324647
B0923514307698N07607750EA000000324560
B0923524307698N07607758EA000000324450
B0923534307698N07607765EA000000324359
B0923544307698N07607773EA000000324394
B0923554307699N07607780EA000000324401
B0923564307699N07607786EA000000324505
B0923574307699N07607793EA000000324527
B0923584307699N07607801EA000000324453
B0923594307700N07607809EA000000324326
B0924004307701N07607817EA000000324325
B0924014307702N07607824EA000000324327
B0924024307703N07607831EA000000324467
B0924034307705N07607839EA000000324503
B0924044307705N07607847EA000000324591
B0924054307706N07607855EA000000324424
B0924064307706N07607863EA000000324696
B0924074307707N07607870EA000000324859
B0924084307707N07607877EA000000325064
B0924094307708N07607884EA000000325213
B0924104307708N07607891EA000000325459
B0924114307708N07607900EA000000325495
B0924124307708N07607909EA000000325571
B0924134307707N07607916EA000000325795
B0924144307706N07607923EA000000326092
B0924154307706N07607929EA000000326373
B0924164307707N07607936EA000000326422
B0924174307708N07607944EA000000326480
B0924184307710N07607952EA000000326463
B0924194307712N07607960EA000000326428
B0924204307712N07607969EA000000326681
B0924214307712N07607977EA000000326761
B0924224307711N07607984EA000000326967
B0924234307711N07607992EA000000326925
B0924244307711N07607999EA000000327009
B0924254307711N07608007EA000000327043
B0924264307711N07608014EA000000327094
B0924274307712N07608020EA000000327235
B0924284307712N07608026EA000000327344
B0924294307712N07608033EA000000327330
B0924304307711N07608040EA000000327366
B0924314307710N07608047EA000000327377
B0924324307710N07608054EA000000327214
B0924334307709N07608060EA000000327236
B0924344307708N07608066EA000000327179
B0924354307708N07608073EA000000327016
B0924364307707N07608081EA000000326863
B0924374307706N07608089EA000000326744
B0924384307704N07608097EA000000326683
B0924394307703N07608104EA000000326653
B0924404307702N07608110EA000000326737
B0924414307700N07608117EA000000326792
B0924424307699N07608124EA000000326653
B0924434307697N07608131EA000000326482
B0924444307696N07608136EA000000326378
B0924454307695N07608141EA000000326397
B0924464307695N07608146EA000000326363
B0924474307696N07608151EA000000326215
B0924484307696N07608157EA000000325977
B0924494307697N07608164EA000000325735
B0924504307697N07608170EA000000325739
B0924514307697N07608177EA000000325638
B0924524307697N07608184EA000000325477
B0924534307698N07608190EA000000325378
B0924544307699N07608196EA000000325242
B0924554307699N07608201EA000000325093
B0924564307700N07608206EA000000324869
B0924574307702N07608212EA000000324719
B0924584307703N07608219EA000000324493
B0924594307707N07608224EA000000324104
B0925004307708N07608229EA000000323885
B0925014307709N07608234EA000000323786
B0925024307710N07608240EA000000323721
B0925034307710N07608246EA000000323462
B0925044307711N07608252EA000000323191
B0925054307713N07608257EA000000322865
B0925064307715N07608262EA000000322582
B0925074307717N07608267EA000000322273
B0925084307719N07608272EA000000321944
B0925094307721N07608277EA000000321657
B0925104307723N07608283EA000000321351
B0925114307725N07608288EA000000321098
B0925124307728N07608294EA000000320820
B0925134307730N07608298EA000000320673
B0925144307733N07608302EA000000320481
B0925154307736N07608306EA000000320140
B0925164307738N07608310EA000000319957
B0925174307740N07608315EA000000319767
B0925184307742N07608320EA000000319494
B0925194307745N07608325EA000000319121
B0925204307747N07608329EA000000318988
B0925214307750N07608334EA000000318625
B0925224307752N07608339EA000000318416
B0925234307754N07608344EA000000318079
B0925244307757N07608349EA000000317777
B0925254307761N07608353EA000000317549
B0925264307764N07608358EA000000317180
B0925274307767N07608362EA000000316855
B0925284307770N07608366EA000000316749
B0925294307773N07608370EA000000316577
B0925304307777N07608374EA000000316521
B0925314307780N07608377EA000000316542
B0925324307783N07608379EA000000316544
B0925334307786N07608382EA000000316435
B0925344307789N07608385EA000000316215
B0925354307792N07608389EA000000316132
B0925364307795N07608392EA000000316005
B0925374307797N07608395EA000000315826
B0925384307799N07608399EA000000315610
B0925394307802N07608402EA000000315325
B0925404307805N07608407EA000000314915
B0925414307808N07608413EA000000314724
B0925424307811N07608419EA000000314613
B0925434307812N07608423EA000000314799
B0925444307814N07608427EA000000314923
B0925454307815N07608429EA000000315158
B0925464307817N07608432EA000000315219
B0925474307819N07608436EA000000315167
B0925484307822N07608441EA000000315036
B0925494307825N07608447EA000000314940
B0925504307827N07608451EA000000314948
B0925514307828N07608455EA000000315096
B0925524307830N07608458EA000000315039
B0925534307832N07608462EA000000315026
B0925544307834N07608467EA000000315090
B0925554307838N07608472EA000000314802
B0925564307840N07608476EA000000314878
B0925574307843N07608480EA000000314818
B0925584307845N07608484EA000000314931
B0925594307847N07608487EA000000315057
B0926004307850N07608491EA000000314929
B0926014307853N07608496EA000000314803
B0926024307855N07608500EA000000314770
B0926034307858N07608502EA000000314789
B0926044307861N07608506EA000000314611
B0926054307863N07608509EA000000314691
B0926064307866N07608512EA000000314478
B0926074307869N07608516EA000000314290
B0926084307872N07608519EA000000313954
B0926094307874N07608523EA000000313758
B0926104307876N07608528EA000000313465
B0926114307880N07608533EA000000313233
B0926124307884N07608537EA000000313042
B0926134307889N07608540EA000000312716
B0926144307892N07608544EA000000312593
B0926154307895N07608549EA000000312474
B0926164307898N07608555EA000000312121
B0926174307900N07608560EA000000311895
B0926184307904N07608565EA000000311580
B0926194307908N07608567EA000000311297
B0926204307912N07608570EA000000310919
B0926214307915N07608574EA000000310812
B0926224307916N07608577EA000000310599
B0926234307919N07608582EA000000310010
B0926244307921N07608586EA000000309576
B0926254307924N07608591EA000000308996
B0926264307928N07608597EA000000308411
B0926274307930N07608602EA000000307998
B0926284307933N07608607EA000000307674
B0926294307935N07608612EA000000307277
B0926304307938N07608618EA000000306852
B0926314307942N07608624EA000000306367
B0926324307947N07608631EA000000305942
B0926334307951N07608637EA000000305754
B0926344307954N07608641EA000000305823
B0926354307956N07608644EA000000305835
B0926364307958N07608648EA000000305743
B0926374307960N07608652EA000000305572
B0926384307964N07608657EA000000304950
B0926394307969N07608661EA000000304324
B0926404307972N07608666EA000000303882
B0926414307974N07608671EA000000303723
B0926424307975N07608675EA000000303538
B0926434307977N07608680EA000000303218
B0926444307979N07608686EA000000302744
B0926454307982N07608692EA000000302218
B0926464307984N07608698EA000000301846
B0926474307986N07608703EA000000301529
B0926484307987N07608708EA000000301485
B0926494307989N07608713EA000000301283
B0926504307992N07608718EA000000300948
B0926514307995N07608723EA000000300569
B0926524307998N07608728EA000000300387
B0926534308002N07608732EA000000300141
B0926544308005N07608736EA000000299810
B0926554308007N07608740EA000000299668
B0926564308010N07608746EA000000299342
B0926574308013N07608752EA000000299094
B0926584308018N07608759EA000000298620
B0926594308023N07608763EA000000298246
B0927004308027N07608769EA000000297896
B0927014308032N07608775EA000000297629
B0927024308036N07608782EA000000297510
B0927034308040N07608787EA000000297416
B0927044308044N07608793EA000000297276
B0927054308049N07608799EA000000297027
B0927064308054N07608805EA000000296503
B0927074308058N07608811EA000000296221
B0927084308062N07608816EA000000296114
B0927094308066N07608821EA000000295919
B0927104308070N07608827EA000000295643
B0927114308074N07608833EA000000295371
B0927124308079N07608839EA000000295021
B0927134308083N07608845EA000000294737
B0927144308087N07608852EA000000294612
B0927154308090N07608858EA000000294531
B0927164308094N07608862EA000000294326
B0927174308098N07608865EA000000294196
B0927184308103N07608867EA000000293919
B0927194308106N07608870EA000000293947
B0927204308108N07608874EA000000293940
B0927214308109N07608879EA000000293695
B0927224308111N07608885EA000000293440
B0927234308113N07608890EA000000293195
B0927244308116N07608894EA000000293059
B0927254308118N07608899EA000000292914
B0927264308119N07608904EA000000292817
B0927274308119N07608910EA000000292763
B0927284308120N07608916EA000000292674
B0927294308122N07608921EA000000292433
B0927304308123N07608925EA000000292397
B0927314308125N07608929EA000000292252
B0927324308126N07608934EA000000292180
B0927334308127N07608939EA000000292054
B0927344308128N07608944EA000000291887
B0927354308130N07608950EA000000291685
B0927364308133N07608955EA000000291403
B0927374308134N07608959EA000000291378
B0927384308135N07608964EA000000291282
B0927394308137N07608968EA000000291104
B0927404308138N07608972EA000000290997
B0927414308141N07608976EA000000290698
B0927424308146N07608980EA000000290218
B0927434308150N07608985EA000000289850
B0927444308153N07608990EA000000289571
B0927454308156N07608994EA000000289429
B0927464308157N07608999EA000000289383
B0927474308160N07609004EA000000288932
B0927484308163N07609009EA000000288593
B0927494308168N07609013EA000000288109
B0927504308171N07609018EA000000287961
B0927514308174N07609021EA000000287788
B0927524308177N07609024EA000000287787
B0927534308180N07609028EA000000287535
B0927544308183N07609034EA000000287340
B0927554308187N07609039EA000000287107
B0927564308190N07609045EA000000287072
B0927574308194N07609049EA000000287061
B0927584308198N07609053EA000000286920
B0927594308201N07609057EA000000286830
B0928004308204N07609062EA000000286701
B0928014308207N07609067EA000000286521
B0928024308210N07609072EA000000286372
B0928034308214N07609076EA000000286277
B0928044308219N07609080EA000000286109
B0928054308223N07609084EA000000286004
B0928064308226N07609087EA000000286081
B0928074308230N07609090EA000000286002
B0928084308233N07609093EA000000286100
B0928094308237N07609096EA000000286232
B0928104308241N07609099EA000000286193
B0928114308246N07609101EA000000286169
B0928124308250N07609103EA000000286287
B0928134308254N07609105EA000000286503
B0928144308256N07609107EA000000286745
B0928154308258N07609110EA000000286789
B0928164308261N07609115EA000000286785
B0928174308265N07609119EA000000286738
B0928184308268N07609123EA000000286739
B0928194308271N07609127EA000000286803
B0928204308273N07609132EA000000286800
B0928214308275N07609137EA000000286800
B0928224308277N07609142EA000000286773
B0928234308280N07609147EA000000286756
B0928244308283N07609152EA000000286708
B0928254308285N07609157EA000000286802
B0928264308286N07609161EA000000286984
B0928274308288N07609165EA000000287068
B0928284308291N07609170EA000000286923
B0928294308294N07609175EA000000286857
B0928304308297N07609181EA000000286865
B0928314308299N07609186EA000000287199
B0928324308301N07609191EA000000287453
B0928334308303N07609194EA000000287717
B0928344308305N07609197EA000000287929
B0928354308307N07609202EA000000288043
B0928364308309N07609208EA000000287953
B0928374308311N07609215EA000000287762
B0928384308313N07609221EA000000287836
B0928394308314N07609226EA000000288076
B0928404308316N07609230EA000000288338
B0928414308317N07609234EA000000288558
B0928424308318N07609239EA000000288587
B0928434308320N07609245EA000000288565
B0928444308322N07609251EA000000288592
B0928454308325N07609256EA000000288542
B0928464308328N07609260EA000000288812
B0928474308330N07609263EA000000289041
B0928484308332N07609266EA000000289284
B0928494308335N07609270EA000000289206
B0928504308337N07609275EA000000289197
B0928514308341N07609281EA000000289011
B0928524308343N07609287EA000000288980
B0928534308346N07609293EA000000288912
B0928544308347N07609299EA000000289103
B0928554308347N07609303EA000000289369
B0928564308348N07609308EA000000289642
B0928574308349N07609312EA000000289765
B0928584308351N07609317EA000000289738
B0928594308352N07609324EA000000289791
B0929004308354N07609330EA000000289824
B0929014308355N07609335EA000000289979
B0929024308357N07609341EA000000290141
B0929034308359N07609346EA000000290214
B0929044308360N07609352EA000000290386
B0929054308362N07609358EA000000290427
B0929064308364N07609364EA000000290508
B0929074308365N07609371EA000000290762
B0929084308366N07609376EA000000290857
B0929094308366N07609382EA000000291093
B0929104308367N07609388EA000000291283
B0929114308368N07609394EA000000291372
B0929124308370N07609400EA000000291427
B0929134308371N07609406EA000000291657
B0929144308371N07609412EA000000291889
B0929154308370N07609419EA000000292050
B0929164308369N07609424EA000000292216
B0929174308368N07609429EA000000292515
B0929184308368N07609435EA000000292531
B0929194308369N07609441EA000000292517
B0929204308369N07609448EA000000292687
B0929214308370N07609455EA000000292721
B0929224308370N07609461EA000000292850
B0929234308371N07609466EA000000292919
B0929244308371N07609473EA000000293092
B0929254308373N07609479EA000000293109
B0929264308373N07609486EA000000293187
B0929274308374N07609493EA000000293117
B0929284308373N07609501EA000000293264
B0929294308373N07609508EA000000293392
B0929304308374N07609515EA000000293344
B0929314308375N07609522EA000000293397
B0929324308377N07609530EA000000293450
B0929334308378N07609537EA000000293623
B0929344308378N07609544EA000000293816
B0929354308378N07609551EA000000294165
B0929364308379N07609558EA000000294277
B0929374308381N07609566EA000000294359
B0929384308383N07609575EA000000294443
B0929394308385N07609583EA000000294511
B0929404308386N07609589EA000000294789
B0929414308388N07609596EA000000294991
B0929424308391N07609602EA000000295102
B0929434308393N07609609EA000000295202
B0929444308394N07609616EA000000295421
B0929454308394N07609623EA000000295481
B0929464308395N07609629EA000000295574
B0929474308396N07609635EA000000295779
B0929484308397N07609642EA000000295873
B0929494308399N07609649EA000000295816
B0929504308400N07609657EA000000295830
B0929514308402N07609664EA000000295921
B0929524308404N07609670EA000000296027
B0929534308406N07609676EA000000296244
B0929544308407N07609682EA000000296499
B0929554308409N07609690EA000000296574
B0929564308412N07609698EA000000296512
B0929574308415N07609705EA000000296506
B0929584308418N07609712EA000000296416
B0929594308422N07609718EA000000296504
B0930004308424N07609724EA000000296667
B0930014308427N07609731EA000000296801
B0930024308429N07609737EA000000297020
B0930034308430N07609742EA000000297295
B0930044308432N07609748EA000000297436
B0930054308433N07609755EA000000297621
B0930064308434N07609762EA000000297706
B0930074308435N07609770EA000000297839
B0930084308437N07609778EA000000297801
B0930094308438N07609784EA000000298057
B0930104308440N07609790EA000000298336
B0930114308441N07609796EA000000298583
B0930124308443N07609802EA000000298628
B0930134308444N07609809EA000000298676
B0930144308446N07609816EA000000298674
B0930154308448N07609823EA000000298780
B0930164308451N07609829EA000000298705
B0930174308453N07609835EA000000298856
B0930184308454N07609841EA000000298897
B0930194308456N07609848EA000000298826
B0930204308458N07609856EA000000298821
B0930214308459N07609864EA000000298866
B0930224308460N07609873EA000000298883
B0930234308461N07609881EA000000298877
B0930244308462N07609889EA000000299022
B0930254308462N07609896EA000000299145
B0930264308463N07609904EA000000299311
B0930274308464N07609911EA000000299428
B0930284308465N07609919EA000000299384
B0930294308467N07609926EA000000299241
B0930304308469N07609932EA000000299249
B0930314308472N07609940EA000000299115
B0930324308475N07609948EA000000298938
B0930334308478N07609957EA000000298726
B0930344308480N07609966EA000000298863
B0930354308482N07609973EA000000298959
B0930364308484N07609980EA000000299079
B0930374308486N07609988EA000000299171
B0930384308489N07609996EA000000299020
B0930394308492N07610004EA000000298908
B0930404308493N07610013EA000000298948
B0930414308493N07610022EA000000298981
B0930424308494N07610029EA000000299045
B0930434308496N07610036EA000000299034
B0930444308498N07610043EA000000298991
B0930454308502N07610051EA000000298814
B0930464308504N07610060EA000000298782
B0930474308506N07610069EA000000298624
B0930484308507N07610078EA000000298721
B0930494308508N07610085EA000000298944
B0930504308510N07610092EA000000299044
B0930514308512N07610099EA000000299180
B0930524308515N07610105EA000000299088
B0930534308519N07610113EA000000299033
B0930544308522N07610121EA000000299064
B0930554308526N07610129EA000000298910
B0930564308529N07610135EA000000299188
B0930574308533N07610141EA000000299213
B0930584308536N07610146EA000000299470
B0930594308539N07610152EA000000299310
B0931004308541N07610159EA000000299353
B0931014308543N07610167EA000000299197
B0931024308546N07610175EA000000299164
B0931034308548N07610181EA000000299293
B0931044308551N07610185EA000000299419
B0931054308552N07610191EA000000299503
B0931064308552N07610197EA000000299593
B0931074308554N07610203EA000000299427
B0931084308555N07610210EA000000299363
B0931094308556N07610217EA000000299282
B0931104308557N07610223EA000000299208
B0931114308557N07610230EA000000299202
B0931124308557N07610236EA000000299234
B0931134308557N07610242EA000000299169
B0931144308558N07610249EA000000299049
B0931154308559N07610257EA000000298871
B0931164308561N07610263EA000000298728
B0931174308562N07610270EA000000298637
B0931184308563N07610277EA000000298618
B0931194308564N07610284EA000000298510
B0931204308564N07610291EA000000298346
B0931214308565N07610299EA000000298267
B0931224308567N07610306EA000000298119
B0931234308568N07610313EA000000298189
B0931244308570N07610320EA000000297942
B0931254308571N07610326EA000000297987
B0931264308573N07610332EA000000297859
B0931274308575N07610339EA000000297672
B0931284308577N07610345EA000000297571
B0931294308580N07610351EA000000297207
B0931304308581N07610358EA000000297188
B0931314308583N07610366EA000000296926
B0931324308583N07610374EA000000296795
B0931334308584N07610382EA000000296693
B0931344308586N07610389EA000000296407
B0931354308587N07610397EA000000296230
B0931364308588N07610404EA000000295984
B0931374308589N07610411EA000000295868
B0931384308591N07610419EA000000295611
B0931394308593N07610426EA000000295503
B0931404308595N07610432EA000000295308
B0931414308596N07610439EA000000295229
B0931424308597N07610446EA000000295128
B0931434308598N07610453EA000000295140
B0931444308600N07610459EA000000294921
B0931454308603N07610464EA000000294714
B0931464308606N07610470EA000000294412
B0931474308608N07610475EA000000294394
B0931484308611N07610481EA000000294277
B0931494308614N07610487EA000000294043
B0931504308617N07610492EA000000293835
B0931514308620N07610497EA000000293695
B0931524308624N07610503EA000000293355
B0931534308628N07610509EA000000293206
B0931544308631N07610514EA000000293169
B0931554308635N07610520EA000000293114
B0931564308638N07610524EA000000293159
B0931574308641N07610529EA000000292977
B0931584308645N07610534EA000000292864
B0931594308648N07610539EA000000292679
B0932004308651N07610544EA000000292468
B0932014308654N07610549EA000000292276
B0932024308658N07610553EA000000292138
B0932034308662N07610558EA000000291820
B0932044308665N07610562EA000000291663
B0932054308669N07610567EA000000291439
B0932064308672N07610573EA000000291280
B0932074308676N07610576EA000000291069
B0932084308681N07610580EA000000290913
B0932094308685N07610583EA000000290622
B0932104308689N07610587EA000000290401
B0932114308692N07610591EA000000290177
B0932124308696N07610596EA000000289945
B0932134308701N07610600EA000000289606
B0932144308705N07610604EA000000289467
B0932154308710N07610609EA000000289210
B0932164308713N07610613EA000000289138
B0932174308716N07610618EA000000288908
B0932184308719N07610624EA000000288830
B0932194308722N07610629EA000000288580
B0932204308726N07610633EA000000288369
B0932214308729N07610638EA000000288187
B0932224308732N07610644EA000000288023
B0932234308734N07610649EA000000287828
B0932244308737N07610655EA000000287613
B0932254308740N07610660EA000000287256
B0932264308744N07610666EA000000286952
B0932274308748N07610671EA000000286618
B0932284308751N07610677EA000000286371
B0932294308755N07610682EA000000286201
B0932304308758N07610687EA000000286063
B0932314308762N07610691EA000000285768
B0932324308766N07610696EA000000285459
B0932334308770N07610702EA000000285271
B0932344308774N07610706EA000000284977
B0932354308778N07610710EA000000284888
B0932364308782N07610714EA000000284664
B0932374308786N07610718EA000000284447
B0932384308790N07610722EA000000284269
B0932394308794N07610727EA000000284060
B0932404308799N07610730EA000000283707
B0932414308803N07610734EA000000283434
B0932424308807N07610737EA000000283355
B0932434308811N07610740EA000000283249
B0932444308815N07610744EA000000283157
B0932454308819N07610749EA000000282871
B0932464308823N07610753EA000000282673
B0932474308827N07610757EA000000282456
B0932484308831N07610762EA000000282210
B0932494308834N07610766EA000000281974
B0932504308838N07610770EA000000281629
B0932514308842N07610776EA000000281304
B0932524308846N07610782EA000000280900
B0932534308849N07610787EA000000280667
B0932544308853N07610792EA000000280586
B0932554308857N07610796EA000000280462
B0932564308861N07610799EA000000280271
B0932574308865N07610802EA000000280191
B0932584308869N07610804EA000000280074
B0932594308873N07610806EA000000279954
B0933004308876N07610808EA000000279876
B0933014308880N07610811EA000000279614
B0933024308883N07610815EA000000279310
B0933034308885N07610819EA000000279192
B0933044308888N07610823EA000000278818
B0933054308890N07610828EA000000278725
B0933064308892N07610832EA000000278566
B0933074308895N07610835EA000000278453
B0933084308898N07610838EA000000278149
B0933094308901N07610842EA000000277866
B0933104308904N07610847EA000000277471
B0933114308907N07610851EA000000277256
B0933124308910N07610856EA000000277015
B0933134308913N07610860EA000000276912
B0933144308915N07610863EA000000276799
B0933154308918N07610867EA000000276551
B0933164308921N07610870EA000000276326
B0933174308924N07610874EA000000276223
B0933184308927N07610878EA000000276033
B0933194308930N07610882EA000000275658
B0933204308932N07610887EA000000275472
B0933214308935N07610891EA000000275304
B0933224308937N07610895EA000000275124
B0933234308940N07610899EA000000274975
B0933244308943N07610903EA000000274465
B0933254308946N07610907EA000000274283
B0933264308948N07610911EA000000274079
B0933274308949N07610915EA000000273857
B0933284308950N07610919EA000000273660
B0933294308952N07610922EA000000273270
B0933304308955N07610925EA000000272806
B0933314308958N07610928EA000000272459
B0933324308960N07610933EA000000271897
B0933334308962N07610938EA000000271542
B0933344308963N07610942EA000000271382
B0933354308964N07610945EA000000271186
B0933364308966N07610948EA000000270845
B0933374308967N07610952EA000000270692
B0933384308969N07610955EA000000270337
B0933394308971N07610959EA000000270053
B0933404308973N07610963EA000000269690
B0933414308976N07610966EA000000269244
B0933424308980N07610969EA000000268805
B0933434308982N07610973EA000000268347
B0933444308984N07610977EA000000268081
B0933454308987N07610979EA000000267616
B0933464308989N07610981EA000000267339
B0933474308991N07610984EA000000267034
B0933484308994N07610986EA000000266449
B0933494308997N07610990EA000000265783
B0933504309001N07610993EA000000265133
B0933514309004N07610996EA000000264767
B0933524309007N07610999EA000000264334
B0933534309009N07611003EA000000263848
B0933544309012N07611009EA000000263251
B0933554309016N07611014EA000000262720
B0933564309020N07611018EA000000262311
B0933574309023N07611021EA000000262178
B0933584309026N07611026EA000000261950
B0933594309028N07611030EA000000261657
B0934004309030N07611036EA000000261480
B0934014309033N07611041EA000000261251
B0934024309036N07611045EA000000261021
B0934034309038N07611048EA000000261055
B0934044309039N07611053EA000000260881
B0934054309041N07611058EA000000260712
B0934064309042N07611063EA000000260387
B0934074309045N07611068EA000000260049
B0934084309048N07611073EA000000259895
B0934094309052N07611077EA000000259674
B0934104309056N07611080EA000000259480
B0934114309059N07611083EA000000259274
B0934124309062N07611087EA000000259155
B0934134309065N07611092EA000000258835
B0934144309067N07611097EA000000258486
B0934154309070N07611103EA000000258379
B0934164309073N07611109EA000000258016
B0934174309075N07611115EA000000257914
B0934184309076N07611121EA000000257820
B0934194309077N07611126EA000000257637
B0934204309079N07611132EA000000257416
B0934214309081N07611139EA000000257107
B0934224309083N07611146EA000000257042
B0934234309085N07611151EA000000257045
B0934244309087N07611156EA000000257042
B0934254309088N07611161EA000000256885
B0934264309090N07611169EA000000256672
B0934274309093N07611178EA000000256452
B0934284309098N07611184EA000000256418
B0934294309101N07611189EA000000256866
B0934304309103N07611193EA000000257361
B0934314309104N07611197EA000000257830
B0934324309104N07611203EA000000257990
B0934334309106N07611209EA000000257718
B0934344309107N07611217EA000000257759
B0934354309106N07611226EA000000257785
B0934364309103N07611232EA000000257914
B0934374309098N07611236EA000000258058
B0934384309094N07611241EA000000258160
B0934394309092N07611247EA000000258162
B0934404309093N07611254EA000000258024
B0934414309095N07611261EA000000257941
B0934424309097N07611266EA000000258067
B0934434309098N07611271EA000000258223
B0934444309097N07611275EA000000258595
B0934454309098N07611281EA000000258491
B0934464309100N07611287EA000000258279
B0934474309105N07611291EA000000258101
B0934484309109N07611295EA000000257829
B0934494309112N07611299EA000000257957
B0934504309114N07611305EA000000257951
B0934514309115N07611310EA000000258059
B0934524309117N07611317EA000000257917
B0934534309119N07611324EA000000257868
B0934544309122N07611330EA000000257828
B0934554309124N07611336EA000000257940
B0934564309125N07611341EA000000258095
B0934574309127N07611347EA000000257944
B0934584309129N07611353EA000000257853
B0934594309132N07611358EA000000257769
B0935004309135N07611364EA000000257692
B0935014309138N07611370EA000000257675
B0935024309140N07611377EA000000257765
B0935034309141N07611384EA000000257976
B0935044309143N07611391EA000000258012
B0935054309144N07611397EA000000258271
B0935064309147N07611402EA000000258365
B0935074309150N07611407EA000000258435
B0935084309152N07611412EA000000258568
B0935094309154N07611419EA000000258500
B0935104309155N07611425EA000000258666
B0935114309157N07611431EA000000258972
B0935124309160N07611434EA000000259329
B0935134309162N07611438EA000000259574
B0935144309164N07611442EA000000259773
B0935154309165N07611448EA000000259705
B0935164309162N07611455EA000000259674
B0935174309157N07611461EA000000259615
B0935184309149N07611464EA000000259578
B0935194309142N07611466EA000000259685
B0935204309135N07611463EA000000259685
B0935214309130N07611455EA000000259575
B0935224309126N07611448EA000000259583
B0935234309125N07611441EA000000259741
B0935244309125N07611433EA000000259821
B0935254309127N07611428EA000000259930
B0935264309130N07611425EA000000260063
B0935274309134N07611423EA000000260151
B0935284309138N07611420EA000000260138
B0935294309142N07611420EA000000260304
B0935304309145N07611422EA000000260585
B0935314309149N07611428EA000000260550
B0935324309151N07611432EA000000260699
B0935334309154N07611435EA000000260838
B0935344309156N07611437EA000000261006
B0935354309158N07611440EA000000261201
B0935364309160N07611443EA000000261304
B0935374309161N07611448EA000000261175
B0935384309163N07611454EA000000261054
B0935394309166N07611459EA000000261005
B0935404309168N07611464EA000000261212
B0935414309169N07611468EA000000261482
B0935424309171N07611472EA000000261566
B0935434309173N07611476EA000000261657
B0935444309175N07611481EA000000261738
B0935454309177N07611486EA000000261802
B0935464309178N07611491EA000000261922
B0935474309179N07611495EA000000262008
B0935484309180N07611500EA000000262015
B0935494309181N07611505EA000000262173
B0935504309183N07611510EA000000262095
B0935514309186N07611515EA000000262234
B0935524309188N07611519EA000000262563
B0935534309190N07611522EA000000262986
B0935544309192N07611525EA000000263174
B0935554309194N07611528EA000000263379
B0935564309195N07611532EA000000263572
B0935574309194N07611537EA000000263450
B0935584309189N07611541EA000000263478
B0935594309183N07611544EA000000263441
B0936004309176N07611541EA000000263677
B0936014309171N07611536EA000000263773
B0936024309168N07611528EA000000263707
B0936034309165N07611520EA000000263738
B0936044309164N07611512EA000000263716
B0936054309164N07611504EA000000263933
B0936064309166N07611496EA000000264001
B0936074309168N07611488EA000000264163
B0936084309171N07611483EA000000264291
B0936094309176N07611479EA000000264548
B0936104309179N07611479EA000000264682
B0936114309183N07611481EA000000264800
B0936124309185N07611483EA000000264977
B0936134309188N07611487EA000000265011
B0936144309191N07611490EA000000265005
B0936154309194N07611493EA000000265111
B0936164309196N07611495EA000000265256
B0936174309199N07611499EA000000265201
B0936184309200N07611503EA000000265470
B0936194309202N07611507EA000000265302
B0936204309203N07611512EA000000265310
B0936214309204N07611516EA000000265458
B0936224309206N07611521EA000000265414
B0936234309207N07611526EA000000265440
B0936244309209N07611530EA000000265507
B0936254309210N07611535EA000000265552
B0936264309212N07611539EA000000265516
B0936274309213N07611544EA000000265550
B0936284309215N07611548EA000000265336
B0936294309217N07611551EA000000265239
B0936304309218N07611556EA000000265184
B0936314309221N07611560EA000000265142
B0936324309223N07611564EA000000264998
B0936334309227N07611568EA000000264917
B0936344309229N07611572EA000000264979
B0936354309232N07611577EA000000265015
B0936364309233N07611582EA000000265158
B0936374309234N07611588EA000000265173
B0936384309236N07611594EA000000265261
B0936394309238N07611599EA000000265270
B0936404309240N07611602EA000000265447
B0936414309242N07611606EA000000265623
B0936424309243N07611610EA000000265790
B0936434309246N07611614EA000000265724
B0936444309249N07611618EA000000265705
B0936454309251N07611621EA000000265718
B0936464309253N07611624EA000000265700
B0936474309254N07611626EA000000265758
B0936484309256N07611631EA000000265640
B0936494309258N07611634EA000000265597
B0936504309261N07611639EA000000265143
B0936514309263N07611643EA000000265099
B0936524309265N07611649EA000000264980
B0936534309267N07611654EA000000264930
B0936544309268N07611658EA000000264976
B0936554309270N07611663EA000000264756
B0936564309272N07611668EA000000264549
B0936574309274N07611674EA000000264415
B0936584309275N07611678EA000000264458
B0936594309277N07611683EA000000264440
B0937004309279N07611687EA000000264422
B0937014309281N07611691EA000000264317
B0937024309283N07611696EA000000264207
B0937034309284N07611701EA000000264017
B0937044309286N07611706EA000000264007
B0937054309287N07611710EA000000263876
B0937064309289N07611714EA000000263734
B0937074309291N07611718EA000000263702
B0937084309292N07611722EA000000263662
B0937094309293N07611726EA000000263583
B0937104309295N07611730EA000000263435
B0937114309296N07611734EA000000263398
B0937124309298N07611738EA000000263287
B0937134309300N07611742EA000000263068
B0937144309302N07611746EA000000262878
B0937154309304N07611750EA000000262746
B0937164309306N07611754EA000000262619
B0937174309307N07611759EA000000262626
B0937184309308N07611764EA000000262516
B0937194309309N07611770EA000000262402
B0937204309309N07611775EA000000262296
B0937214309311N07611781EA000000262130
B0937224309313N07611785EA000000262005
B0937234309314N07611790EA000000261975
B0937244309316N07611795EA000000261839
B0937254309317N07611801EA000000261646
B0937264309318N07611807EA000000261433
B0937274309319N07611814EA000000261210
B0937284309320N07611820EA000000261112
B0937294309321N07611826EA000000260953
B0937304309322N07611832EA000000260692
B0937314309325N07611838EA000000260413
B0937324309326N07611843EA000000260278
B0937334309328N07611849EA000000260040
B0937344309329N07611854EA000000259831
B0937354309330N07611860EA000000259680
B0937364309333N07611866EA000000259206
B0937374309335N07611873EA000000259050
B0937384309337N07611878EA000000258902
B0937394309338N07611884EA000000258840
B0937404309339N07611889EA000000258625
B0937414309340N07611896EA000000258560
B0937424309341N07611902EA000000258287
B0937434309343N07611909EA000000258028
B0937444309344N07611916EA000000257986
B0937454309345N07611922EA000000257794
B0937464309346N07611927EA000000257679
B0937474309347N07611933EA000000257578
B0937484309348N07611939EA000000257234
B0937494309349N07611945EA000000257073
B0937504309351N07611952EA000000256631
B0937514309354N07611958EA000000256135
B0937524309357N07611964EA000000255647
B0937534309360N07611970EA000000255407
B0937544309362N07611975EA000000255392
B0937554309364N07611980EA000000255197
B0937564309367N07611986EA000000255038
B0937574309370N07611992EA000000254836
B0937584309372N07611998EA000000254485
B0937594309375N07612004EA000000254311
B0938004309377N07612010EA000000254121
B0938014309379N07612016EA000000254031
B0938024309382N07612022EA000000253902
B0938034309384N07612028EA000000253783
B0938044309387N07612033EA000000253588
B0938054309390N07612038EA000000253466
B0938064309392N07612044EA000000253285
B0938074309395N07612050EA000000253119
B0938084309397N07612056EA000000252886
B0938094309399N07612061EA000000252767
B0938104309400N07612067EA000000252673
B0938114309402N07612072EA000000252613
B0938124309403N07612077EA000000252652
B0938134309405N07612081EA000000252505
B0938144309407N07612086EA000000252423
B0938154309409N07612091EA000000252233
B0938164309411N07612096EA000000252008
B0938174309412N07612102EA000000251904
B0938184309413N07612106EA000000251855
B0938194309415N07612110EA000000251629
B0938204309417N07612116EA000000251461
B0938214309420N07612121EA000000251144
B0938224309423N07612127EA000000250850
B0938234309426N07612132EA000000250670
B0938244309429N07612137EA000000250512
B0938254309431N07612142EA000000250235
B0938264309433N07612148EA000000250036
B0938274309435N07612155EA000000249774
B0938284309438N07612162EA000000249406
B0938294309440N07612169EA000000249322
B0938304309442N07612175EA000000249222
B0938314309443N07612181EA000000249040
B0938324309445N07612188EA000000248817
B0938334309447N07612195EA000000248629
B0938344309449N07612202EA000000248553
B0938354309452N07612207EA000000248329
B0938364309455N07612213EA000000248310
B0938374309458N07612218EA000000248213
B0938384309462N07612223EA000000248109
B0938394309465N07612231EA000000247941
B0938404309468N07612239EA000000247762
B0938414309471N07612246EA000000247785
B0938424309474N07612252EA000000247765
B0938434309477N07612259EA000000247721
B0938444309479N07612266EA000000247783
B0938454309482N07612274EA000000247760
B0938464309485N07612282EA000000247581
B0938474309489N07612288EA000000247512
B0938484309492N07612293EA000000247665
B0938494309495N07612297EA000000247749
B0938504309497N07612303EA000000247787
B0938514309500N07612311EA000000247611
B0938524309502N07612319EA000000247592
B0938534309506N07612326EA000000247443
B0938544309509N07612333EA000000247358
B0938554309512N07612341EA000000247340
B0938564309515N07612348EA000000247331
B0938574309517N07612355EA000000247470
B0938584309521N07612361EA000000247421
B0938594309524N07612366EA000000247407
B0939004309527N07612373EA000000247432
B0939014309531N07612380EA000000247417
B0939024309534N07612389EA000000247491
B0939034309538N07612396EA000000247483
B0939044309542N07612403EA000000247740
B0939054309545N07612407EA000000248266
B0939064309548N07612411EA000000248713
B0939074309550N07612415EA000000249090
B0939084309554N07612420EA000000249115
B0939094309557N07612426EA000000249128
B0939104309557N07612433EA000000249290
B0939114309555N07612439EA000000249585
B0939124309552N07612445EA000000250291
B0939134309548N07612449EA000000250988
B0939144309543N07612454EA000000251460
B0939154309537N07612457EA000000251954
B0939164309529N07612458EA000000252478
B0939174309523N07612455EA000000252714
B0939184309517N07612449EA000000252911
B0939194309514N07612441EA000000253152
B0939204309511N07612434EA000000253463
B0939214309509N07612428EA000000253823
B0939224309507N07612422EA000000254210
B0939234309506N07612414EA000000254476
B0939244309508N07612408EA000000254656
B0939254309512N07612404EA000000254875
B0939264309517N07612405EA000000255144
B0939274309521N07612409EA000000255410
B0939284309522N07612413EA000000255888
B0939294309523N07612418EA000000256335
B0939304309522N07612423EA000000256652
B0939314309521N07612427EA000000256915
B0939324309518N07612432EA000000257026
B0939334309513N07612436EA000000257151
B0939344309507N07612436EA000000257288
B0939354309501N07612432EA000000257178
B0939364309496N07612428EA000000257162
B0939374309493N07612424EA000000257340
B0939384309491N07612418EA000000257703
B0939394309490N07612410EA000000257779
B0939404309491N07612403EA000000257853
B0939414309493N07612397EA000000258349
B0939424309496N07612395EA000000259137
B0939434309500N07612395EA000000259563
B0939444309505N07612396EA000000259725
B0939454309509N07612399EA000000259925
B0939464309513N07612404EA000000260160
B0939474309516N07612410EA000000260208
B0939484309517N07612418EA000000260372
B0939494309514N07612424EA000000260401
B0939504309511N07612430EA000000260511
B0939514309504N07612434EA000000260612
B0939524309495N07612433EA000000260765
B0939534309490N07612434EA000000260815
B0939544309482N07612427EA000000261044
B0939554309481N07612421EA000000261180
B0939564309480N07612412EA000000261384
B0939574309480N07612404EA000000261588
B0939584309482N07612400EA000000261882
B0939594309486N07612397EA000000262153
B0940004309491N07612395EA000000262403
B0940014309495N07612393EA000000262711
B0940024309498N07612391EA000000263284
B0940034309502N07612390EA000000263716
B0940044309504N07612392EA000000264162
B0940054309507N07612396EA000000264439
B0940064309508N07612403EA000000264515
B0940074309508N07612409EA000000264757
B0940084309501N07612417EA000000264871
B0940094309496N07612423EA000000265082
B0940104309492N07612429EA000000265052
B0940114309488N07612434EA000000265483
B0940124309485N07612439EA000000265780
B0940134309482N07612442EA000000266107
B0940144309475N07612445EA000000266467
B0940154309467N07612446EA000000266568
B0940164309459N07612446EA000000266656
B0940174309452N07612443EA000000266645
B0940184309448N07612431EA000000266726
B0940194309447N07612421EA000000266912
B0940204309447N07612413EA000000267210
B0940214309448N07612407EA000000267727
B0940224309449N07612404EA000000268276
B0940234309452N07612402EA000000268600
B0940244309454N07612401EA000000268739
B0940254309457N07612404EA000000268928
B0940264309459N07612409EA000000269075
B0940274309456N07612419EA000000269013
B0940284309452N07612427EA000000269220
B0940294309449N07612433EA000000269644
B0940304309448N07612439EA000000270061
B0940314309449N07612444EA000000270319
B0940324309451N07612451EA000000270520
B0940334309454N07612454EA000000270789
B0940344309457N07612456EA000000271296
B0940354309461N07612453EA000000271806
B0940364309463N07612447EA000000272203
B0940374309461N07612438EA000000272495
B0940384309456N07612430EA000000272824
B0940394309447N07612427EA000000273222
B0940404309438N07612429EA000000273684
B0940414309431N07612435EA000000273645
B0940424309426N07612443EA000000274189
B0940434309423N07612451EA000000274682
B0940444309421N07612457EA000000275283
B0940454309420N07612463EA000000275775
B0940464309420N07612470EA000000276012
B0940474309421N07612476EA000000276380
B0940484309424N07612478EA000000276471
B0940494309427N07612476EA000000276850
B0940504309428N07612470EA000000276896
B0940514309427N07612462EA000000277093
B0940524309425N07612454EA000000277225
B0940534309420N07612447EA000000277456
B0940544309414N07612441EA000000277668
B0940554309407N07612437EA000000277800
B0940564309398N07612435EA000000278080
B0940574309390N07612437EA000000278454
B0940584309383N07612442EA000000278857
B0940594309378N07612450EA000000279235
B0941004309374N07612458EA000000279585
B0941014309372N07612466EA000000279924
B0941024309370N07612473EA000000280433
B0941034309369N07612479EA000000280880
B0941044309370N07612483EA000000281229
B0941054309371N07612487EA000000281459
B0941064309374N07612492EA000000281510
B0941074309378N07612493EA000000281548
B0941084309383N07612491EA000000281504
B0941094309385N07612485EA000000281775
B0941104309384N07612477EA000000282090
B0941114309381N07612469EA000000282274
B0941124309375N07612463EA000000282468
B0941134309369N07612459EA000000282534
B0941144309362N07612455EA000000282547
B0941154309354N07612453EA000000282642
B0941164309345N07612454EA000000282752
B0941174309337N07612458EA000000282965
B0941184309331N07612466EA000000282976
B0941194309329N07612475EA000000283163
B0941204309330N07612482EA000000283377
B0941214309333N07612488EA000000283552
B0941224309337N07612490EA000000283925
B0941234309340N07612490EA000000284192
B0941244309344N07612487EA000000284332
B0941254309346N07612482EA000000284482
B0941264309347N07612475EA000000284633
B0941274309345N07612466EA000000284859
B0941284309341N07612459EA000000285037
B0941294309334N07612454EA000000285222
B0941304309325N07612451EA000000285156
B0941314309316N07612452EA000000285298
B0941324309309N07612456EA000000285321
B0941334309302N07612461EA000000285549
B0941344309298N07612470EA000000285738
B0941354309297N07612480EA000000285751
B0941364309299N07612486EA000000285867
B0941374309303N07612489EA000000285924
B0941384309308N07612485EA000000286107
B0941394309310N07612479EA000000286230
B0941404309309N07612470EA000000286435
B0941414309305N07612462EA000000286638
B0941424309298N07612457EA000000286978
B0941434309291N07612455EA000000286909
B0941444309282N07612456EA000000287190
B0941454309274N07612457EA000000287295
B0941464309267N07612461EA000000287401
B0941474309260N07612467EA000000287451
B0941484309255N07612474EA000000287449
B0941494309252N07612483EA000000287555
B0941504309251N07612491EA000000287611
B0941514309250N07612498EA000000287871
B0941524309251N07612505EA000000287910
B0941534309253N07612510EA000000288046
B0941544309257N07612515EA000000287807
B0941554309261N07612517EA000000287789
B0941564309266N07612517EA000000287770
B0941574309270N07612512EA000000287768
B0941584309272N07612505EA000000287736
B0941594309271N07612497EA000000287946
B0942004309268N07612490EA000000288024
B0942014309263N07612484EA000000288249
B0942024309258N07612480EA000000288304
B0942034309251N07612477EA000000288564
B0942044309244N07612476EA000000288734
B0942054309236N07612477EA000000288834
B0942064309228N07612481EA000000288975
B0942074309222N07612488EA000000288969
B0942084309219N07612498EA000000289014
B0942094309219N07612506EA000000289008
B0942104309220N07612513EA000000289247
B0942114309221N07612519EA000000289388
B0942124309223N07612526EA000000289404
B0942134309224N07612533EA000000289448
B0942144309225N07612540EA000000289499
B0942154309228N07612547EA000000289413
B0942164309231N07612552EA000000289572
B0942174309234N07612556EA000000289763
B0942184309236N07612561EA000000289891
B0942194309239N07612566EA000000289863
B0942204309241N07612572EA000000289794
B0942214309244N07612578EA000000289714
B0942224309246N07612583EA000000289746
B0942234309248N07612587EA000000289728
B0942244309250N07612591EA000000289780
B0942254309254N07612595EA000000289520
B0942264309258N07612598EA000000289409
B0942274309261N07612602EA000000289479
B0942284309264N07612606EA000000289502
B0942294309265N07612610EA000000289669
B0942304309267N07612614EA000000289627
B0942314309269N07612617EA000000289617
B0942324309271N07612620EA000000289587
B0942334309274N07612624EA000000289486
B0942344309277N07612628EA000000289325
B0942354309279N07612631EA000000289309
B0942364309280N07612635EA000000289247
B0942374309282N07612639EA000000289134
B0942384309284N07612643EA000000289154
B0942394309287N07612647EA000000288910
B0942404309290N07612650EA000000288827
B0942414309293N07612653EA000000288638
B0942424309296N07612656EA000000288618
B0942434309298N07612659EA000000288525
B0942444309300N07612662EA000000288459
B0942454309303N07612665EA000000288239
B0942464309306N07612669EA000000287954
B0942474309309N07612672EA000000287837
B0942484309311N07612676EA000000287782
B0942494309314N07612679EA000000287709
B0942504309316N07612683EA000000287633
B0942514309318N07612686EA000000287485
B0942524309321N07612689EA000000287267
B0942534309324N07612693EA000000287160
B0942544309327N07612696EA000000287069
B0942554309330N07612701EA000000286811
B0942564309332N07612705EA000000286840
B0942574309334N07612709EA000000286741
B0942584309336N07612712EA000000286584
B0942594309339N07612715EA000000286381
B0943004309341N07612719EA000000286258
B0943014309342N07612723EA000000286266
B0943024309343N07612727EA000000286217
B0943034309343N07612732EA000000286103
B0943044309342N07612737EA000000286044
B0943054309342N07612742EA000000285876
B0943064309342N07612747EA000000285688
B0943074309342N07612752EA000000285453
B0943084309342N07612756EA000000285349
B0943094309342N07612761EA000000285229
B0943104309342N07612767EA000000285132
B0943114309342N07612773EA000000285131
B0943124309342N07612778EA000000285255
B0943134309342N07612782EA000000285228
B0943144309342N07612786EA000000285277
B0943154309343N07612791EA000000285121
B0943164309343N07612795EA000000284954
B0943174309343N07612800EA000000284660
B0943184309343N07612805EA000000284343
B0943194309342N07612811EA000000284092
B0943204309342N07612817EA000000283977
B0943214309342N07612825EA000000283660
B0943224309343N07612832EA000000283501
B0943234309343N07612838EA000000283420
B0943244309342N07612844EA000000283233
B0943254309341N07612850EA000000283233
B0943264309340N07612856EA000000283131
B0943274309339N07612861EA000000283038
B0943284309338N07612869EA000000283050
B0943294309337N07612875EA000000283053
B0943304309336N07612881EA000000283042
B0943314309336N07612886EA000000283118
B0943324309336N07612892EA000000283394
B0943334309338N07612899EA000000283311
B0943344309339N07612905EA000000283416
B0943354309339N07612912EA000000283550
B0943364309340N07612917EA000000283613
B0943374309340N07612922EA000000283975
B0943384309341N07612927EA000000284010
B0943394309341N07612932EA000000284223
B0943404309341N07612937EA000000284305
B0943414309340N07612942EA000000284479
B0943424309340N07612947EA000000284579
B0943434309341N07612952EA000000284656
B0943444309342N07612956EA000000284882
B0943454309343N07612959EA000000284889
B0943464309344N07612964EA000000284799
B0943474309346N07612970EA000000284746
B0943484309347N07612976EA000000284673
B0943494309348N07612981EA000000284788
B0943504309350N07612985EA000000284801
B0943514309350N07612989EA000000284772
B0943524309351N07612994EA000000284667
B0943534309352N07613001EA000000284411
B0943544309352N07613007EA000000284442
B0943554309353N07613012EA000000284412
B0943564309354N07613016EA000000284506
B0943574309355N07613020EA000000284458
B0943584309357N07613025EA000000284318
B0943594309358N07613031EA000000284267
B0944004309359N07613038EA000000284164
B0944014309359N07613044EA000000284058
B0944024309358N07613051EA000000283982
B0944034309358N07613057EA000000284041
B0944044309358N07613062EA000000283823
B0944054309358N07613067EA000000283854
B0944064309359N07613072EA000000283829
B0944074309359N07613078EA000000283764
B0944084309360N07613084EA000000283705
B0944094309360N07613091EA000000283526
B0944104309360N07613099EA000000283422
B0944114309360N07613105EA000000283355
B0944124309360N07613111EA000000283673
B0944134309360N07613116EA000000283682
B0944144309361N07613121EA000000283635
B0944154309363N07613126EA000000283629
B0944164309365N07613132EA000000283687
B0944174309367N07613139EA000000283763
B0944184309368N07613145EA000000283869
B0944194309368N07613152EA000000284059
B0944204309367N07613158EA000000284672
B0944214309367N07613162EA000000284825
B0944224309367N07613166EA000000285034
B0944234309368N07613170EA000000285015
B0944244309371N07613173EA000000284821
B0944254309375N07613173EA000000284914
B0944264309378N07613169EA000000285188
B0944274309379N07613163EA000000285388
B0944284309377N07613156EA000000285491
B0944294309372N07613148EA000000285589
B0944304309366N07613143EA000000285542
B0944314309360N07613139EA000000285615
B0944324309353N07613138EA000000285855
B0944334309346N07613140EA000000286034
B0944344309338N07613145EA000000286094
B0944354309332N07613152EA000000286047
B0944364309327N07613161EA000000286182
B0944374309325N07613168EA000000286326
B0944384309323N07613174EA000000286677
B0944394309323N07613181EA000000286911
B0944404309323N07613188EA000000287221
B0944414309323N07613195EA000000287455
B0944424309323N07613202EA000000287662
B0944434309323N07613208EA000000288092
B0944444309324N07613213EA000000288265
B0944454309325N07613219EA000000288524
B0944464309325N07613224EA000000288786
B0944474309327N07613227EA000000288985
B0944484309330N07613228EA000000289036
B0944494309333N07613225EA000000289051
B0944504309334N07613216EA000000288925
B0944514309332N07613207EA000000288902
B0944524309327N07613200EA000000289214
B0944534309321N07613197EA000000289500
B0944544309313N07613196EA000000289876
B0944554309306N07613197EA000000290019
B0944564309298N07613202EA000000290180
B0944574309293N07613207EA000000290309
B0944584309289N07613216EA000000290501
B0944594309288N07613224EA000000290725
B0945004309289N07613231EA000000290801
B0945014309291N07613235EA000000290931
B0945024309293N07613237EA000000291044
B0945034309296N07613238EA000000291101
B0945044309298N07613235EA000000291289
B0945054309301N07613231EA000000291251
B0945064309302N07613223EA000000291174
B0945074309300N07613213EA000000291089
B0945084309294N07613205EA000000291035
B0945094309285N07613202EA000000290975
B0945104309276N07613205EA000000290980
B0945114309268N07613214EA000000290883
B0945124309265N07613223EA000000291079
B0945134309265N07613231EA000000291288
B0945144309266N07613237EA000000291711
B0945154309266N07613240EA000000292028
B0945164309265N07613244EA000000292298
B0945174309266N07613250EA000000292230
B0945184309267N07613256EA000000292173
B0945194309270N07613262EA000000292022
B0945204309272N07613268EA000000292013
B0945214309273N07613273EA000000292259
B0945224309273N07613279EA000000292358
B0945234309273N07613285EA000000292362
B0945244309273N07613289EA000000292389
B0945254309275N07613294EA000000292309
B0945264309276N07613299EA000000292369
B0945274309277N07613304EA000000292298
B0945284309279N07613309EA000000292312
B0945294309279N07613314EA000000292382
B0945304309280N07613319EA000000292338
B0945314309281N07613326EA000000292200
B0945324309281N07613331EA000000292142
B0945334309282N07613336EA000000292026
B0945344309283N07613341EA000000292053
B0945354309284N07613345EA000000291872
B0945364309285N07613349EA000000291886
B0945374309286N07613353EA000000291889
B0945384309288N07613358EA000000291719
B0945394309289N07613364EA000000291617
B0945404309290N07613370EA000000291530
B0945414309291N07613375EA000000291552
B0945424309292N07613379EA000000291673
B0945434309294N07613383EA000000291617
B0945444309295N07613388EA000000291695
B0945454309298N07613393EA000000291510
B0945464309300N07613398EA000000291550
B0945474309302N07613402EA000000291655
B0945484309304N07613406EA000000291757
B0945494309306N07613410EA000000291769
B0945504309308N07613414EA000000291789
B0945514309311N07613418EA000000291727
B0945524309313N07613422EA000000291749
B0945534309315N07613427EA000000291730
B0945544309316N07613432EA000000291722
B0945554309317N07613438EA000000291740
B0945564309318N07613443EA000000291768
B0945574309320N07613448EA000000291818
B0945584309321N07613453EA000000291895
B0945594309324N07613458EA000000291821
B0946004309326N07613464EA000000291813
B0946014309327N07613470EA000000291876
B0946024309329N07613476EA000000291996
B0946034309332N07613481EA000000292036
B0946044309334N07613486EA000000292065
B0946054309336N07613491EA000000292155
B0946064309338N07613496EA000000292229
B0946074309339N07613502EA000000292257
B0946084309341N07613508EA000000292244
B0946094309344N07613513EA000000292229
B0946104309347N07613519EA000000292100
B0946114309348N07613524EA000000292390
B0946124309349N07613529EA000000292476
B0946134309350N07613535EA000000292504
B0946144309350N07613541EA000000292487
B0946154309352N07613548EA000000292472
B0946164309354N07613554EA000000292415
B0946174309355N07613559EA000000292614
B0946184309355N07613564EA000000292766
B0946194309356N07613569EA000000292707
B0946204309357N07613575EA000000292616
B0946214309359N07613582EA000000292507
B0946224309360N07613589EA000000292585
B0946234309362N07613595EA000000292537
B0946244309363N07613602EA000000292532
B0946254309364N07613608EA000000292617
B0946264309364N07613614EA000000292682
B0946274309366N07613619EA000000292628
B0946284309368N07613625EA000000292355
B0946294309370N07613631EA000000291993
B0946304309373N07613637EA000000291558
B0946314309375N07613644EA000000291368
B0946324309377N07613651EA000000291134
B0946334309378N07613657EA000000291099
B0946344309380N07613664EA000000290830
B0946354309382N07613670EA000000290540
B0946364309385N07613676EA000000290147
B0946374309390N07613681EA000000289704
B0946384309394N07613686EA000000289206
B0946394309397N07613690EA000000289158
B0946404309399N07613695EA000000289045
B0946414309401N07613700EA000000288821
B0946424309403N07613704EA000000288506
B0946434309405N07613708EA000000288079
B0946444309409N07613714EA000000287351
B0946454309413N07613719EA000000286881
B0946464309416N07613724EA000000286581
B0946474309418N07613728EA000000286596
B0946484309420N07613733EA000000286360
B0946494309423N07613737EA000000286146
B0946504309427N07613741EA000000285803
B0946514309431N07613745EA000000285328
B0946524309435N07613749EA000000285108
B0946534309437N07613753EA000000285055
B0946544309439N07613758EA000000284921
B0946554309440N07613762EA000000284894
B0946564309443N07613767EA000000284540
B0946574309446N07613771EA000000284238
B0946584309449N07613777EA000000283964
B0946594309452N07613781EA000000283876
B0947004309455N07613785EA000000283718
B0947014309457N07613789EA000000283733
B0947024309459N07613793EA000000283693
B0947034309463N07613797EA000000283332
B0947044309466N07613803EA000000282840
B0947054309469N07613809EA000000282534
B0947064309471N07613815EA000000282385
B0947074309474N07613821EA000000282234
B0947084309476N07613827EA000000282180
B0947094309480N07613831EA000000282059
B0947104309483N07613836EA000000281897
B0947114309488N07613841EA000000281609
B0947124309492N07613847EA000000281336
B0947134309496N07613853EA000000281273
B0947144309501N07613859EA000000280901
B0947154309505N07613864EA000000280942
B0947164309509N07613868EA000000280879
B0947174309513N07613872EA000000280788
B0947184309518N07613876EA000000280702
B0947194309522N07613878EA000000280550
B0947204309526N07613880EA000000280470
B0947214309531N07613882EA000000280222
B0947224309535N07613884EA000000280017
B0947234309538N07613886EA000000280087
B0947244309542N07613889EA000000279902
B0947254309545N07613891EA000000279928
B0947264309548N07613894EA000000279877
B0947274309552N07613898EA000000279811
B0947284309555N07613902EA000000279721
B0947294309557N07613905EA000000279777
B0947304309560N07613909EA000000279645
B0947314309563N07613913EA000000279640
B0947324309566N07613916EA000000279592
B0947334309571N07613919EA000000279503
B0947344309575N07613920EA000000279497
B0947354309580N07613923EA000000279139
B0947364309584N07613926EA000000279057
B0947374309588N07613928EA000000279086
B0947384309592N07613931EA000000278917
B0947394309595N07613934EA000000278838
B0947404309598N07613938EA000000278725
B0947414309600N07613942EA000000278614
B0947424309601N07613946EA000000278483
B0947434309603N07613950EA000000278186
B0947444309606N07613954EA000000277894
B0947454309610N07613959EA000000277331
B0947464309614N07613963EA000000277020
B0947474309617N07613966EA000000276835
B0947484309619N07613970EA000000276786
B0947494309621N07613974EA000000276586
B0947504309624N07613979EA000000276320
B0947514309627N07613983EA000000276013
B0947524309629N07613987EA000000275993
B0947534309632N07613991EA000000275764
B0947544309635N07613995EA000000275629
B0947554309637N07614000EA000000275495
B0947564309640N07614005EA000000275292
B0947574309644N07614009EA000000275020
B0947584309647N07614012EA000000274976
B0947594309651N07614016EA000000274822
B0948004309654N07614018EA000000274799
B0948014309657N07614021EA000000274566
B0948024309659N07614023EA000000274579
B0948034309661N07614025EA000000274349
B0948044309662N07614028EA000000274291
B0948054309664N07614031EA000000273992
B0948064309667N07614033EA000000273699
B0948074309670N07614036EA000000273354
B0948084309672N07614038EA000000273393
B0948094309674N07614040EA000000273421
B0948104309674N07614041EA000000273518
B0948114309673N07614043EA000000273574
B0948124309674N07614045EA000000273505
B0948134309675N07614048EA000000273201
B0948144309676N07614051EA000000273041
B0948154309676N07614055EA000000272774
B0948164309676N07614060EA000000272511
B0948174309675N07614065EA000000272401
B0948184309674N07614068EA000000272309
B0948194309673N07614072EA000000272274
B0948204309674N07614075EA000000272025
B0948214309675N07614079EA000000271856
B0948224309676N07614083EA000000271538
B0948234309676N07614088EA000000271460
B0948244309676N07614091EA000000271378
B0948254309676N07614096EA000000271162
B0948264309676N07614100EA000000271071
B0948274309677N07614103EA000000270921
B0948284309677N07614105EA000000270789
B0948294309678N07614109EA000000270683
B0948304309680N07614113EA000000270451
B0948314309682N07614117EA000000270373
B0948324309685N07614121EA000000270212
B0948334309686N07614124EA000000270393
B0948344309688N07614127EA000000270346
B0948354309689N07614130EA000000270467
B0948364309691N07614133EA000000270415
B0948374309693N07614135EA000000270326
B0948384309695N07614137EA000000270111
B0948394309697N07614140EA000000269816
B0948404309698N07614144EA000000269696
B0948414309700N07614149EA000000269371
B0948424309702N07614153EA000000269205
B0948434309702N07614156EA000000269286
B0948444309703N07614159EA000000269322
B0948454309704N07614162EA000000269334
B0948464309706N07614165EA000000269166
B0948474309710N07614169EA000000268734
B0948484309714N07614172EA000000268497
B0948494309719N07614174EA000000268219
B0948504309721N07614177EA000000268170
B0948514309724N07614179EA000000268010
B0948524309726N07614180EA000000267838
B0948534309728N07614183EA000000267572
B0948544309731N07614186EA000000267155
B0948554309734N07614190EA000000266734
B0948564309736N07614195EA000000266380
B0948574309738N07614199EA000000266112
B0948584309738N07614203EA000000265990
B0948594309739N07614206EA000000265685
B0949004309741N07614210EA000000265369
B0949014309743N07614215EA000000265083
B0949024309745N07614219EA000000264948
B0949034309746N07614223EA000000264818
B0949044309746N07614228EA000000264643
B0949054309746N07614233EA000000264360
B0949064309747N07614237EA000000264097
B0949074309750N07614242EA000000263506
B0949084309752N07614246EA000000263080
B0949094309756N07614248EA000000262706
B0949104309759N07614250EA000000262509
B0949114309761N07614253EA000000262059
B0949124309763N07614257EA000000261662
B0949134309764N07614260EA000000261238
B0949144309764N07614264EA000000261061
B0949154309764N07614267EA000000260795
B0949164309765N07614271EA000000260592
B0949174309767N07614275EA000000260216
B0949184309767N07614280EA000000259997
B0949194309768N07614285EA000000259839
B0949204309768N07614291EA000000259770
B0949214309769N07614295EA000000259658
B0949224309770N07614301EA000000259675
B0949234309771N07614308EA000000259773
B0949244309772N07614314EA000000259661
B0949254309773N07614319EA000000259742
B0949264309774N07614322EA000000259939
B0949274309775N07614326EA000000259946
B0949284309776N07614331EA000000259864
B0949294309777N07614337EA000000259791
B0949304309779N07614342EA000000259621
B0949314309780N07614346EA000000259535
B0949324309782N07614350EA000000259612
B0949334309784N07614353EA000000259750
B0949344309788N07614356EA000000259763
B0949354309792N07614359EA000000259638
B0949364309795N07614364EA000000259671
B0949374309798N07614367EA000000259837
B0949384309800N07614369EA000000259988
B0949394309803N07614372EA000000260065
B0949404309807N07614375EA000000260011
B0949414309811N07614378EA000000259846
B0949424309815N07614382EA000000259669
B0949434309819N07614387EA000000259514
B0949444309822N07614391EA000000259612
B0949454309824N07614394EA000000259816
B0949464309826N07614396EA000000260037
B0949474309828N07614398EA000000260189
B0949484309832N07614401EA000000260128
B0949494309836N07614406EA000000260000
B0949504309839N07614410EA000000259839
B0949514309842N07614415EA000000259809
B0949524309843N07614420EA000000259964
B0949534309844N07614424EA000000259938
B0949544309844N07614429EA000000259765
B0949554309845N07614433EA000000259562
B0949564309846N07614439EA000000259092
B0949574309848N07614445EA000000258773
B0949584309850N07614450EA000000258527
B0949594309851N07614454EA000000258419
B0950004309850N07614459EA000000258266
B0950014309849N07614464EA000000258086
B0950024309850N07614469EA000000257807
B0950034309851N07614474EA000000257518
B0950044309852N07614480EA000000257098
B0950054309854N07614487EA000000256653
B0950064309855N07614494EA000000256480
B0950074309857N07614499EA000000256336
B0950084309859N07614505EA000000256312
B0950094309860N07614510EA000000256380
B0950104309862N07614514EA000000256235
B0950114309862N07614519EA000000256180
B0950124309863N07614524EA000000255944
B0950134309864N07614530EA000000255712
B0950144309865N07614535EA000000255479
B0950154309868N07614541EA000000255112
B0950164309871N07614544EA000000255029
B0950174309874N07614548EA000000254815
B0950184309875N07614553EA000000254791
B0950194309876N07614559EA000000254550
B0950204309876N07614566EA000000254081
B0950214309877N07614573EA000000253720
B0950224309878N07614579EA000000253524
B0950234309879N07614584EA000000253459
B0950244309880N07614590EA000000253274
B0950254309882N07614596EA000000253038
B0950264309884N07614603EA000000252733
B0950274309886N07614609EA000000252535
B0950284309889N07614614EA000000252410
B0950294309891N07614618EA000000252390
B0950304309895N07614622EA000000252304
B0950314309897N07614627EA000000252238
B0950324309898N07614634EA000000252090
B0950334309901N07614640EA000000251847
B0950344309903N07614647EA000000251562
B0950354309905N07614652EA000000251578
B0950364309907N07614656EA000000251562
B0950374309909N07614658EA000000251526
B0950384309911N07614661EA000000251442
B0950394309913N07614665EA000000251195
B0950404309916N07614671EA000000250962
B0950414309918N07614678EA000000250563
B0950424309919N07614684EA000000250574
B0950434309921N07614690EA000000250500
B0950444309922N07614694EA000000250489
B0950454309924N07614699EA000000250384
B0950464309927N07614703EA000000250259
B0950474309930N07614708EA000000250053
B0950484309933N07614713EA000000249764
B0950494309937N07614717EA000000249537
B0950504309940N07614722EA000000249353
B0950514309943N07614726EA000000249316
B0950524309945N07614731EA000000249145
B0950534309947N07614737EA000000249092
B0950544309950N07614743EA000000248831
B0950554309952N07614748EA000000248765
B0950564309954N07614753EA000000248697
B0950574309957N07614758EA000000248539
B0950584309960N07614763EA000000248309
B0950594309963N07614769EA000000248214
B0951004309965N07614774EA000000248195
B0951014309968N07614780EA000000248073
B0951024309971N07614785EA000000248045
B0951034309974N07614789EA000000247962
B0951044309977N07614793EA000000247838
B0951054309979N07614798EA000000247832
B0951064309981N07614802EA000000247768
B0951074309983N07614809EA000000247611
B0951084309984N07614815EA000000247642
B0951094309985N07614819EA000000247688
B0951104309987N07614822EA000000247618
B0951114309987N07614826EA000000247771
B0951124309987N07614830EA000000247770
B0951134309987N07614835EA000000247635
B0951144309987N07614841EA000000247415
B0951154309988N07614847EA000000247300
B0951164309989N07614852EA000000247230
B0951174309990N07614856EA000000247296
B0951184309991N07614861EA000000247288
B0951194309992N07614867EA000000247119
B0951204309992N07614874EA000000247004
B0951214309992N07614880EA000000246979
B0951224309994N07614886EA000000246985
B0951234309997N07614891EA000000246771
B0951244310001N07614895EA000000246667
B0951254310006N07614899EA000000246413
B0951264310010N07614902EA000000246413
B0951274310012N07614906EA000000246292
B0951284310015N07614909EA000000246237
B0951294310017N07614913EA000000246186
B0951304310020N07614918EA000000245979
B0951314310024N07614924EA000000245622
B0951324310027N07614930EA000000245401
B0951334310029N07614936EA000000245353
B0951344310031N07614942EA000000245327
B0951354310032N07614949EA000000245240
B0951364310034N07614955EA000000245002
B0951374310036N07614961EA000000244901
B0951384310038N07614966EA000000244725
B0951394310040N07614971EA000000244679
B0951404310043N07614978EA000000244419
B0951414310045N07614985EA000000244228
B0951424310047N07614990EA000000244233
B0951434310049N07614994EA000000244036
B0951444310051N07614999EA000000243842
B0951454310053N07615004EA000000243690
B0951464310056N07615009EA000000243304
B0951474310057N07615015EA000000243148
B0951484310057N07615023EA000000242990
B0951494310057N07615031EA000000242762
B0951504310056N07615039EA000000242672
B0951514310056N07615047EA000000242401
B0951524310055N07615054EA000000242239
B0951534310055N07615062EA000000242132
B0951544310055N07615068EA000000242086
B0951554310056N07615075EA000000241821
B0951564310057N07615081EA000000241626
B0951574310058N07615088EA000000241476
B0951584310061N07615095EA000000241228
B0951594310063N07615101EA000000241164
B0952004310065N07615107EA000000241073
B0952014310067N07615112EA000000241098
B0952024310070N07615117EA000000240955
B0952034310073N07615123EA000000240810
B0952044310075N07615129EA000000240682
B0952054310078N07615135EA000000240572
B0952064310081N07615139EA000000240473
B0952074310084N07615142EA000000240608
B0952084310085N07615146EA000000240673
B0952094310087N07615150EA000000240646
B0952104310089N07615156EA000000240473
B0952114310092N07615162EA000000240226
B0952124310094N07615168EA000000240255
B0952134310095N07615174EA000000240291
B0952144310096N07615179EA000000240254
B0952154310097N07615184EA000000240209
B0952164310097N07615191EA000000240051
B0952174310099N07615197EA000000239929
B0952184310100N07615204EA000000239796
B0952194310102N07615210EA000000239782
B0952204310104N07615214EA000000239872
B0952214310106N07615218EA000000239930
B0952224310108N07615222EA000000239840
B0952234310110N07615226EA000000239795
B0952244310113N07615231EA000000239616
B0952254310115N07615236EA000000239514
B0952264310116N07615241EA000000239540
B0952274310117N07615246EA000000239572
B0952284310119N07615250EA000000239535
B0952294310121N07615254EA000000239450
B0952304310123N07615258EA000000239185
B0952314310126N07615262EA000000239101
B0952324310127N07615266EA000000239056
B0952334310128N07615270EA000000239059
B0952344310130N07615275EA000000238909
B0952354310131N07615280EA000000238955
B0952364310133N07615284EA000000238859
B0952374310135N07615289EA000000238730
B0952384310136N07615294EA000000238653
B0952394310137N07615299EA000000238408
B0952404310137N07615305EA000000238231
B0952414310137N07615310EA000000238074
B0952424310138N07615315EA000000237809
B0952434310138N07615321EA000000237505
B0952444310137N07615326EA000000237388
B0952454310137N07615332EA000000237006
B0952464310137N07615339EA000000236702
B0952474310137N07615344EA000000236445
B0952484310138N07615349EA000000236048
B0952494310139N07615355EA000000235870
B0952504310140N07615359EA000000235666
B0952514310141N07615364EA000000235362
B0952524310142N07615369EA000000235092
B0952534310145N07615374EA000000234800
B0952544310147N07615378EA000000234423
B0952554310148N07615383EA000000234184
B0952564310149N07615389EA000000233972
B0952574310150N07615395EA000000233602
B0952584310150N07615401EA000000233463
B0952594310151N07615406EA000000233174
B0953004310153N07615410EA000000232908
B0953014310154N07615415EA000000232558
B0953024310155N07615421EA000000232195
B0953034310157N07615426EA000000231939
B0953044310158N07615433EA000000231540
B0953054310159N07615438EA000000231354
B0953064310161N07615444EA000000231107
B0953074310163N07615449EA000000230914
B0953084310165N07615453EA000000230728
B0953094310167N07615457EA000000230511
B0953104310168N07615460EA000000230279
B0953114310170N07615465EA000000230000
B0953124310171N07615470EA000000229747
B0953134310172N07615477EA000000229290
B0953144310174N07615483EA000000228955
B0953154310176N07615487EA000000228845
B0953164310177N07615491EA000000228656
B0953174310178N07615494EA000000228572
B0953184310180N07615498EA000000228100
B0953194310181N07615503EA000000227750
B0953204310183N07615507EA000000227299
B0953214310186N07615512EA000000227063
B0953224310189N07615515EA000000226836
B0953234310191N07615518EA000000226761
B0953244310193N07615520EA000000226699
B0953254310196N07615524EA000000226400
B0953264310199N07615527EA000000226024
B0953274310202N07615530EA000000225686
B0953284310206N07615533EA000000225308
B0953294310208N07615536EA000000225163
B0953304310210N07615538EA000000225086
B0953314310212N07615542EA000000224844
B0953324310214N07615546EA000000224678
B0953334310217N07615551EA000000224331
B0953344310219N07615555EA000000224092
B0953354310221N07615559EA000000223860
B0953364310222N07615562EA000000223737
B0953374310223N07615567EA000000223421
B0953384310224N07615572EA000000223170
B0953394310226N07615577EA000000222870
B0953404310228N07615581EA000000222645
B0953414310229N07615585EA000000222548
B0953424310230N07615590EA000000222347
B0953434310231N07615595EA000000222254
B0953444310232N07615600EA000000221872
B0953454310234N07615605EA000000221562
B0953464310236N07615610EA000000221129
B0953474310237N07615616EA000000220945
B0953484310238N07615621EA000000220848
B0953494310239N07615626EA000000220748
B0953504310240N07615631EA000000220784
B0953514310242N07615636EA000000220442
B0953524310244N07615640EA000000220179
B0953534310246N07615646EA000000219982
B0953544310248N07615650EA000000219795
B0953554310250N07615654EA000000219674
B0953564310252N07615657EA000000219578
B0953574310254N07615661EA000000219367
B0953584310257N07615666EA000000219013
B0953594310259N07615670EA000000218879
B0954004310263N07615674EA000000218605
B0954014310266N07615677EA000000218326
B0954024310268N07615680EA000000218278
B0954034310271N07615683EA000000218008
B0954044310273N07615686EA000000217950
B0954054310275N07615687EA000000217689
B0954064310278N07615690EA000000217441
B0954074310280N07615692EA000000217067
B0954084310282N07615695EA000000216598
B0954094310284N07615699EA000000216147
B0954104310286N07615703EA000000215902
B0954114310288N07615705EA000000215636
B0954124310291N07615708EA000000215213
B0954134310294N07615711EA000000214720
B0954144310297N07615713EA000000214317
B0954154310299N07615716EA000000214099
B0954164310302N07615719EA000000213837
B0954174310304N07615723EA000000213670
B0954184310307N07615725EA000000213236
B0954194310310N07615728EA000000212827
B0954204310313N07615731EA000000212449
B0954214310316N07615735EA000000212133
B0954224310318N07615738EA000000211986
B0954234310321N07615742EA000000211720
B0954244310324N07615745EA000000211361
B0954254310328N07615748EA000000211036
B0954264310332N07615751EA000000210813
B0954274310335N07615754EA000000210680
B0954284310339N07615757EA000000210414
B0954294310343N07615760EA000000210221
B0954304310346N07615763EA000000210091
B0954314310351N07615765EA000000209705
B0954324310354N07615767EA000000209399
B0954334310358N07615770EA000000209045
B0954344310361N07615773EA000000208735
B0954354310364N07615776EA000000208311
B0954364310366N07615778EA000000207898
B0954374310369N07615780EA000000207684
B0954384310371N07615781EA000000207595
B0954394310373N07615783EA000000207281
B0954404310375N07615786EA000000206791
B0954414310378N07615790EA000000206252
B0954424310380N07615794EA000000205683
B0954434310383N07615798EA000000205238
B0954444310385N07615803EA000000204842
B0954454310387N07615807EA000000204596
B0954464310390N07615811EA000000204139
B0954474310392N07615815EA000000203799
B0954484310395N07615819EA000000203332
B0954494310397N07615822EA000000203064
B0954504310400N07615826EA000000202634
B0954514310403N07615830EA000000202245
B0954524310406N07615835EA000000201781
B0954534310410N07615839EA000000201308
B0954544310413N07615844EA000000200877
B0954554310417N07615849EA000000200352
B0954564310421N07615853EA000000200164
B0954574310425N07615856EA000000199837
B0954584310429N07615859EA000000199539
B0954594310433N07615863EA000000199243
B0955004310437N07615866EA000000199026
B0955014310440N07615869EA000000198786
B0955024310444N07615872EA000000198544
B0955034310447N07615874EA000000198595
B0955044310451N07615876EA000000198313
B0955054310454N07615878EA000000198086
B0955064310458N07615880EA000000197868
B0955074310462N07615883EA000000197589
B0955084310466N07615886EA000000197380
B0955094310470N07615887EA000000197090
B0955104310474N07615887EA000000196868
B0955114310478N07615889EA000000196470
B0955124310482N07615890EA000000196268
B0955134310486N07615892EA000000195763
B0955144310490N07615893EA000000195390
B0955154310495N07615892EA000000194972
B0955164310499N07615891EA000000194677
B0955174310503N07615891EA000000194396
B0955184310508N07615891EA000000194003
B0955194310512N07615891EA000000193761
B0955204310517N07615891EA000000193450
B0955214310522N07615890EA000000193058
B0955224310527N07615890EA000000192528
B0955234310531N07615890EA000000192289
B0955244310536N07615890EA000000191923
B0955254310540N07615890EA000000191531
B0955264310545N07615890EA000000191001
B0955274310549N07615890EA000000190782
B0955284310554N07615890EA000000190336
B0955294310558N07615891EA000000189960
B0955304310563N07615891EA000000189467
B0955314310568N07615891EA000000189097
B0955324310574N07615891EA000000188704
B0955334310578N07615891EA000000188370
B0955344310583N07615890EA000000188062
B0955354310588N07615890EA000000187710
B0955364310593N07615889EA000000187335
B0955374310598N07615889EA000000187046
B0955384310603N07615889EA000000186727
B0955394310607N07615890EA000000186380
B0955404310612N07615890EA000000186006
B0955414310616N07615891EA000000185668
B0955424310620N07615893EA000000185359
B0955434310624N07615896EA000000184882
B0955444310629N07615897EA000000184479
B0955454310634N07615900EA000000184111
B0955464310638N07615901EA000000183768
B0955474310642N07615904EA000000183471
B0955484310646N07615906EA000000183073
B0955494310651N07615908EA000000182501
B0955504310655N07615910EA000000182160
B0955514310660N07615911EA000000181813
B0955524310664N07615913EA000000181501
B0955534310667N07615914EA000000181159
B0955544310672N07615916EA000000180704
B0955554310676N07615918EA000000180340
B0955564310681N07615919EA000000179840
B0955574310685N07615919EA000000179627
B0955584310688N07615921EA000000179443
B0955594310691N07615923EA000000179202
B0956004310693N07615925EA000000179040
B0956014310696N07615927EA000000178932
B0956024310699N07615929EA000000178671
B0956034310702N07615931EA000000178464
B0956044310704N07615934EA000000178284
B0956054310706N07615937EA000000177855
B0956064310708N07615941EA000000177518
B0956074310710N07615945EA000000177232
B0956084310713N07615947EA000000176857
B0956094310716N07615950EA000000176641
B0956104310718N07615952EA000000176386
B0956114310720N07615955EA000000176175
B0956124310722N07615958EA000000175994
B0956134310725N07615961EA000000175681
B0956144310728N07615963EA000000175297
B0956154310732N07615966EA000000174923
B0956164310735N07615969EA000000174801
B0956174310736N07615972EA000000174695
B0956184310738N07615976EA000000174545
B0956194310740N07615980EA000000174311
B0956204310742N07615983EA000000174026
B0956214310744N07615986EA000000173879
B0956224310747N07615989EA000000173629
B0956234310749N07615992EA000000173577
B0956244310752N07615995EA000000173346
B0956254310755N07615998EA000000173225
B0956264310758N07616001EA000000173106
B0956274310761N07616003EA000000173040
B0956284310764N07616004EA000000172930
B0956294310766N07616005EA000000172872
B0956304310769N07616006EA000000172709
B0956314310771N07616008EA000000172557
B0956324310774N07616010EA000000172429
B0956334310777N07616013EA000000172211
B0956344310779N07616015EA000000172231
B0956354310781N07616018EA000000172101
B0956364310782N07616020EA000000172057
B0956374310783N07616023EA000000171983
B0956384310785N07616025EA000000171836
B0956394310787N07616027EA000000171628
B0956404310788N07616030EA000000171396
B0956414310791N07616033EA000000171052
B0956424310794N07616035EA000000170702
B0956434310796N07616036EA000000170546
B0956444310798N07616037EA000000170347
B0956454310800N07616039EA000000169947
B0956464310802N07616042EA000000169634
B0956474310804N07616045EA000000169343
B0956484310806N07616047EA000000168979
B0956494310809N07616050EA000000168653
B0956504310812N07616051EA000000168337
B0956514310815N07616053EA000000168122
B0956524310818N07616054EA000000167933
B0956534310820N07616056EA000000167790
B0956544310823N07616057EA000000167448
B0956554310826N07616060EA000000166914
B0956564310828N07616063EA000000166733
B0956574310831N07616065EA000000166327
B0956584310833N07616068EA000000165981
B0956594310837N07616070EA000000165463
B0957004310841N07616073EA000000165101
B0957014310844N07616075EA000000164749
B0957024310847N07616079EA000000164491
B0957034310850N07616082EA000000164291
B0957044310854N07616084EA000000163934
B0957054310858N07616085EA000000163639
B0957064310862N07616087EA000000163256
B0957074310866N07616090EA000000163021
B0957084310869N07616092EA000000162887
B0957094310873N07616094EA000000162672
B0957104310877N07616094EA000000162579
B0957114310881N07616095EA000000162376
B0957124310886N07616096EA000000162111
B0957134310890N07616096EA000000161887
B0957144310894N07616096EA000000161798
B0957154310898N07616096EA000000161665
B0957164310902N07616096EA000000161401
B0957174310905N07616095EA000000161298
B0957184310909N07616097EA000000161083
B0957194310913N07616099EA000000160980
B0957204310917N07616099EA000000160628
B0957214310920N07616099EA000000160639
B0957224310922N07616100EA000000160660
B0957234310923N07616100EA000000160684
B0957244310925N07616101EA000000160346
B0957254310927N07616104EA000000160092
B0957264310930N07616106EA000000159657
B0957274310932N07616108EA000000159493
B0957284310935N07616108EA000000159425
B0957294310937N07616108EA000000159316
B0957304310939N07616108EA000000159147
B0957314310942N07616109EA000000158935
B0957324310945N07616110EA000000158544
B0957334310948N07616110EA000000158396
B0957344310951N07616111EA000000158218
B0957354310954N07616113EA000000157908
B0957364310956N07616115EA000000157863
B0957374310959N07616116EA000000157502
B0957384310961N07616117EA000000157373
B0957394310964N07616118EA000000157068
B0957404310967N07616120EA000000156677
B0957414310970N07616122EA000000156449
B0957424310972N07616125EA000000156271
B0957434310975N07616127EA000000155941
B0957444310978N07616128EA000000155768
B0957454310981N07616131EA000000155595
B0957464310985N07616133EA000000155229
B0957474310988N07616136EA000000155037
B0957484310990N07616139EA000000154991
B0957494310993N07616141EA000000154835
B0957504310996N07616144EA000000154620
B0957514310999N07616146EA000000154525
B0957524311002N07616148EA000000154366
B0957534311005N07616150EA000000154282
B0957544311008N07616152EA000000154122
B0957554311010N07616154EA000000153847
B0957564311012N07616157EA000000153618
B0957574311013N07616161EA000000153543
B0957584311014N07616165EA000000153380
B0957594311016N07616168EA000000153216
B0958004311017N07616173EA000000153030
B0958014311018N07616177EA000000152982
B0958024311020N07616179EA000000152797
B0958034311023N07616182EA000000152605
B0958044311025N07616184EA000000152682
B0958054311028N07616184EA000000152594
B0958064311031N07616185EA000000152561
B0958074311034N07616187EA000000152320
B0958084311037N07616189EA000000152253
B0958094311040N07616191EA000000152190
B0958104311044N07616191EA000000152050
B0958114311048N07616191EA000000152021
B0958124311051N07616191EA000000152074
B0958134311055N07616191EA000000151947
B0958144311059N07616192EA000000151984
B0958154311064N07616191EA000000151737
B0958164311069N07616190EA000000151560
B0958174311074N07616188EA000000151572
B0958184311079N07616186EA000000151556
B0958194311083N07616186EA000000151460
B0958204311087N07616186EA000000151232
B0958214311091N07616185EA000000151211
B0958224311095N07616182EA000000151116
B0958234311099N07616178EA000000151052
B0958244311103N07616174EA000000150848
B0958254311106N07616171EA000000150757
B0958264311109N07616168EA000000150683
B0958274311113N07616164EA000000150520
B0958284311116N07616160EA000000150360
B0958294311120N07616155EA000000150219
B0958304311123N07616152EA000000150267
B0958314311127N07616150EA000000150210
B0958324311130N07616147EA000000150269
B0958334311134N07616145EA000000150188
B0958344311138N07616143EA000000150076
B0958354311143N07616141EA000000149902
B0958364311147N07616138EA000000149959
B0958374311152N07616137EA000000149802
B0958384311155N07616136EA000000149864
B0958394311158N07616135EA000000149825
B0958404311161N07616134EA000000149752
B0958414311165N07616132EA000000149534
B0958424311170N07616131EA000000149214
B0958434311175N07616130EA000000149014
B0958444311180N07616128EA000000148818
B0958454311184N07616126EA000000148799
B0958464311189N07616124EA000000148736
B0958474311193N07616122EA000000148767
B0958484311198N07616120EA000000148585
B0958494311204N07616118EA000000148435
B0958504311209N07616115EA000000148482
B0958514311214N07616112EA000000148382
B0958524311218N07616108EA000000148477
B0958534311223N07616105EA000000148305
B0958544311227N07616102EA000000148383
B0958554311232N07616099EA000000148283
B0958564311237N07616096EA000000148187
B0958574311242N07616094EA000000148127
B0958584311246N07616093EA000000147957
B0958594311250N07616093EA000000147886
B0959004311255N07616094EA000000147630
B0959014311259N07616094EA000000147519
B0959024311263N07616094EA000000147227
B0959034311267N07616094EA000000147241
B0959044311271N07616094EA000000147290
B0959054311276N07616093EA000000147187
B0959064311281N07616094EA000000146983
B0959074311287N07616093EA000000146819
B0959084311291N07616091EA000000146699
B0959094311296N07616090EA000000146640
B0959104311301N07616087EA000000146752
B0959114311306N07616084EA000000146746
B0959124311311N07616081EA000000146703
B0959134311316N07616078EA000000146527
B0959144311321N07616076EA000000146533
B0959154311326N07616074EA000000146460
B0959164311332N07616071EA000000146508
B0959174311337N07616070EA000000146609
B0959184311342N07616070EA000000146619
B0959194311346N07616071EA000000146793
B0959204311352N07616071EA000000146827
B0959214311356N07616071EA000000146878
B0959224311360N07616072EA000000146921
B0959234311363N07616073EA000000147244
B0959244311365N07616074EA000000147756
B0959254311366N07616075EA000000148195
B0959264311367N07616075EA000000148598
B0959274311368N07616077EA000000148771
B0959284311368N07616079EA000000148970
B0959294311366N07616082EA000000148966
B0959304311364N07616085EA000000149066
B0959314311360N07616086EA000000149184
B0959324311358N07616086EA000000149242
B0959334311355N07616082EA000000149300
B0959344311348N07616062EA000000149576
B0959354311349N07616048EA000000149859
B0959364311350N07616039EA000000150301
B0959374311350N07616030EA000000150443
B0959384311349N07616019EA000000150497
B0959394311351N07616008EA000000150493
B0959404311356N07615998EA000000150388
B0959414311361N07615990EA000000150377
B0959424311365N07615985EA000000150386
B0959434311368N07615988EA000000150585
B0959444311371N07615989EA000000150897
B0959454311374N07615992EA000000150914
B0959464311376N07615995EA000000151107
B0959474311376N07615999EA000000151166
B0959484311374N07616007EA000000151150
B0959494311368N07616012EA000000151271
B0959504311362N07616012EA000000151553
B0959514311356N07616008EA000000151937
B0959524311351N07616001EA000000152275
B0959534311347N07615994EA000000152546
B0959544311344N07615986EA000000152865
B0959554311343N07615977EA000000153212
B0959564311342N07615967EA000000153261
B0959574311346N07615956EA000000153328
B0959584311348N07615947EA000000153441
B0959594311352N07615941EA000000153571
B1000004311356N07615938EA000000153876
B1000014311361N07615938EA000000153851
B1000024311366N07615938EA000000154052
B1000034311371N07615937EA000000154229
B1000044311374N07615937EA000000154597
B1000054311377N07615939EA000000154975
B1000064311379N07615943EA000000155221
B1000074311379N07615948EA000000154956
B1000084311379N07615953EA000000154811
B1000094311378N07615957EA000000154919
B1000104311368N07615956EA000000155057
B1000114311362N07615953EA000000155450
B1000124311357N07615946EA000000155792
B1000134311354N07615937EA000000156035
B1000144311351N07615928EA000000156382
B1000154311351N07615919EA000000156720
B1000164311351N07615910EA000000157099
B1000174311354N07615903EA000000157210
B1000184311356N07615895EA000000157494
B1000194311360N07615888EA000000157638
B1000204311364N07615885EA000000157883
B1000214311369N07615885EA000000158059
B1000224311372N07615890EA000000158190
B1000234311374N07615896EA000000158261
B1000244311373N07615902EA000000158490
B1000254311371N07615906EA000000158834
B1000264311367N07615909EA000000159240
B1000274311362N07615910EA000000159480
B1000284311357N07615909EA000000159548
B1000294311352N07615908EA000000159720
B1000304311347N07615904EA000000159932
B1000314311343N07615897EA000000160238
B1000324311341N07615888EA000000160418
B1000334311341N07615878EA000000160440
B1000344311344N07615868EA000000160451
B1000354311348N07615861EA000000160715
B1000364311351N07615857EA000000161223
B1000374311354N07615854EA000000161646
B1000384311358N07615853EA000000161810
B1000394311362N07615853EA000000161932
B1000404311365N07615856EA000000162087
B1000414311367N07615862EA000000162133
B1000424311365N07615868EA000000162176
B1000434311361N07615873EA000000162221
B1000444311356N07615873EA000000162244
B1000454311352N07615871EA000000162640
B1000464311348N07615867EA000000162991
B1000474311344N07615862EA000000163084
B1000484311341N07615855EA000000163110
B1000494311339N07615845EA000000163105
B1000504311341N07615836EA000000163233
B1000514311345N07615827EA000000163279
B1000524311350N07615821EA000000163402
B1000534311353N07615821EA000000163583
B1000544311356N07615823EA000000163694
B1000554311359N07615826EA000000164143
B1000564311361N07615829EA000000164465
B1000574311363N07615833EA000000164526
B1000584311363N07615839EA000000164501
B1000594311359N07615843EA000000164752
B1001004311355N07615846EA000000164719
B1001014311349N07615848EA000000164896
B1001024311347N07615847EA000000164915
B1001034311341N07615839EA000000165007
B1001044311340N07615828EA000000165157
B1001054311338N07615816EA000000165290
B1001064311338N07615806EA000000165766
B1001074311339N07615796EA000000165973
B1001084311343N07615788EA000000166231
B1001094311348N07615782EA000000166360
B1001104311354N07615780EA000000166510
B1001114311358N07615780EA000000167063
B1001124311361N07615782EA000000167418
B1001134311362N07615786EA000000167806
B1001144311362N07615791EA000000167944
B1001154311361N07615796EA000000168097
B1001164311359N07615801EA000000168377
B1001174311355N07615804EA000000168595
B1001184311350N07615804EA000000168846
B1001194311344N07615801EA000000169135
B1001204311339N07615795EA000000169402
B1001214311336N07615787EA000000169710
B1001224311334N07615778EA000000170374
B1001234311335N07615770EA000000170713
B1001244311336N07615762EA000000171085
B1001254311339N07615755EA000000171265
B1001264311343N07615749EA000000171472
B1001274311348N07615745EA000000171647
B1001284311352N07615745EA000000171984
B1001294311356N07615748EA000000172100
B1001304311358N07615752EA000000172215
B1001314311358N07615758EA000000172371
B1001324311357N07615763EA000000172423
B1001334311353N07615767EA000000172672
B1001344311348N07615769EA000000172734
B1001354311341N07615768EA000000172899
B1001364311335N07615765EA000000173047
B1001374311330N07615759EA000000173444
B1001384311327N07615751EA000000173961
B1001394311327N07615741EA000000174316
B1001404311328N07615732EA000000174645
B1001414311331N07615724EA000000174904
B1001424311334N07615718EA000000175281
B1001434311339N07615713EA000000175446
B1001444311343N07615712EA000000175695
B1001454311347N07615713EA000000175872
B1001464311350N07615715EA000000176056
B1001474311352N07615719EA000000176174
B1001484311353N07615724EA000000176370
B1001494311353N07615729EA000000176531
B1001504311351N07615734EA000000176539
B1001514311347N07615739EA000000176707
B1001524311341N07615742EA000000176822
B1001534311334N07615742EA000000177085
B1001544311328N07615740EA000000177163
B1001554311323N07615736EA000000177364
B1001564311320N07615729EA000000177455
B1001574311319N07615720EA000000177747
B1001584311319N07615711EA000000178006
B1001594311320N07615702EA000000178217
B1002004311322N07615695EA000000178556
B1002014311326N07615691EA000000179035
B1002024311330N07615690EA000000179286
B1002034311334N07615692EA000000179557
B1002044311336N07615696EA000000179833
B1002054311336N07615700EA000000180257
B1002064311334N07615705EA000000180791
B1002074311332N07615709EA000000180848
B1002084311328N07615714EA000000180958
B1002094311323N07615718EA000000181083
B1002104311317N07615720EA000000181323
B1002114311309N07615719EA000000181585
B1002124311304N07615712EA000000181998
B1002134311301N07615704EA000000182047
B1002144311300N07615695EA000000182155
B1002154311301N07615688EA000000182411
B1002164311303N07615682EA000000182820
B1002174311306N07615676EA000000183257
B1002184311310N07615673EA000000183446
B1002194311314N07615672EA000000183678
B1002204311318N07615675EA000000184004
B1002214311320N07615680EA000000184214
B1002224311320N07615686EA000000184548
B1002234311318N07615693EA000000184791
B1002244311315N07615698EA000000185060
B1002254311310N07615702EA000000185360
B1002264311304N07615703EA000000185558
B1002274311298N07615703EA000000185614
B1002284311291N07615700EA000000185802
B1002294311285N07615696EA000000186013
B1002304311281N07615687EA000000186328
B1002314311279N07615679EA000000186431
B1002324311279N07615670EA000000186406
B1002334311281N07615662EA000000186639
B1002344311285N07615658EA000000186862
B1002354311290N07615656EA000000187111
B1002364311293N07615658EA000000187269
B1002374311296N07615663EA000000187371
B1002384311297N07615668EA000000187641
B1002394311296N07615673EA000000187883
B1002404311294N07615677EA000000188047
B1002414311290N07615681EA000000188234
B1002424311285N07615684EA000000188463
B1002434311280N07615686EA000000188712
B1002444311274N07615686EA000000189038
B1002454311267N07615685EA000000189371
B1002464311261N07615680EA000000189463
B1002474311256N07615672EA000000189763
B1002484311252N07615663EA000000189980
B1002494311253N07615653EA000000190015
B1002504311255N07615646EA000000190125
B1002514311258N07615642EA000000190335
B1002524311262N07615642EA000000190516
B1002534311264N07615646EA000000190862
B1002544311265N07615652EA000000190940
B1002554311263N07615658EA000000191151
B1002564311260N07615662EA000000191523
B1002574311256N07615664EA000000191818
B1002584311251N07615667EA000000192135
B1002594311245N07615669EA000000192385
B1003004311238N07615671EA000000192459
B1003014311230N07615671EA000000192622
B1003024311221N07615668EA000000193067
B1003034311215N07615659EA000000193336
B1003044311213N07615649EA000000193508
B1003054311210N07615640EA000000194141
B1003064311208N07615630EA000000194587
B1003074311208N07615622EA000000194943
B1003084311209N07615614EA000000195235
B1003094311211N07615607EA000000195407
B1003104311213N07615601EA000000195679
B1003114311216N07615598EA000000195896
B1003124311219N07615596EA000000196088
B1003134311222N07615597EA000000196266
B1003144311223N07615601EA000000196673
B1003154311222N07615606EA000000196727
B1003164311218N07615611EA000000197067
B1003174311212N07615615EA000000197263
B1003184311205N07615616EA000000197318
B1003194311197N07615616EA000000197585
B1003204311190N07615613EA000000197863
B1003214311183N07615606EA000000197987
B1003224311178N07615597EA000000198249
B1003234311175N07615587EA000000198517
B1003244311173N07615577EA000000198903
B1003254311172N07615567EA000000199362
B1003264311173N07615558EA000000199698
B1003274311177N07615552EA000000199710
B1003284311181N07615548EA000000199833
B1003294311185N07615547EA000000199930
B1003304311188N07615547EA000000200204
B1003314311188N07615549EA000000200688
B1003324311187N07615554EA000000200771
B1003334311184N07615559EA000000200874
B1003344311180N07615564EA000000200701
B1003354311172N07615565EA000000200878
B1003364311164N07615564EA000000201073
B1003374311158N07615560EA000000201247
B1003384311152N07615553EA000000201479
B1003394311150N07615543EA000000201546
B1003404311149N07615534EA000000201521
B1003414311150N07615522EA000000201719
B1003424311152N07615515EA000000202050
B1003434311155N07615510EA000000202373
B1003444311159N07615508EA000000202577
B1003454311163N07615509EA000000202930
B1003464311165N07615510EA000000203228
B1003474311165N07615514EA000000203538
B1003484311163N07615519EA000000203712
B1003494311159N07615523EA000000203911
B1003504311153N07615524EA000000204237
B1003514311146N07615524EA000000204523
B1003524311139N07615521EA000000204716
B1003534311132N07615516EA000000205088
B1003544311127N07615510EA000000205312
B1003554311122N07615501EA000000205687
B1003564311119N07615491EA000000205823
B1003574311118N07615480EA000000206013
B1003584311119N07615470EA000000206176
B1003594311121N07615461EA000000206304
B1004004311124N07615455EA000000206609
B1004014311127N07615453EA000000206920
B1004024311130N07615453EA000000207130
B1004034311133N07615454EA000000207402
B1004044311135N07615455EA000000207738
B1004054311135N07615458EA000000208252
B1004064311134N07615462EA000000208640
B1004074311131N07615465EA000000208819
B1004084311126N07615469EA000000208910
B1004094311119N07615469EA000000209145
B1004104311113N07615468EA000000209403
B1004114311106N07615465EA000000209674
B1004124311100N07615460EA000000209890
B1004134311096N07615450EA000000210013
B1004144311092N07615440EA000000210264
B1004154311091N07615430EA000000210429
B1004164311091N07615420EA000000210708
B1004174311093N07615412EA000000210863
B1004184311096N07615404EA000000211228
B1004194311099N07615398EA000000211425
B1004204311103N07615394EA000000211712
B1004214311106N07615393EA000000212081
B1004224311109N07615394EA000000212136
B1004234311111N07615399EA000000212200
B1004244311109N07615404EA000000212488
B1004254311108N07615409EA000000212959
B1004264311102N07615410EA000000213128
B1004274311095N07615410EA000000213361
B1004284311090N07615408EA000000213722
B1004294311084N07615405EA000000213806
B1004304311077N07615400EA000000214368
B1004314311072N07615394EA000000214528
B1004324311068N07615384EA000000214789
B1004334311067N07615374EA000000214999
B1004344311069N07615363EA000000215039
B1004354311072N07615355EA000000215347
B1004364311076N07615349EA000000215708
B1004374311079N07615345EA000000216034
B1004384311082N07615342EA000000216338
B1004394311084N07615342EA000000216790
B1004404311086N07615344EA000000216981
B1004414311087N07615348EA000000217039
B1004424311087N07615353EA000000217073
B1004434311086N07615357EA000000217178
B1004444311075N07615357EA000000217181
B1004454311068N07615355EA000000217498
B1004464311062N07615351EA000000217759
B1004474311057N07615347EA000000218209
B1004484311051N07615342EA000000218335
B1004494311046N07615334EA000000218655
B1004504311042N07615324EA000000218798
B1004514311041N07615314EA000000218906
B1004524311042N07615304EA000000218993
B1004534311045N07615296EA000000219377
B1004544311049N07615291EA000000219632
B1004554311053N07615287EA000000219854
B1004564311057N07615286EA000000220132
B1004574311060N07615287EA000000220450
B1004584311062N07615290EA000000220613
B1004594311061N07615295EA000000221062
B1005004311059N07615299EA000000221354
B1005014311055N07615302EA000000221445
B1005024311048N07615303EA000000221594
B1005034311041N07615302EA000000221781
B1005044311035N07615296EA000000221929
B1005054311030N07615289EA000000222055
B1005064311025N07615281EA000000222136
B1005074311023N07615273EA000000222123
B1005084311026N07615260EA000000222348
B1005094311028N07615252EA000000222647
B1005104311030N07615245EA000000222948
B1005114311034N07615239EA000000223116
B1005124311037N07615235EA000000223367
B1005134311041N07615234EA000000223525
B1005144311043N07615237EA000000223771
B1005154311046N07615239EA000000223826
B1005164311046N07615243EA000000223994
B1005174311047N07615247EA000000223911
B1005184311035N07615251EA000000223862
B1005194311027N07615251EA000000224084
B1005204311021N07615250EA000000224375
B1005214311016N07615248EA000000224743
B1005224311011N07615245EA000000224800
B1005234311005N07615239EA000000225019
B1005244310999N07615232EA000000225075
B1005254310995N07615223EA000000225101
B1005264310993N07615213EA000000225226
B1005274310995N07615203EA000000225281
B1005284310998N07615194EA000000225204
B1005294311002N07615191EA000000225491
B1005304311006N07615189EA000000225775
B1005314311008N07615190EA000000226071
B1005324311011N07615192EA000000226130
B1005334311013N07615195EA000000226253
B1005344311015N07615199EA000000226514
B1005354311015N07615203EA000000227009
B1005364311012N07615208EA000000227622
B1005374311006N07615211EA000000228083
B1005384311000N07615213EA000000228241
B1005394310993N07615212EA000000228696
B1005404310987N07615210EA000000228982
B1005414310982N07615205EA000000229033
B1005424310977N07615197EA000000229073
B1005434310973N07615189EA000000229091
B1005444310971N07615179EA000000228904
B1005454310970N07615170EA000000228882
B1005464310972N07615161EA000000228936
B1005474310975N07615154EA000000228861
B1005484310979N07615149EA000000228998
B1005494310983N07615148EA000000228980
B1005504310987N07615147EA000000229159
B1005514310990N07615150EA000000229291
B1005524310994N07615152EA000000229543
B1005534310997N07615154EA000000230060
B1005544310999N07615155EA000000230687
B1005554311001N07615157EA000000231205
B1005564311001N07615161EA000000231600
B1005574310999N07615166EA000000231942
B1005584310997N07615170EA000000232024
B1005594310990N07615173EA000000232199
B1006004310985N07615176EA000000232207
B1006014310977N07615172EA000000232358
B1006024310972N07615166EA000000232627
B1006034310968N07615157EA000000232821
B1006044310966N07615148EA000000233086
B1006054310967N07615140EA000000233204
B1006064310968N07615130EA000000233587
B1006074310971N07615123EA000000233930
B1006084310974N07615116EA000000234352
B1006094310977N07615114EA000000234869
B1006104310981N07615116EA000000235200
B1006114310983N07615119EA000000235629
B1006124310983N07615123EA000000236083
B1006134310982N07615127EA000000236419
B1006144310979N07615132EA000000237036
B1006154310975N07615137EA000000237348
B1006164310970N07615141EA000000237522
B1006174310963N07615142EA000000237923
B1006184310956N07615141EA000000238202
B1006194310948N07615136EA000000238362
B1006204310943N07615128EA000000238609
B1006214310938N07615119EA000000238968
B1006224310936N07615109EA000000239098
B1006234310938N07615100EA000000239469
B1006244310941N07615093EA000000239902
B1006254310945N07615089EA000000240386
B1006264310949N07615089EA000000240776
B1006274310952N07615091EA000000241285
B1006284310955N07615094EA000000241633
B1006294310957N07615096EA000000242281
B1006304310960N07615097EA000000242818
B1006314310962N07615099EA000000243200
B1006324310963N07615102EA000000243414
B1006334310963N07615107EA000000243609
B1006344310960N07615114EA000000243797
B1006354310956N07615119EA000000243906
B1006364310949N07615121EA000000244158
B1006374310941N07615120EA000000244360
B1006384310934N07615113EA000000244490
B1006394310929N07615103EA000000244797
B1006404310928N07615095EA000000244988
B1006414310929N07615087EA000000245195
B1006424310932N07615081EA000000245677
B1006434310936N07615078EA000000246153
B1006444310940N07615077EA000000246537
B1006454310943N07615078EA000000247147
B1006464310945N07615081EA000000247643
B1006474310946N07615085EA000000247947
B1006484310947N07615091EA000000248243
B1006494310948N07615096EA000000248428
B1006504310949N07615101EA000000248722
B1006514310948N07615105EA000000249194
B1006524310947N07615109EA000000249526
B1006534310942N07615114EA000000249795
B1006544310936N07615117EA000000249817
B1006554310928N07615118EA000000249952
B1006564310921N07615115EA000000250345
B1006574310915N07615110EA000000250581
B1006584310911N07615103EA000000250846
B1006594310907N07615095EA000000251056
B1007004310905N07615087EA000000251250
B1007014310905N07615078EA000000251352
B1007024310907N07615069EA000000251586
B1007034310911N07615064EA000000251871
B1007044310915N07615062EA000000252259
B1007054310918N07615064EA000000252671
B1007064310921N07615067EA000000252911
B1007074310922N07615071EA000000253153
B1007084310923N07615076EA000000253432
B1007094310923N07615081EA000000253742
B1007104310921N07615087EA000000253800
B1007114310915N07615092EA000000254071
B1007124310908N07615094EA000000254184
B1007134310901N07615093EA000000254319
B1007144310893N07615089EA000000254591
B1007154310888N07615082EA000000254892
B1007164310886N07615074EA000000254904
B1007174310884N07615065EA000000255215
B1007184310884N07615057EA000000255344
B1007194310885N07615049EA000000255759
B1007204310887N07615044EA000000256082
B1007214310890N07615040EA000000256485
B1007224310894N07615038EA000000256786
B1007234310898N07615039EA000000257052
B1007244310901N07615041EA000000257244
B1007254310903N07615045EA000000257557
B1007264310903N07615050EA000000257995
B1007274310902N07615055EA000000258165
B1007284310899N07615061EA000000258450
B1007294310894N07615065EA000000258653
B1007304310888N07615067EA000000258809
B1007314310880N07615067EA000000259077
B1007324310873N07615064EA000000259293
B1007334310868N07615059EA000000259490
B1007344310864N07615052EA000000260073
B1007354310861N07615045EA000000260323
B1007364310859N07615037EA000000260503
B1007374310858N07615028EA000000260618
B1007384310858N07615020EA000000260833
B1007394310860N07615013EA000000261155
B1007404310864N07615009EA000000261445
B1007414310868N07615008EA000000261676
B1007424310871N07615010EA000000261897
B1007434310874N07615014EA000000262210
B1007444310875N07615017EA000000262669
B1007454310876N07615021EA000000263085
B1007464310877N07615025EA000000263293
B1007474310878N07615030EA000000263414
B1007484310876N07615036EA000000263510
B1007494310870N07615040EA000000263539
B1007504310862N07615044EA000000263783
B1007514310855N07615045EA000000263709
B1007524310848N07615041EA000000263874
B1007534310843N07615034EA000000263993
B1007544310843N07615025EA000000264098
B1007554310842N07615015EA000000264115
B1007564310841N07615006EA000000264301
B1007574310841N07614998EA000000264653
B1007584310843N07614991EA000000264946
B1007594310846N07614987EA000000265341
B1008004310850N07614986EA000000265474
B1008014310854N07614988EA000000265790
B1008024310857N07614991EA000000266193
B1008034310860N07614995EA000000266342
B1008044310863N07614999EA000000266601
B1008054310866N07615002EA000000266900
B1008064310869N07615002EA000000267149
B1008074310872N07615003EA000000267598
B1008084310876N07615005EA000000267729
B1008094310879N07615009EA000000268130
B1008104310881N07615013EA000000268603
B1008114310878N07615019EA000000268718
B1008124310876N07615025EA000000269249
B1008134310871N07615030EA000000269430
B1008144310864N07615031EA000000269535
B1008154310857N07615028EA000000269711
B1008164310850N07615023EA000000270383
B1008174310845N07615016EA000000270791
B1008184310842N07615009EA000000271031
B1008194310840N07615001EA000000271222
B1008204310839N07614993EA000000271411
B1008214310840N07614984EA000000271601
B1008224310842N07614976EA000000271715
B1008234310845N07614970EA000000271958
B1008244310850N07614968EA000000272113
B1008254310854N07614968EA000000272365
B1008264310857N07614970EA000000272696
B1008274310860N07614973EA000000273050
B1008284310862N07614975EA000000273416
B1008294310863N07614978EA000000274154
B1008304310865N07614980EA000000274695
B1008314310867N07614983EA000000274929
B1008324310867N07614988EA000000275400
B1008334310864N07614992EA000000275615
B1008344310857N07614995EA000000275882
B1008354310852N07614996EA000000275979
B1008364310846N07614992EA000000275968
B1008374310840N07614979EA000000276064
B1008384310839N07614966EA000000276387
B1008394310838N07614955EA000000276492
B1008404310838N07614946EA000000276636
B1008414310839N07614940EA000000276854
B1008424310844N07614937EA000000277282
B1008434310850N07614935EA000000277693
B1008444310856N07614935EA000000278226
B1008454310861N07614937EA000000278950
B1008464310864N07614941EA000000279720
B1008474310866N07614945EA000000280305
B1008484310863N07614950EA000000280667
B1008494310858N07614954EA000000281043
B1008504310852N07614955EA000000281878
B1008514310846N07614955EA000000282234
B1008524310839N07614952EA000000282760
B1008534310833N07614945EA000000283070
B1008544310829N07614936EA000000283468
B1008554310826N07614928EA000000284102
B1008564310823N07614919EA000000284746
B1008574310822N07614910EA000000285236
B1008584310822N07614901EA000000285593
B1008594310825N07614891EA000000285769
B1009004310829N07614885EA000000286134
B1009014310834N07614882EA000000286572
B1009024310839N07614882EA000000287021
B1009034310842N07614884EA000000287607
B1009044310844N07614888EA000000288179
B1009054310845N07614893EA000000288444
B1009064310845N07614897EA000000289038
B1009074310844N07614902EA000000289610
B1009084310841N07614906EA000000290020
B1009094310836N07614909EA000000290258
B1009104310829N07614910EA000000290410
B1009114310822N07614905EA000000290705
B1009124310815N07614899EA000000290962
B1009134310813N07614886EA000000291145
B1009144310812N07614874EA000000291307
B1009154310814N07614864EA000000291593
B1009164310817N07614856EA000000291623
B1009174310820N07614854EA000000291998
B1009184310825N07614852EA000000292421
B1009194310829N07614851EA000000293130
B1009204310833N07614851EA000000293695
B1009214310837N07614853EA000000294098
B1009224310840N07614858EA000000294527
B1009234310840N07614865EA000000295134
B1009244310838N07614872EA000000295571
B1009254310833N07614877EA000000296028
B1009264310827N07614880EA000000296707
B1009274310820N07614880EA000000297343
B1009284310814N07614877EA000000297967
B1009294310809N07614873EA000000298679
B1009304310805N07614868EA000000299367
B1009314310802N07614862EA000000299842
B1009324310800N07614853EA000000300119
B1009334310799N07614844EA000000300496
B1009344310802N07614835EA000000300583
B1009354310808N07614829EA000000300615
B1009364310813N07614827EA000000301069
B1009374310817N07614827EA000000301686
B1009384310820N07614829EA000000302320
B1009394310822N07614829EA000000303028
B1009404310823N07614833EA000000303580
B1009414310825N07614838EA000000303818
B1009424310825N07614846EA000000304035
B1009434310823N07614852EA000000304498
B1009444310820N07614857EA000000304668
B1009454310816N07614862EA000000304767
B1009464310808N07614862EA000000304885
B1009474310797N07614862EA000000305049
B1009484310790N07614856EA000000304975
B1009494310789N07614848EA000000305213
B1009504310787N07614836EA000000305540
B1009514310788N07614825EA000000305807
B1009524310790N07614817EA000000306326
B1009534310794N07614813EA000000306860
B1009544310799N07614812EA000000307362
B1009554310802N07614814EA000000308175
B1009564310804N07614820EA000000308529
B1009574310803N07614826EA000000309314
B1009584310800N07614831EA000000310171
B1009594310797N07614834EA000000310779
B1010004310793N07614838EA000000311167
B1010014310788N07614841EA000000311423
B1010024310781N07614843EA000000311743
B1010034310774N07614843EA000000311824
B1010044310767N07614841EA000000312117
B1010054310760N07614838EA000000312343
B1010064310754N07614831EA000000312584
B1010074310750N07614823EA000000313081
B1010084310749N07614814EA000000313429
B1010094310749N07614807EA000000314032
B1010104310751N07614801EA000000314403
B1010114310754N07614797EA000000314703
B1010124310758N07614794EA000000315014
B1010134310762N07614795EA000000315444
B1010144310765N07614799EA000000315990
B1010154310767N07614803EA000000316469
B1010164310767N07614809EA000000316978
B1010174310766N07614816EA000000317390
B1010184310764N07614821EA000000317701
B1010194310759N07614825EA000000318066
B1010204310754N07614829EA000000318223
B1010214310747N07614831EA000000318487
B1010224310741N07614833EA000000318750
B1010234310734N07614831EA000000318894
B1010244310728N07614828EA000000319071
B1010254310722N07614822EA000000319273
B1010264310717N07614815EA000000319556
B1010274310714N07614808EA000000320075
B1010284310712N07614802EA000000320693
B1010294310713N07614795EA000000320913
B1010304310714N07614788EA000000321106
B1010314310716N07614783EA000000321242
B1010324310719N07614779EA000000321627
B1010334310723N07614778EA000000321853
B1010344310727N07614779EA000000322136
B1010354310730N07614781EA000000322696
B1010364310733N07614784EA000000323057
B1010374310735N07614788EA000000323531
B1010384310736N07614791EA000000323999
B1010394310738N07614796EA000000324194
B1010404310741N07614801EA000000324316
B1010414310743N07614806EA000000324665
B1010424310745N07614811EA000000324826
B1010434310746N07614816EA000000325238
B1010444310747N07614821EA000000325483
B1010454310749N07614826EA000000325597
B1010464310752N07614831EA000000325776
B1010474310756N07614834EA000000325844
B1010484310758N07614836EA000000326364
B1010494310760N07614838EA000000326753
B1010504310763N07614840EA000000326936
B1010514310767N07614842EA000000326975
B1010524310772N07614845EA000000326991
B1010534310777N07614848EA000000327088
B1010544310781N07614853EA000000327132
B1010554310783N07614858EA000000327496
B1010564310786N07614863EA000000327558
B1010574310790N07614868EA000000327636
B1010584310794N07614873EA000000327913
B1010594310798N07614876EA000000328276
B1011004310802N07614879EA000000328567
B1011014310806N07614882EA000000328863
B1011024310811N07614884EA000000329120
B1011034310816N07614886EA000000329301
B1011044310820N07614889EA000000329650
B1011054310825N07614891EA000000329830
B1011064310829N07614893EA000000330367
B1011074310834N07614896EA000000330613
B1011084310838N07614900EA000000330870
B1011094310843N07614903EA000000331099
B1011104310848N07614907EA000000331197
B1011114310853N07614911EA000000331434
B1011124310857N07614915EA000000331757
B1011134310861N07614920EA000000332058
B1011144310865N07614926EA000000332163
B1011154310870N07614932EA000000332311
B1011164310874N07614937EA000000332590
B1011174310880N07614940EA000000332614
B1011184310885N07614943EA000000332726
B1011194310890N07614946EA000000332925
B1011204310894N07614950EA000000333169
B1011214310899N07614955EA000000333208
B1011224310903N07614960EA000000333274
B1011234310908N07614963EA000000333379
B1011244310913N07614966EA000000333536
B1011254310917N07614968EA000000333668
B1011264310921N07614971EA000000333757
B1011274310926N07614975EA000000333604
B1011284310930N07614978EA000000333668
B1011294310935N07614981EA000000333555
B1011304310940N07614983EA000000333529
B1011314310944N07614986EA000000333597
B1011324310949N07614990EA000000333531
B1011334310952N07614993EA000000333579
B1011344310955N07614997EA000000333433
B1011354310957N07615001EA000000333585
B1011364310960N07615005EA000000333394
B1011374310964N07615009EA000000333182
B1011384310968N07615012EA000000332960
B1011394310972N07615015EA000000332846
B1011404310976N07615019EA000000332708
B1011414310979N07615024EA000000332552
B1011424310983N07615028EA000000332348
B1011434310987N07615033EA000000332265
B1011444310992N07615036EA000000332008
B1011454310996N07615039EA000000331702
B1011464310999N07615042EA000000331490
B1011474311003N07615046EA000000331034
B1011484311006N07615052EA000000330560
B1011494311010N07615058EA000000330034
B1011504311014N07615063EA000000329586
B1011514311020N07615067EA000000329320
B1011524311024N07615069EA000000329146
B1011534311028N07615071EA000000329043
B1011544311031N07615073EA000000329124
B1011554311033N07615075EA000000328992
B1011564311037N07615076EA000000328933
B1011574311040N07615077EA000000328693
B1011584311045N07615078EA000000328335
B1011594311048N07615080EA000000328297
B1012004311051N07615084EA000000328073
B1012014311053N07615088EA000000327858
B1012024311055N07615093EA000000327623
B1012034311057N07615097EA000000327274
B1012044311060N07615102EA000000326850
B1012054311063N07615107EA000000326471
B1012064311066N07615111EA000000326297
B1012074311070N07615115EA000000326117
B1012084311073N07615118EA000000326047
B1012094311076N07615123EA000000325832
B1012104311078N07615128EA000000325756
B1012114311081N07615134EA000000325452
B1012124311084N07615138EA000000325293
B1012134311088N07615141EA000000324968
B1012144311092N07615144EA000000324736
B1012154311095N07615147EA000000324717
B1012164311096N07615150EA000000324596
B1012174311099N07615153EA000000324346
B1012184311102N07615157EA000000323983
B1012194311106N07615161EA000000323650
B1012204311110N07615164EA000000323450
B1012214311113N07615166EA000000323479
B1012224311116N07615169EA000000323337
B1012234311118N07615172EA000000323333
B1012244311120N07615175EA000000323088
B1012254311123N07615179EA000000322786
B1012264311127N07615183EA000000322259
B1012274311131N07615188EA000000321922
B1012284311134N07615191EA000000321873
B1012294311137N07615194EA000000321744
B1012304311139N07615197EA000000321694
B1012314311142N07615201EA000000321225
B1012324311145N07615206EA000000320852
B1012334311149N07615211EA000000320340
B1012344311153N07615214EA000000319995
B1012354311157N07615217EA000000319873
B1012364311161N07615219EA000000319707
B1012374311164N07615223EA000000319452
B1012384311168N07615226EA000000319066
B1012394311172N07615230EA000000318698
B1012404311177N07615235EA000000318208
B1012414311180N07615240EA000000318015
B1012424311182N07615245EA000000317942
B1012434311184N07615249EA000000317837
B1012444311186N07615254EA000000317518
B1012454311188N07615260EA000000317225
B1012464311190N07615266EA000000316924
B1012474311192N07615270EA000000316792
B1012484311195N07615273EA000000316546
B1012494311198N07615275EA000000316452
B1012504311201N07615278EA000000316250
B1012514311204N07615281EA000000315948
B1012524311207N07615285EA000000315862
B1012534311211N07615287EA000000315709
B1012544311214N07615289EA000000315584
B1012554311218N07615292EA000000315424
B1012564311221N07615296EA000000315249
B1012574311224N07615302EA000000315053
B1012584311228N07615306EA000000314901
B1012594311231N07615309EA000000314901
B1013004311234N07615310EA000000314908
B1013014311236N07615313EA000000314984
B1013024311239N07615318EA000000314703
B1013034311240N07615324EA000000314572
B1013044311242N07615329EA000000314397
B1013054311245N07615333EA000000314238
B1013064311247N07615338EA000000314256
B1013074311249N07615342EA000000314139
B1013084311251N07615347EA000000314043
B1013094311253N07615352EA000000313783
B1013104311255N07615357EA000000313694
B1013114311257N07615362EA000000313692
B1013124311259N07615366EA000000313699
B1013134311261N07615371EA000000313690
B1013144311265N07615374EA000000313542
B1013154311269N07615377EA000000313325
B1013164311272N07615381EA000000313232
B1013174311275N07615384EA000000313215
B1013184311276N07615388EA000000313189
B1013194311278N07615393EA000000312938
B1013204311281N07615399EA000000312602
B1013214311284N07615404EA000000312344
B1013224311288N07615408EA000000312022
B1013234311291N07615412EA000000312022
B1013244311293N07615416EA000000311996
B1013254311296N07615420EA000000311985
B1013264311300N07615425EA000000311611
B1013274311304N07615430EA000000311303
B1013284311307N07615436EA000000311147
B1013294311309N07615443EA000000311184
B1013304311311N07615449EA000000311068
B1013314311313N07615455EA000000311044
B1013324311315N07615460EA000000310984
B1013334311318N07615465EA000000310737
B1013344311320N07615471EA000000310590
B1013354311324N07615476EA000000310227
B1013364311327N07615482EA000000310028
B1013374311330N07615488EA000000310031
B1013384311332N07615493EA000000310081
B1013394311335N07615498EA000000309902
B1013404311337N07615503EA000000309728
B1013414311339N07615509EA000000309679
B1013424311342N07615515EA000000309458
B1013434311345N07615521EA000000309324
B1013444311347N07615527EA000000309282
B1013454311351N07615531EA000000309008
B1013464311354N07615537EA000000308631
B1013474311357N07615542EA000000308495
B1013484311361N07615547EA000000308219
B1013494311364N07615553EA000000308128
B1013504311367N07615558EA000000308059
B1013514311371N07615563EA000000307831
B1013524311375N07615567EA000000307650
B1013534311379N07615571EA000000307458
B1013544311383N07615577EA000000307331
B1013554311386N07615582EA000000307377
B1013564311390N07615587EA000000307291
B1013574311395N07615590EA000000307180
B1013584311400N07615591EA000000306926
B1013594311404N07615593EA000000306738
B1014004311407N07615597EA000000306732
B1014014311409N07615601EA000000306657
B1014024311411N07615607EA000000306470
B1014034311414N07615612EA000000306155
B1014044311418N07615618EA000000305713
B1014054311421N07615624EA000000305541
B1014064311424N07615630EA000000305335
B1014074311426N07615635EA000000305399
B1014084311429N07615641EA000000305336
B1014094311431N07615645EA000000305365
B1014104311434N07615648EA000000305228
B1014114311437N07615652EA000000305154
B1014124311440N07615656EA000000304946
B1014134311443N07615661EA000000304826
B1014144311446N07615667EA000000304622
B1014154311448N07615673EA000000304571
B1014164311451N07615678EA000000304434
B1014174311453N07615684EA000000304521
B1014184311455N07615688EA000000304426
B1014194311457N07615693EA000000304337
B1014204311459N07615699EA000000304270
B1014214311462N07615704EA000000304141
B1014224311465N07615707EA000000304076
B1014234311469N07615711EA000000303936
B1014244311472N07615716EA000000303743
B1014254311475N07615721EA000000303581
B1014264311480N07615725EA000000303306
B1014274311483N07615730EA000000303272
B1014284311487N07615734EA000000303139
B1014294311490N07615740EA000000303021
B1014304311493N07615745EA000000302901
B1014314311495N07615750EA000000302891
B1014324311499N07615754EA000000302638
B1014334311503N07615759EA000000302426
B1014344311506N07615764EA000000302367
B1014354311509N07615770EA000000302192
B1014364311512N07615776EA000000302070
B1014374311515N07615781EA000000301912
B1014384311517N07615785EA000000301875
B1014394311520N07615790EA000000301623
B1014404311522N07615795EA000000301483
B1014414311525N07615801EA000000301162
B1014424311528N07615807EA000000300827
B1014434311530N07615814EA000000300570
B1014444311533N07615819EA000000300346
B1014454311536N07615824EA000000300203
B1014464311538N07615828EA000000300148
B1014474311540N07615833EA000000300066
B1014484311542N07615838EA000000299875
B1014494311545N07615843EA000000299607
B1014504311547N07615849EA000000299355
B1014514311550N07615855EA000000299121
B1014524311553N07615860EA000000298926
B1014534311555N07615865EA000000298768
B1014544311558N07615869EA000000298508
B1014554311560N07615874EA000000298393
B1014564311563N07615878EA000000298137
B1014574311566N07615883EA000000297865
B1014584311570N07615888EA000000297405
B1014594311573N07615893EA000000297114
B1015004311575N07615897EA000000297096
B1015014311577N07615901EA000000296988
B1015024311579N07615905EA000000296765
B1015034311580N07615909EA000000296690
B1015044311582N07615913EA000000296383
B1015054311584N07615918EA000000296090
B1015064311586N07615922EA000000295869
B1015074311588N07615928EA000000295540
B1015084311590N07615933EA000000295301
B1015094311591N07615937EA000000295069
B1015104311593N07615943EA000000294812
B1015114311594N07615948EA000000294563
B1015124311596N07615954EA000000294215
B1015134311597N07615960EA000000293945
B1015144311599N07615965EA000000293629
B1015154311600N07615971EA000000293473
B1015164311602N07615976EA000000293146
B1015174311604N07615981EA000000292928
B1015184311606N07615986EA000000292607
B1015194311608N07615990EA000000292516
B1015204311610N07615994EA000000292137
B1015214311612N07615999EA000000291819
B1015224311613N07616005EA000000291575
B1015234311615N07616011EA000000291311
B1015244311616N07616016EA000000291157
B1015254311617N07616022EA000000290971
B1015264311618N07616027EA000000290792
B1015274311619N07616032EA000000290454
B1015284311620N07616037EA000000290185
B1015294311621N07616043EA000000289941
B1015304311622N07616048EA000000289571
B1015314311624N07616052EA000000289082
B1015324311627N07616055EA000000288685
B1015334311631N07616058EA000000288307
B1015344311634N07616061EA000000288036
B1015354311637N07616065EA000000287832
B1015364311640N07616068EA000000287565
B1015374311643N07616071EA000000287494
B1015384311646N07616074EA000000287182
B1015394311650N07616076EA000000286862
B1015404311654N07616077EA000000286769
B1015414311658N07616080EA000000286525
B1015424311661N07616084EA000000286361
B1015434311664N07616087EA000000286166
B1015444311667N07616091EA000000285886
B1015454311671N07616094EA000000285582
B1015464311675N07616096EA000000285392
B1015474311679N07616098EA000000285290
B1015484311684N07616100EA000000285208
B1015494311687N07616104EA000000285070
B1015504311691N07616107EA000000284888
B1015514311695N07616111EA000000284746
B1015524311699N07616114EA000000284443
B1015534311702N07616116EA000000284489
B1015544311706N07616119EA000000284226
B1015554311709N07616122EA000000284170
B1015564311713N07616125EA000000284012
B1015574311717N07616127EA000000283835
B1015584311721N07616130EA000000283630
B1015594311725N07616132EA000000283505
B1016004311727N07616135EA000000283599
B1016014311730N07616138EA000000283438
B1016024311732N07616142EA000000283153
B1016034311736N07616145EA000000282670
B1016044311741N07616147EA000000282332
B1016054311745N07616148EA000000282265
B1016064311748N07616150EA000000282200
B1016074311749N07616151EA000000282258
B1016084311751N07616154EA000000282060
B1016094311754N07616156EA000000281780
B1016104311758N07616158EA000000281357
B1016114311762N07616160EA000000281128
B1016124311764N07616163EA000000281151
B1016134311766N07616164EA000000281167
B1016144311767N07616167EA000000281181
B1016154311769N07616169EA000000280948
B1016164311771N07616173EA000000280658
B1016174311774N07616178EA000000280226
B1016184311776N07616183EA000000279974
B1016194311778N07616187EA000000279759
B1016204311779N07616191EA000000279674
B1016214311781N07616194EA000000279516
B1016224311783N07616198EA000000279255
B1016234311786N07616202EA000000278868
B1016244311790N07616206EA000000278515
B1016254311793N07616208EA000000278374
B1016264311797N07616209EA000000278300
B1016274311799N07616210EA000000278380
B1016284311802N07616211EA000000278222
B1016294311804N07616213EA000000278144
B1016304311806N07616216EA000000277985
B1016314311809N07616220EA000000277624
B1016324311811N07616224EA000000277554
B1016334311814N07616227EA000000277420
B1016344311816N07616229EA000000277409
B1016354311818N07616232EA000000277327
B1016364311820N07616235EA000000277257
B1016374311823N07616238EA000000277119
B1016384311825N07616242EA000000277099
B1016394311828N07616246EA000000277050
B1016404311830N07616249EA000000277060
B1016414311832N07616251EA000000277067
B1016424311834N07616255EA000000276894
B1016434311837N07616258EA000000276559
B1016444311839N07616263EA000000276392
B1016454311841N07616266EA000000276299
B1016464311844N07616270EA000000276004
B1016474311847N07616273EA000000275910
B1016484311849N07616275EA000000275686
B1016494311852N07616278EA000000275390
B1016504311855N07616281EA000000275015
B1016514311857N07616285EA000000274911
B1016524311859N07616288EA000000274853
B1016534311861N07616290EA000000274880
B1016544311863N07616292EA000000274785
B1016554311865N07616294EA000000274897
B1016564311868N07616297EA000000274726
B1016574311870N07616301EA000000274670
B1016584311873N07616304EA000000274584
B1016594311876N07616307EA000000274376
B1017004311879N07616310EA000000274385
B1017014311883N07616313EA000000274305
B1017024311886N07616315EA000000274347
B1017034311889N07616318EA000000274274
B1017044311893N07616320EA000000274227
B1017054311896N07616323EA000000274207
B1017064311898N07616327EA000000274150
B1017074311900N07616330EA000000274177
B1017084311903N07616334EA000000274128
B1017094311906N07616338EA000000274159
B1017104311910N07616342EA000000274216
B1017114311912N07616346EA000000274384
B1017124311914N07616349EA000000274599
B1017134311916N07616353EA000000274556
B1017144311918N07616358EA000000274540
B1017154311920N07616362EA000000274598
B1017164311923N07616367EA000000274591
B1017174311926N07616370EA000000274485
B1017184311930N07616373EA000000274516
B1017194311933N07616376EA000000274558
B1017204311936N07616380EA000000274576
B1017214311939N07616384EA000000274581
B1017224311942N07616387EA000000274598
B1017234311946N07616391EA000000274546
B1017244311949N07616395EA000000274682
B1017254311953N07616398EA000000274637
B1017264311956N07616402EA000000274668
B1017274311959N07616407EA000000274581
B1017284311962N07616411EA000000274634
B1017294311964N07616416EA000000274690
B1017304311967N07616420EA000000274646
B1017314311970N07616425EA000000274712
B1017324311972N07616429EA000000274869
B1017334311975N07616433EA000000274835
B1017344311977N07616437EA000000274975
B1017354311979N07616441EA000000275084
B1017364311981N07616445EA000000275161
B1017374311983N07616449EA000000275117
B1017384311985N07616454EA000000275104
B1017394311987N07616458EA000000275176
B1017404311990N07616462EA000000275118
B1017414311992N07616466EA000000275245
B1017424311994N07616470EA000000275231
B1017434311996N07616473EA000000275216
B1017444311998N07616477EA000000275203
B1017454312000N07616480EA000000275298
B1017464312003N07616485EA000000275091
B1017474312006N07616489EA000000275052
B1017484312009N07616492EA000000275015
B1017494312011N07616496EA000000274904
B1017504312012N07616500EA000000274893
B1017514312014N07616504EA000000274794
B1017524312016N07616509EA000000274551
B1017534312018N07616514EA000000274341
B1017544312020N07616519EA000000274142
B1017554312022N07616523EA000000274047
B1017564312025N07616527EA000000273923
B1017574312028N07616531EA000000273624
B1017584312031N07616535EA000000273466
B1017594312035N07616540EA000000273115
B1018004312038N07616545EA000000272885
B1018014312042N07616549EA000000272663
B1018024312046N07616551EA000000272536
B1018034312049N07616553EA000000272469
B1018044312053N07616556EA000000272316
B1018054312055N07616559EA000000272287
B1018064312059N07616562EA000000271809
B1018074312062N07616565EA000000271556
B1018084312066N07616567EA000000271392
B1018094312070N07616569EA000000271242
B1018104312073N07616571EA000000271144
B1018114312076N07616574EA000000271053
B1018124312079N07616577EA000000270827
B1018134312083N07616581EA000000270503
B1018144312086N07616584EA000000270339
B1018154312089N07616588EA000000270131
B1018164312091N07616592EA000000270064
B1018174312093N07616595EA000000269879
B1018184312096N07616599EA000000269631
B1018194312098N07616602EA000000269432
B1018204312101N07616604EA000000269138
B1018214312104N07616606EA000000268982
B1018224312108N07616607EA000000268745
B1018234312112N07616609EA000000268500
B1018244312115N07616610EA000000268359
B1018254312118N07616613EA000000268354
B1018264312121N07616615EA000000268236
B1018274312124N07616617EA000000268006
B1018284312127N07616619EA000000267916
B1018294312130N07616622EA000000267803
B1018304312133N07616625EA000000267637
B1018314312136N07616628EA000000267509
B1018324312138N07616631EA000000267426
B1018334312140N07616633EA000000267384
B1018344312143N07616635EA000000267263
B1018354312146N07616636EA000000266999
B1018364312149N07616639EA000000266881
B1018374312152N07616642EA000000266714
B1018384312154N07616645EA000000266727
B1018394312155N07616648EA000000266799
B1018404312158N07616651EA000000266611
B1018414312160N07616652EA000000266594
B1018424312164N07616654EA000000266411
B1018434312167N07616656EA000000266307
B1018444312170N07616659EA000000266300
B1018454312173N07616660EA000000266225
B1018464312176N07616662EA000000266150
B1018474312179N07616663EA000000266097
B1018484312183N07616665EA000000266032
B1018494312186N07616666EA000000265988
B1018504312189N07616667EA000000265998
B1018514312193N07616667EA000000265842
B1018524312197N07616666EA000000265842
B1018534312201N07616665EA000000265775
B1018544312206N07616665EA000000265721
B1018554312210N07616665EA000000265725
B1018564312213N07616665EA000000265850
B1018574312215N07616663EA000000265984
B1018584312217N07616660EA000000266067
B1018594312219N07616659EA000000266181
B1019004312222N07616659EA000000266141
B1019014312225N07616660EA000000266040
B1019024312228N07616660EA000000265899
B1019034312232N07616661EA000000265821
B1019044312234N07616661EA000000265995
B1019054312236N07616662EA000000266074
B1019064312238N07616664EA000000266201
B1019074312239N07616666EA000000266238
B1019084312240N07616668EA000000266387
B1019094312242N07616670EA000000266397
B1019104312245N07616672EA000000266320
B1019114312246N07616673EA000000266597
B1019124312248N07616675EA000000266625
B1019134312249N07616677EA000000266728
B1019144312247N07616683EA000000266891
B1019154312247N07616688EA000000266839
B1019164312245N07616695EA000000266846
B1019174312241N07616702EA000000266885
B1019184312235N07616708EA000000266961
B1019194312228N07616710EA000000267115
B1019204312220N07616710EA000000267265
B1019214312213N07616706EA000000267348
B1019224312207N07616700EA000000267464
B1019234312203N07616693EA000000267615
B1019244312200N07616684EA000000267758
B1019254312199N07616676EA000000267755
B1019264312200N07616669EA000000267928
B1019274312202N07616665EA000000268014
B1019284312204N07616663EA000000268195
B1019294312208N07616663EA000000268226
B1019304312211N07616665EA000000268405
B1019314312213N07616668EA000000268613
B1019324312214N07616671EA000000268939
B1019334312214N07616676EA000000269086
B1019344312214N07616682EA000000269233
B1019354312212N07616688EA000000269351
B1019364312208N07616694EA000000269435
B1019374312200N07616699EA000000269594
B1019384312192N07616700EA000000269647
B1019394312184N07616697EA000000269733
B1019404312178N07616690EA000000270031
B1019414312172N07616683EA000000270153
B1019424312173N07616674EA000000270236
B1019434312173N07616666EA000000270393
B1019444312175N07616660EA000000270653
B1019454312177N07616656EA000000270944
B1019464312180N07616654EA000000271223
B1019474312183N07616655EA000000271330
B1019484312185N07616658EA000000271457
B1019494312186N07616663EA000000271679
B1019504312184N07616671EA000000271671
B1019514312181N07616677EA000000271868
B1019524312176N07616682EA000000271988
B1019534312170N07616686EA000000272166
B1019544312163N07616688EA000000272384
B1019554312156N07616688EA000000272583
B1019564312149N07616685EA000000272671
B1019574312143N07616679EA000000272785
B1019584312138N07616671EA000000272899
B1019594312136N07616664EA000000272842
B1020004312136N07616655EA000000272825
B1020014312137N07616648EA000000272989
B1020024312140N07616644EA000000273175
B1020034312144N07616643EA000000273303
B1020044312147N07616645EA000000273554
B1020054312149N07616649EA000000273833
B1020064312150N07616654EA000000274043
B1020074312150N07616659EA000000274291
B1020084312151N07616663EA000000274506
B1020094312150N07616668EA000000274672
B1020104312148N07616673EA000000274767
B1020114312144N07616680EA000000274860
B1020124312137N07616684EA000000274936
B1020134312129N07616685EA000000275130
B1020144312121N07616681EA000000275393
B1020154312116N07616676EA000000275616
B1020164312111N07616672EA000000275820
B1020174312106N07616667EA000000276062
B1020184312103N07616661EA000000276131
B1020194312101N07616652EA000000276163
B1020204312102N07616643EA000000276012
B1020214312105N07616636EA000000276041
B1020224312109N07616633EA000000276250
B1020234312112N07616635EA000000276298
B1020244312115N07616639EA000000276192
B1020254312118N07616645EA000000276100
B1020264312117N07616651EA000000276029
B1020274312109N07616658EA000000276073
B1020284312105N07616662EA000000276435
B1020294312100N07616665EA000000276856
B1020304312095N07616668EA000000276939
B1020314312088N07616671EA000000276970
B1020324312080N07616669EA000000276967
B1020334312072N07616664EA000000276739
B1020344312065N07616660EA000000277088
B1020354312059N07616659EA000000277240
B1020364312052N07616659EA000000277436
B1020374312045N07616661EA000000277652
B1020384312039N07616663EA000000277604
B1020394312032N07616666EA000000277875
B1020404312027N07616670EA000000278024
B1020414312023N07616675EA000000278337
B1020424312021N07616682EA000000278424
B1020434312021N07616689EA000000278660
B1020444312024N07616693EA000000278818
B1020454312027N07616694EA000000278939
B1020464312031N07616691EA000000279118
B1020474312033N07616685EA000000279286
B1020484312035N07616677EA000000279412
B1020494312034N07616667EA000000279516
B1020504312030N07616658EA000000279685
B1020514312025N07616651EA000000279832
B1020524312018N07616647EA000000279932
B1020534312011N07616647EA000000280045
B1020544312005N07616651EA000000280166
B1020554312002N07616658EA000000280381
B1020564312002N07616664EA000000280547
B1020574312004N07616669EA000000280736
B1020584312007N07616672EA000000280921
B1020594312010N07616672EA000000281243
B1021004312014N07616671EA000000281410
B1021014312017N07616667EA000000281586
B1021024312021N07616662EA000000281715
B1021034312022N07616654EA000000281844
B1021044312021N07616645EA000000281831
B1021054312017N07616636EA000000281965
B1021064312011N07616630EA000000281913
B1021074312004N07616627EA000000282066
B1021084311997N07616628EA000000282190
B1021094311992N07616631EA000000282301
B1021104311987N07616635EA000000282444
B1021114311984N07616640EA000000282505
B1021124311980N07616645EA000000282669
B1021134311976N07616651EA000000282751
B1021144311972N07616656EA000000282913
B1021154311968N07616661EA000000283128
B1021164311964N07616667EA000000283467
B1021174311961N07616673EA000000283549
B1021184311959N07616679EA000000283607
B1021194311958N07616685EA000000283833
B1021204311960N07616691EA000000284012
B1021214311963N07616693EA000000284197
B1021224311968N07616692EA000000284361
B1021234311972N07616686EA000000284614
B1021244311972N07616678EA000000284784
B1021254311970N07616669EA000000285178
B1021264311966N07616661EA000000285548
B1021274311960N07616656EA000000285965
B1021284311953N07616654EA000000286272
B1021294311946N07616655EA000000286484
B1021304311941N07616661EA000000286640
B1021314311938N07616668EA000000286750
B1021324311939N07616676EA000000286811
B1021334311942N07616681EA000000286955
B1021344311946N07616683EA000000287166
B1021354311950N07616680EA000000287655
B1021364311952N07616675EA000000287851
B1021374311953N07616667EA000000288021
B1021384311952N07616659EA000000288333
B1021394311949N07616652EA000000288764
B1021404311944N07616646EA000000289175
B1021414311938N07616642EA000000289429
B1021424311930N07616643EA000000289593
B1021434311924N07616647EA000000289666
B1021444311920N07616654EA000000289999
B1021454311920N07616662EA000000290138
B1021464311922N07616669EA000000290392
B1021474311927N07616671EA000000290547
B1021484311931N07616669EA000000290894
B1021494311935N07616664EA000000291152
B1021504311937N07616656EA000000291309
B1021514311937N07616649EA000000291812
B1021524311936N07616642EA000000292312
B1021534311933N07616635EA000000292568
B1021544311930N07616628EA000000292727
B1021554311925N07616621EA000000292949
B1021564311919N07616617EA000000293102
B1021574311911N07616616EA000000293390
B1021584311905N07616618EA000000293408
B1021594311900N07616625EA000000293544
B1022004311899N07616632EA000000293786
B1022014311902N07616637EA000000294017
B1022024311906N07616639EA000000294137
B1022034311911N07616638EA000000294311
B1022044311915N07616634EA000000294601
B1022054311917N07616628EA000000295084
B1022064311918N07616620EA000000295487
B1022074311918N07616611EA000000295844
B1022084311915N07616602EA000000296082
B1022094311910N07616594EA000000296265
B1022104311903N07616590EA000000296305
B1022114311895N07616590EA000000296428
B1022124311888N07616595EA000000296642
B1022134311884N07616601EA000000296740
B1022144311883N07616607EA000000297136
B1022154311884N07616613EA000000297319
B1022164311886N07616619EA000000297636
B1022174311889N07616623EA000000298021
B1022184311892N07616624EA000000298470
B1022194311896N07616622EA000000298655
B1022204311900N07616617EA000000298835
B1022214311901N07616609EA000000299090
B1022224311900N07616599EA000000299256
B1022234311895N07616591EA000000299458
B1022244311888N07616587EA000000299549
B1022254311880N07616589EA000000299697
B1022264311875N07616596EA000000299934
B1022274311872N07616603EA000000300147
B1022284311873N07616611EA000000300641
B1022294311876N07616615EA000000300935
B1022304311880N07616616EA000000301315
B1022314311883N07616614EA000000301799
B1022324311887N07616611EA000000301964
B1022334311890N07616606EA000000302381
B1022344311892N07616599EA000000302643
B1022354311892N07616591EA000000302836
B1022364311889N07616583EA000000303064
B1022374311884N07616576EA000000303277
B1022384311877N07616574EA000000303382
B1022394311870N07616576EA000000303335
B1022404311864N07616583EA000000303483
B1022414311862N07616591EA000000303698
B1022424311864N07616598EA000000303889
B1022434311869N07616601EA000000304118
B1022444311873N07616601EA000000304549
B1022454311877N07616599EA000000304837
B1022464311880N07616596EA000000305156
B1022474311883N07616591EA000000305435
B1022484311885N07616584EA000000305733
B1022494311885N07616576EA000000305930
B1022504311882N07616567EA000000306116
B1022514311875N07616562EA000000306356
B1022524311868N07616558EA000000306366
B1022534311863N07616558EA000000306318
B1022544311860N07616572EA000000306375
B1022554311860N07616580EA000000306650
B1022564311862N07616586EA000000306973
B1022574311865N07616591EA000000307163
B1022584311869N07616594EA000000307530
B1022594311872N07616594EA000000307893
B1023004311876N07616592EA000000308180
B1023014311880N07616586EA000000308237
B1023024311882N07616579EA000000308434
B1023034311881N07616571EA000000308770
B1023044311878N07616563EA000000309078
B1023054311873N07616559EA000000309122
B1023064311866N07616558EA000000309247
B1023074311860N07616561EA000000309364
B1023084311856N07616567EA000000309577
B1023094311855N07616574EA000000309846
B1023104311856N07616580EA000000310099
B1023114311860N07616585EA000000310251
B1023124311864N07616587EA000000310383
B1023134311868N07616587EA000000310695
B1023144311872N07616585EA000000310929
B1023154311875N07616581EA000000311149
B1023164311878N07616574EA000000311208
B1023174311879N07616565EA000000311229
B1023184311879N07616556EA000000311436
B1023194311877N07616547EA000000311541
B1023204311872N07616540EA000000311887
B1023214311866N07616538EA000000312065
B1023224311860N07616540EA000000312049
B1023234311854N07616547EA000000311990
B1023244311852N07616554EA000000312173
B1023254311852N07616560EA000000312674
B1023264311852N07616565EA000000312996
B1023274311853N07616570EA000000313156
B1023284311853N07616576EA000000313378
B1023294311853N07616584EA000000313446
B1023304311852N07616591EA000000313568
B1023314311850N07616598EA000000313535
B1023324311847N07616603EA000000313769
B1023334311844N07616608EA000000313942
B1023344311841N07616613EA000000314028
B1023354311838N07616620EA000000314019
B1023364311834N07616628EA000000314086
B1023374311829N07616634EA000000314199
B1023384311824N07616639EA000000314335
B1023394311819N07616642EA000000314613
B1023404311814N07616644EA000000315069
B1023414311810N07616649EA000000315248
B1023424311806N07616656EA000000315210
B1023434311801N07616662EA000000315378
B1023444311796N07616669EA000000315471
B1023454311791N07616673EA000000315899
B1023464311787N07616678EA000000316154
B1023474311782N07616682EA000000316348
B1023484311777N07616688EA000000316452
B1023494311772N07616694EA000000316454
B1023504311767N07616701EA000000316440
B1023514311762N07616707EA000000316557
B1023524311758N07616713EA000000316789
B1023534311755N07616719EA000000316956
B1023544311752N07616724EA000000317045
B1023554311748N07616730EA000000317097
B1023564311745N07616738EA000000316820
B1023574311741N07616746EA000000316501
B1023584311736N07616754EA000000316384
B1023594311732N07616761EA000000316372
B1024004311729N07616766EA000000316418
B1024014311725N07616771EA000000316448
B1024024311721N07616777EA000000316367
B1024034311717N07616784EA000000316267
B1024044311713N07616792EA000000316052
B1024054311708N07616799EA000000315992
B1024064311704N07616803EA000000315907
B1024074311699N07616808EA000000315981
B1024084311695N07616812EA000000315995
B1024094311691N07616817EA000000315785
B1024104311687N07616823EA000000315462
B1024114311683N07616829EA000000315133
B1024124311679N07616835EA000000314912
B1024134311675N07616840EA000000314945
B1024144311672N07616845EA000000314928
B1024154311668N07616851EA000000314843
B1024164311664N07616857EA000000314637
B1024174311660N07616864EA000000314401
B1024184311656N07616870EA000000314342
B1024194311652N07616875EA000000314368
B1024204311649N07616880EA000000314218
B1024214311644N07616886EA000000314264
B1024224311640N07616892EA000000314023
B1024234311636N07616898EA000000313938
B1024244311633N07616905EA000000313757
B1024254311631N07616912EA000000313794
B1024264311629N07616918EA000000313685
B1024274311626N07616924EA000000313595
B1024284311623N07616930EA000000313328
B1024294311619N07616937EA000000313051
B1024304311616N07616943EA000000312806
B1024314311612N07616950EA000000312760
B1024324311609N07616956EA000000312624
B1024334311605N07616962EA000000312462
B1024344311602N07616967EA000000312476
B1024354311600N07616972EA000000312417
B1024364311597N07616978EA000000312304
B1024374311593N07616983EA000000312146
B1024384311589N07616988EA000000311919
B1024394311584N07616995EA000000311891
B1024404311581N07617001EA000000311511
B1024414311577N07617006EA000000311443
B1024424311573N07617010EA000000311464
B1024434311568N07617013EA000000311399
B1024444311564N07617017EA000000311225
B1024454311559N07617021EA000000311058
B1024464311555N07617026EA000000310974
B1024474311552N07617030EA000000310926
B1024484311548N07617033EA000000310977
B1024494311545N07617036EA000000310810
B1024504311541N07617039EA000000310712
B1024514311536N07617042EA000000310579
B1024524311532N07617047EA000000310244
B1024534311528N07617052EA000000310111
B1024544311524N07617056EA000000310082
B1024554311522N07617060EA000000309923
B1024564311519N07617064EA000000309756
B1024574311516N07617069EA000000309611
B1024584311512N07617073EA000000309451
B1024594311508N07617076EA000000309198
B1025004311506N07617080EA000000309020
B1025014311504N07617083EA000000308840
B1025024311502N07617086EA000000308679
B1025034311501N07617091EA000000308310
B1025044311499N07617095EA000000307913
B1025054311496N07617099EA000000307642
B1025064311493N07617102EA000000307336
B1025074311489N07617105EA000000307185
B1025084311486N07617108EA000000306623
B1025094311482N07617111EA000000306385
B1025104311480N07617115EA000000306036
B1025114311477N07617119EA000000305785
B1025124311475N07617122EA000000305547
B1025134311472N07617125EA000000305391
B1025144311470N07617127EA000000305125
B1025154311468N07617129EA000000304917
B1025164311465N07617132EA000000304695
B1025174311464N07617136EA000000304412
B1025184311462N07617139EA000000304133
B1025194311460N07617142EA000000303902
B1025204311457N07617144EA000000303605
B1025214311454N07617146EA000000303424
B1025224311451N07617148EA000000303139
B1025234311448N07617151EA000000302830
B1025244311444N07617153EA000000302598
B1025254311441N07617155EA000000302447
B1025264311438N07617157EA000000302103
B1025274311435N07617158EA000000302015
B1025284311432N07617159EA000000301889
B1025294311430N07617162EA000000301541
B1025304311427N07617165EA000000301181
B1025314311425N07617167EA000000300887
B1025324311423N07617170EA000000300598
B1025334311421N07617173EA000000300441
B1025344311418N07617175EA000000300273
B1025354311415N07617177EA000000300030
B1025364311411N07617180EA000000299690
B1025374311408N07617183EA000000299390
B1025384311406N07617185EA000000299259
B1025394311403N07617187EA000000299258
B1025404311400N07617189EA000000299012
B1025414311396N07617190EA000000298756
B1025424311392N07617192EA000000298477
B1025434311389N07617194EA000000298245
B1025444311386N07617196EA000000298004
B1025454311383N07617197EA000000297837
B1025464311380N07617199EA000000297573
B1025474311378N07617201EA000000297126
B1025484311375N07617204EA000000296735
B1025494311372N07617207EA000000296422
B1025504311369N07617209EA000000296115
B1025514311366N07617211EA000000295801
B1025524311363N07617213EA000000295500
B1025534311360N07617215EA000000295173
B1025544311358N07617218EA000000294781
B1025554311357N07617221EA000000294315
B1025564311355N07617225EA000000293943
B1025574311353N07617228EA000000293589
B1025584311351N07617232EA000000293283
B1025594311349N07617235EA000000293086
B1026004311348N07617238EA000000292825
B1026014311346N07617242EA000000292307
B1026024311343N07617246EA000000291969
B1026034311340N07617250EA000000291698
B1026044311338N07617254EA000000291406
B1026054311334N07617258EA000000291083
B1026064311331N07617262EA000000290776
B1026074311328N07617266EA000000290695
B1026084311325N07617271EA000000290470
B1026094311322N07617275EA000000290322
B1026104311319N07617279EA000000290200
B1026114311316N07617281EA000000290118
B1026124311313N07617285EA000000289976
B1026134311310N07617289EA000000289748
B1026144311307N07617294EA000000289523
B1026154311304N07617298EA000000289432
B1026164311302N07617301EA000000289307
B1026174311299N07617305EA000000289295
B1026184311297N07617309EA000000289141
B1026194311295N07617312EA000000289053
B1026204311292N07617315EA000000288879
B1026214311289N07617318EA000000288559
B1026224311285N07617322EA000000288456
B1026234311281N07617326EA000000288360
B1026244311278N07617328EA000000288439
B1026254311275N07617331EA000000288364
B1026264311272N07617334EA000000288234
B1026274311269N07617337EA000000288005
B1026284311264N07617341EA000000287781
B1026294311260N07617345EA000000287692
B1026304311257N07617348EA000000287664
B1026314311254N07617351EA000000287668
B1026324311251N07617355EA000000287569
B1026334311248N07617359EA000000287367
B1026344311245N07617363EA000000287239
B1026354311242N07617368EA000000287126
B1026364311239N07617372EA000000287158
B1026374311237N07617376EA000000287148
B1026384311234N07617380EA000000287098
B1026394311232N07617384EA000000287059
B1026404311229N07617389EA000000286976
B1026414311227N07617394EA000000286845
B1026424311224N07617399EA000000286797
B1026434311222N07617404EA000000286744
B1026444311219N07617408EA000000286796
B1026454311217N07617412EA000000286848
B1026464311215N07617417EA000000286807
B1026474311213N07617423EA000000286700
B1026484311211N07617428EA000000286851
B1026494311209N07617432EA000000286895
B1026504311207N07617436EA000000286994
B1026514311205N07617440EA000000286953
B1026524311203N07617444EA000000286901
B1026534311200N07617448EA000000287054
B1026544311198N07617452EA000000286928
B1026554311196N07617457EA000000286903
B1026564311193N07617462EA000000286942
B1026574311190N07617467EA000000286993
B1026584311188N07617471EA000000286959
B1026594311185N07617476EA000000287073
B1027004311182N07617480EA000000287022
B1027014311179N07617483EA000000287009
B1027024311176N07617488EA000000286939
B1027034311173N07617494EA000000286876
B1027044311171N07617499EA000000286837
B1027054311168N07617504EA000000286984
B1027064311165N07617508EA000000286883
B1027074311162N07617511EA000000286801
B1027084311158N07617513EA000000286832
B1027094311155N07617515EA000000286752
B1027104311153N07617517EA000000286537
B1027114311151N07617521EA000000286300
B1027124311148N07617524EA000000286111
B1027134311145N07617527EA000000286027
B1027144311142N07617531EA000000285824
B1027154311139N07617534EA000000285759
B1027164311136N07617538EA000000285643
B1027174311133N07617540EA000000285619
B1027184311129N07617543EA000000285695
B1027194311126N07617545EA000000285579
B1027204311123N07617548EA000000285468
B1027214311120N07617552EA000000285372
B1027224311117N07617555EA000000285179
B1027234311115N07617559EA000000285123
B1027244311113N07617562EA000000285006
B1027254311110N07617566EA000000284962
B1027264311108N07617569EA000000284808
B1027274311105N07617573EA000000284727
B1027284311102N07617577EA000000284518
B1027294311098N07617581EA000000284598
B1027304311096N07617584EA000000284539
B1027314311093N07617587EA000000284682
B1027324311091N07617590EA000000284436
B1027334311088N07617595EA000000284293
B1027344311086N07617600EA000000284037
B1027354311083N07617606EA000000284032
B1027364311079N07617611EA000000284081
B1027374311076N07617615EA000000284062
B1027384311073N07617619EA000000284042
B1027394311070N07617623EA000000284084
B1027404311068N07617628EA000000284042
B1027414311066N07617633EA000000284032
B1027424311063N07617638EA000000283992
B1027434311061N07617642EA000000284027
B1027444311057N07617647EA000000283994
B1027454311054N07617651EA000000283958
B1027464311051N07617656EA000000283933
B1027474311048N07617661EA000000283962
B1027484311046N07617665EA000000284029
B1027494311044N07617670EA000000284125
B1027504311041N07617675EA000000284050
B1027514311038N07617679EA000000283957
B1027524311035N07617685EA000000283811
B1027534311031N07617690EA000000283865
B1027544311028N07617695EA000000283816
B1027554311024N07617700EA000000283875
B1027564311021N07617705EA000000283873
B1027574311018N07617710EA000000283893
B1027584311016N07617715EA000000283841
B1027594311013N07617720EA000000283785
B1028004311011N07617726EA000000283710
B1028014311008N07617731EA000000283782
B1028024311006N07617736EA000000283824
B1028034311004N07617741EA000000283806
B1028044311002N07617746EA000000283934
B1028054311000N07617751EA000000284041
B1028064310997N07617755EA000000284194
B1028074310994N07617759EA000000284202
B1028084310989N07617762EA000000284255
B1028094310985N07617765EA000000284217
B1028104310981N07617769EA000000284335
B1028114310978N07617773EA000000284328
B1028124310975N07617777EA000000284218
B1028134310971N07617781EA000000284281
B1028144310967N07617784EA000000284185
B1028154310963N07617787EA000000284186
B1028164310959N07617790EA000000284099
B1028174310955N07617794EA000000283862
B1028184310951N07617797EA000000283778
B1028194310948N07617801EA000000283613
B1028204310944N07617805EA000000283670
B1028214310941N07617809EA000000283693
B1028224310939N07617814EA000000283632
B1028234310937N07617819EA000000283625
B1028244310934N07617825EA000000283572
B1028254310931N07617831EA000000283593
B1028264310928N07617837EA000000283471
B1028274310925N07617842EA000000283454
B1028284310922N07617847EA000000283356
B1028294310919N07617852EA000000283298
B1028304310917N07617858EA000000283238
B1028314310914N07617865EA000000282955
B1028324310911N07617872EA000000282871
B1028334310909N07617877EA000000282808
B1028344310906N07617883EA000000282805
B1028354310903N07617888EA000000282838
B1028364310900N07617894EA000000282755
B1028374310897N07617900EA000000282555
B1028384310894N07617906EA000000282568
B1028394310892N07617912EA000000282315
B1028404310889N07617917EA000000282257
B1028414310886N07617922EA000000282258
B1028424310883N07617927EA000000282086
B1028434310880N07617932EA000000281877
B1028444310877N07617938EA000000281657
B1028454310874N07617944EA000000281487
B1028464310872N07617950EA000000281365
B1028474310870N07617955EA000000281327
B1028484310867N07617960EA000000281311
B1028494310863N07617964EA000000281211
B1028504310858N07617968EA000000281098
B1028514310855N07617974EA000000280923
B1028524310851N07617979EA000000280878
B1028534310849N07617984EA000000280825
B1028544310846N07617988EA000000280865
B1028554310843N07617992EA000000280994
B1028564310841N07617996EA000000280804
B1028574310838N07618000EA000000280728
B1028584310835N07618005EA000000280621
B1028594310832N07618009EA000000280815
B1029004310829N07618013EA000000280871
B1029014310826N07618017EA000000280843
B1029024310822N07618021EA000000280982
B1029034310818N07618025EA000000280980
B1029044310814N07618028EA000000280927
B1029054310810N07618033EA000000280905
B1029064310805N07618038EA000000280981
B1029074310801N07618042EA000000280967
B1029084310797N07618046EA000000281087
B1029094310793N07618049EA000000281169
B1029104310789N07618053EA000000281251
B1029114310785N07618057EA000000281392
B1029124310783N07618063EA000000281372
B1029134310784N07618069EA000000281471
B1029144310788N07618073EA000000281480
B1029154310793N07618071EA000000281559
B1029164310798N07618066EA000000281726
B1029174310800N07618059EA000000281640
B1029184310800N07618049EA000000281933
B1029194310798N07618040EA000000282321
B1029204310794N07618031EA000000282520
B1029214310788N07618023EA000000282663
B1029224310781N07618019EA000000282774
B1029234310774N07618018EA000000282867
B1029244310768N07618021EA000000283072
B1029254310764N07618025EA000000283172
B1029264310760N07618029EA000000283224
B1029274310755N07618032EA000000283327
B1029284310749N07618034EA000000283368
B1029294310743N07618037EA000000283390
B1029304310738N07618039EA000000283469
B1029314310733N07618043EA000000283534
B1029324310728N07618047EA000000283623
B1029334310723N07618051EA000000283888
B1029344310719N07618056EA000000283752
B1029354310715N07618060EA000000283838
B1029364310710N07618065EA000000283884
B1029374310706N07618069EA000000283809
B1029384310701N07618074EA000000283989
B1029394310697N07618079EA000000283957
B1029404310694N07618084EA000000284049
B1029414310692N07618090EA000000284126
B1029424310691N07618096EA000000284352
B1029434310690N07618101EA000000284465
B1029444310688N07618107EA000000284681
B1029454310686N07618112EA000000284748
B1029464310684N07618118EA000000284858
B1029474310684N07618124EA000000284934
B1029484310686N07618128EA000000285290
B1029494310691N07618127EA000000285337
B1029504310695N07618124EA000000285470
B1029514310698N07618115EA000000285737
B1029524310697N07618106EA000000285970
B1029534310693N07618097EA000000286183
B1029544310687N07618091EA000000286215
B1029554310679N07618088EA000000286393
B1029564310673N07618088EA000000286517
B1029574310667N07618090EA000000286838
B1029584310662N07618094EA000000287114
B1029594310658N07618099EA000000287218
B1030004310655N07618105EA000000287257
B1030014310655N07618111EA000000287458
B1030024310658N07618115EA000000287677
B1030034310663N07618116EA000000287622
B1030044310668N07618111EA000000287736
B1030054310670N07618103EA000000287681
B1030064310669N07618092EA000000287842
B1030074310664N07618083EA000000287995
B1030084310658N07618078EA000000287903
B1030094310650N07618077EA000000288113
B1030104310643N07618079EA000000288203
B1030114310637N07618083EA000000288569
B1030124310634N07618089EA000000288776
B1030134310634N07618095EA000000288809
B1030144310635N07618101EA000000288872
B1030154310639N07618104EA000000288953
B1030164310644N07618104EA000000289027
B1030174310649N07618100EA000000289317
B1030184310652N07618093EA000000289579
B1030194310654N07618084EA000000289613
B1030204310651N07618074EA000000289690
B1030214310648N07618065EA000000289701
B1030224310642N07618058EA000000289857
B1030234310635N07618054EA000000289917
B1030244310627N07618053EA000000290091
B1030254310621N07618055EA000000290147
B1030264310616N07618061EA000000290361
B1030274310614N07618068EA000000290312
B1030284310615N07618074EA000000290406
B1030294310618N07618078EA000000290461
B1030304310623N07618076EA000000290613
B1030314310627N07618071EA000000290814
B1030324310629N07618063EA000000290863
B1030334310630N07618053EA000000290986
B1030344310630N07618043EA000000291099
B1030354310629N07618034EA000000291248
B1030364310626N07618025EA000000291427
B1030374310620N07618018EA000000291351
B1030384310613N07618013EA000000291342
B1030394310605N07618012EA000000291460
B1030404310598N07618013EA000000291475
B1030414310594N07618019EA000000291544
B1030424310593N07618026EA000000291409
B1030434310595N07618032EA000000291299
B1030444310599N07618035EA000000291271
B1030454310604N07618033EA000000291304
B1030464310607N07618028EA000000291778
B1030474310611N07618023EA000000291733
B1030484310614N07618016EA000000291885
B1030494310617N07618009EA000000291843
B1030504310618N07617999EA000000291729
B1030514310616N07617989EA000000291795
B1030524310612N07617979EA000000291878
B1030534310607N07617971EA000000291826
B1030544310600N07617966EA000000291914
B1030554310592N07617965EA000000291997
B1030564310586N07617968EA000000291825
B1030574310581N07617972EA000000291989
B1030584310579N07617977EA000000292146
B1030594310577N07617981EA000000292394
B1031004310576N07617984EA000000292464
B1031014310575N07617987EA000000292519
B1031024310572N07617992EA000000292492
B1031034310571N07617996EA000000292419
B1031044310568N07618002EA000000292377
B1031054310566N07618007EA000000292319
B1031064310563N07618012EA000000292443
B1031074310560N07618016EA000000292531
B1031084310557N07618020EA000000292626
B1031094310554N07618024EA000000292699
B1031104310553N07618030EA000000292550
B1031114310553N07618035EA000000292439
B1031124310553N07618040EA000000292318
B1031134310551N07618045EA000000292395
B1031144310549N07618050EA000000292476
B1031154310547N07618056EA000000292323
B1031164310545N07618062EA000000292224
B1031174310543N07618067EA000000292287
B1031184310541N07618073EA000000292188
B1031194310539N07618079EA000000292185
B1031204310537N07618084EA000000292135
B1031214310535N07618089EA000000292115
B1031224310533N07618095EA000000292201
B1031234310531N07618100EA000000292209
B1031244310529N07618106EA000000292205
B1031254310526N07618111EA000000292377
B1031264310524N07618116EA000000292376
B1031274310522N07618121EA000000292475
B1031284310521N07618126EA000000292515
B1031294310519N07618132EA000000292650
B1031304310518N07618137EA000000292834
B1031314310517N07618142EA000000292928
B1031324310516N07618148EA000000292926
B1031334310514N07618154EA000000293126
B1031344310512N07618160EA000000293361
B1031354310511N07618165EA000000293452
B1031364310511N07618169EA000000293616
B1031374310512N07618174EA000000293734
B1031384310515N07618177EA000000293776
B1031394310520N07618176EA000000293764
B1031404310525N07618171EA000000293843
B1031414310528N07618162EA000000293862
B1031424310529N07618151EA000000293904
B1031434310526N07618140EA000000294196
B1031444310522N07618131EA000000294339
B1031454310516N07618126EA000000294543
B1031464310510N07618122EA000000294581
B1031474310505N07618119EA000000294865
B1031484310500N07618117EA000000294829
B1031494310494N07618118EA000000294941
B1031504310489N07618120EA000000294909
B1031514310485N07618126EA000000295072
B1031524310484N07618132EA000000295061
B1031534310484N07618136EA000000295078
B1031544310485N07618141EA000000295111
B1031554310484N07618145EA000000295141
B1031564310482N07618150EA000000295232
B1031574310479N07618155EA000000295207
B1031584310475N07618161EA000000295035
B1031594310471N07618166EA000000294929
B1032004310467N07618171EA000000295044
B1032014310464N07618176EA000000295113
B1032024310461N07618181EA000000295107
B1032034310459N07618188EA000000295108
B1032044310457N07618196EA000000295195
B1032054310457N07618203EA000000295179
B1032064310457N07618210EA000000295352
B1032074310457N07618215EA000000295501
B1032084310456N07618219EA000000295833
B1032094310456N07618223EA000000296098
B1032104310459N07618229EA000000296013
B1032114310464N07618233EA000000296000
B1032124310470N07618231EA000000296216
B1032134310475N07618225EA000000296502
B1032144310477N07618214EA000000296677
B1032154310477N07618203EA000000296748
B1032164310477N07618194EA000000296960
B1032174310476N07618184EA000000297067
B1032184310473N07618176EA000000297190
B1032194310469N07618168EA000000297265
B1032204310463N07618163EA000000297355
B1032214310457N07618161EA000000297333
B1032224310451N07618159EA000000297593
B1032234310446N07618158EA000000297777
B1032244310441N07618160EA000000297987
B1032254310437N07618165EA000000298081
B1032264310435N07618172EA000000297903
B1032274310436N07618180EA000000297963
B1032284310440N07618184EA000000297867
B1032294310446N07618184EA000000297830
B1032304310451N07618178EA000000298055
B1032314310454N07618170EA000000298194
B1032324310455N07618160EA000000298496
B1032334310456N07618151EA000000298704
B1032344310455N07618142EA000000299027
B1032354310453N07618134EA000000299160
B1032364310450N07618125EA000000299369
B1032374310446N07618118EA000000299433
B1032384310441N07618113EA000000299655
B1032394310436N07618111EA000000299843
B1032404310430N07618110EA000000299764
B1032414310424N07618112EA000000299773
B1032424310419N07618114EA000000299726
B1032434310414N07618117EA000000299628
B1032444310409N07618122EA000000299676
B1032454310406N07618128EA000000299614
B1032464310403N07618134EA000000299655
B1032474310402N07618140EA000000299715
B1032484310400N07618146EA000000299880
B1032494310398N07618151EA000000299983
B1032504310396N07618156EA000000299944
B1032514310393N07618161EA000000300052
B1032524310390N07618166EA000000300140
B1032534310387N07618170EA000000300215
B1032544310384N07618174EA000000300543
B1032554310382N07618178EA000000300731
B1032564310381N07618182EA000000301027
B1032574310382N07618187EA000000301229
B1032584310385N07618191EA000000301348
B1032594310389N07618193EA000000301398
B1033004310394N07618191EA000000301585
B1033014310399N07618185EA000000301627
B1033024310401N07618176EA000000301649
B1033034310401N07618167EA000000301710
B1033044310398N07618156EA000000301749
B1033054310393N07618148EA000000301724
B1033064310386N07618145EA000000301805
B1033074310380N07618149EA000000301741
B1033084310377N07618154EA000000301855
B1033094310379N07618161EA000000301913
B1033104310382N07618165EA000000302071
B1033114310386N07618166EA000000302439
B1033124310388N07618167EA000000302688
B1033134310390N07618169EA000000302766
B1033144310392N07618172EA000000302892
B1033154310396N07618175EA000000302741
B1033164310400N07618178EA000000302560
B1033174310403N07618182EA000000302475
B1033184310404N07618188EA000000302530
B1033194310402N07618194EA000000302572
B1033204310400N07618199EA000000302524
B1033214310397N07618204EA000000302592
B1033224310396N07618209EA000000302552
B1033234310394N07618213EA000000302647
B1033244310391N07618219EA000000302692
B1033254310388N07618225EA000000302552
B1033264310384N07618231EA000000302431
B1033274310379N07618236EA000000302471
B1033284310376N07618240EA000000302507
B1033294310373N07618245EA000000302681
B1033304310372N07618249EA000000302686
B1033314310372N07618253EA000000302708
B1033324310370N07618258EA000000302880
B1033334310368N07618262EA000000302763
B1033344310365N07618266EA000000302797
B1033354310363N07618271EA000000302610
B1033364310360N07618275EA000000302537
B1033374310358N07618280EA000000302417
B1033384310356N07618286EA000000302310
B1033394310353N07618291EA000000302086
B1033404310352N07618297EA000000301716
B1033414310350N07618303EA000000301436
B1033424310348N07618309EA000000301125
B1033434310345N07618315EA000000300964
B1033444310343N07618321EA000000300611
B1033454310340N07618326EA000000300442
B1033464310337N07618331EA000000300095
B1033474310335N07618337EA000000299702
B1033484310332N07618343EA000000299334
B1033494310329N07618349EA000000298837
B1033504310326N07618355EA000000298508
B1033514310322N07618361EA000000298330
B1033524310318N07618366EA000000298022
B1033534310313N07618371EA000000297860
B1033544310308N07618376EA000000297580
B1033554310303N07618380EA000000297039
B1033564310297N07618384EA000000296759
B1033574310291N07618388EA000000296457
B1033584310286N07618393EA000000296104
B1033594310281N07618399EA000000296092
B1034004310279N07618404EA000000296009
B1034014310276N07618410EA000000295837
B1034024310273N07618416EA000000295709
B1034034310269N07618423EA000000295497
B1034044310266N07618430EA000000295019
B1034054310262N07618439EA000000294562
B1034064310259N07618446EA000000294358
B1034074310256N07618452EA000000294187
B1034084310254N07618458EA000000294020
B1034094310252N07618462EA000000293836
B1034104310249N07618468EA000000293366
B1034114310246N07618475EA000000292869
B1034124310243N07618483EA000000292484
B1034134310241N07618490EA000000292014
B1034144310238N07618496EA000000291984
B1034154310236N07618501EA000000291757
B1034164310234N07618507EA000000291589
B1034174310232N07618514EA000000291186
B1034184310231N07618521EA000000290803
B1034194310228N07618527EA000000290498
B1034204310227N07618534EA000000290103
B1034214310226N07618539EA000000289724
B1034224310224N07618545EA000000289064
B1034234310222N07618551EA000000288489
B1034244310221N07618557EA000000287868
B1034254310220N07618564EA000000287030
B1034264310218N07618569EA000000286627
B1034274310216N07618575EA000000286204
B1034284310214N07618581EA000000286019
B1034294310212N07618589EA000000285691
B1034304310212N07618595EA000000285447
B1034314310211N07618601EA000000285354
B1034324310209N07618607EA000000285177
B1034334310206N07618615EA000000284965
B1034344310202N07618623EA000000284648
B1034354310197N07618630EA000000284219
B1034364310192N07618636EA000000284001
B1034374310186N07618640EA000000283953
B1034384310181N07618643EA000000283799
B1034394310176N07618648EA000000283575
B1034404310171N07618653EA000000283471
B1034414310168N07618657EA000000283256
B1034424310164N07618661EA000000282866
B1034434310162N07618666EA000000282560
B1034444310160N07618670EA000000281908
B1034454310157N07618676EA000000281348
B1034464310154N07618682EA000000280957
B1034474310151N07618688EA000000280530
B1034484310148N07618693EA000000280125
B1034494310144N07618698EA000000279665
B1034504310140N07618704EA000000279182
B1034514310137N07618710EA000000278781
B1034524310134N07618715EA000000278269
B1034534310131N07618721EA000000278055
B1034544310128N07618727EA000000277618
B1034554310125N07618733EA000000277318
B1034564310121N07618740EA000000276967
B1034574310118N07618748EA000000276736
B1034584310115N07618756EA000000276474
B1034594310113N07618763EA000000276360
B1035004310111N07618768EA000000276231
B1035014310109N07618773EA000000276176
B1035024310108N07618779EA000000275973
B1035034310107N07618785EA000000275656
B1035044310105N07618791EA000000275478
B1035054310104N07618799EA000000275200
B1035064310101N07618805EA000000274963
B1035074310099N07618811EA000000274817
B1035084310096N07618818EA000000274574
B1035094310095N07618825EA000000274314
B1035104310094N07618832EA000000274115
B1035114310092N07618838EA000000273898
B1035124310091N07618845EA000000273617
B1035134310090N07618851EA000000273305
B1035144310087N07618858EA000000272790
B1035154310085N07618864EA000000272495
B1035164310084N07618871EA000000272107
B1035174310082N07618878EA000000271823
B1035184310079N07618885EA000000271571
B1035194310077N07618891EA000000271324
B1035204310074N07618898EA000000271163
B1035214310072N07618904EA000000270719
B1035224310070N07618910EA000000270258
B1035234310069N07618917EA000000269812
B1035244310066N07618924EA000000269483
B1035254310063N07618931EA000000269170
B1035264310060N07618937EA000000268940
B1035274310057N07618942EA000000268829
B1035284310054N07618948EA000000268764
B1035294310052N07618953EA000000268376
B1035304310051N07618959EA000000268078
B1035314310050N07618967EA000000267630
B1035324310048N07618974EA000000267357
B1035334310046N07618981EA000000267114
B1035344310043N07618987EA000000266914
B1035354310040N07618993EA000000266905
B1035364310037N07618999EA000000266768
B1035374310035N07619006EA000000266542
B1035384310033N07619011EA000000266459
B1035394310031N07619017EA000000266329
B1035404310029N07619023EA000000266205
B1035414310026N07619029EA000000266270
B1035424310024N07619035EA000000266161
B1035434310022N07619041EA000000266115
B1035444310019N07619048EA000000266052
B1035454310016N07619054EA000000265849
B1035464310013N07619061EA000000265811
B1035474310009N07619067EA000000265770
B1035484310006N07619072EA000000265816
B1035494310002N07619078EA000000265847
B1035504309998N07619085EA000000265665
B1035514309995N07619092EA000000265527
B1035524309991N07619099EA000000265388
B1035534309988N07619106EA000000265286
B1035544309985N07619112EA000000265075
B1035554309982N07619118EA000000264956
B1035564309979N07619125EA000000264880
B1035574309976N07619131EA000000264798
B1035584309974N07619138EA000000264525
B1035594309971N07619144EA000000264468
B1036004309968N07619151EA000000264393
B1036014309965N07619158EA000000264281
B1036024309962N07619165EA000000263961
B1036034309959N07619172EA000000263812
B1036044309955N07619178EA000000263861
B1036054309952N07619183EA000000263760
B1036064309950N07619188EA000000263703
B1036074309947N07619193EA000000263648
B1036084309944N07619200EA000000263387
B1036094309941N07619207EA000000263176
B1036104309939N07619214EA000000262802
B1036114309936N07619220EA000000262661
B1036124309933N07619225EA000000262499
B1036134309931N07619231EA000000262238
B1036144309928N07619238EA000000261982
B1036154309925N07619244EA000000261559
B1036164309922N07619250EA000000261217
B1036174309919N07619255EA000000261027
B1036184309916N07619259EA000000260826
B1036194309913N07619263EA000000260764
B1036204309911N07619267EA000000260507
B1036214309907N07619272EA000000260198
B1036224309905N07619279EA000000259604
B1036234309902N07619285EA000000259136
B1036244309900N07619291EA000000258917
B1036254309898N07619297EA000000258812
B1036264309896N07619301EA000000258609
B1036274309893N07619306EA000000258469
B1036284309891N07619312EA000000258265
B1036294309889N07619318EA000000257974
B1036304309888N07619323EA000000257706
B1036314309885N07619327EA000000257784
B1036324309883N07619330EA000000257768
B1036334309880N07619335EA000000257450
B1036344309877N07619339EA000000257315
B1036354309874N07619344EA000000257113
B1036364309871N07619349EA000000257070
B1036374309869N07619353EA000000256919
B1036384309866N07619360EA000000256851
B1036394309863N07619366EA000000256493
B1036404309861N07619372EA000000256115
B1036414309858N07619378EA000000255967
B1036424309855N07619384EA000000255877
B1036434309852N07619390EA000000255787
B1036444309850N07619396EA000000255640
B1036454309847N07619401EA000000255586
B1036464309845N07619407EA000000255335
B1036474309842N07619413EA000000255286
B1036484309840N07619419EA000000254959
B1036494309838N07619426EA000000254728
B1036504309836N07619433EA000000254627
B1036514309834N07619440EA000000254567
B1036524309833N07619447EA000000254363
B1036534309832N07619454EA000000254181
B1036544309831N07619460EA000000254099
B1036554309831N07619467EA000000253807
B1036564309829N07619474EA000000253862
B1036574309827N07619481EA000000253781
B1036584309826N07619487EA000000253739
B1036594309824N07619495EA000000253694
B1037004309824N07619502EA000000253504
B1037014309822N07619509EA000000253562
B1037024309821N07619515EA000000253506
B1037034309819N07619521EA000000253501
B1037044309817N07619525EA000000253467
B1037054309816N07619530EA000000253457
B1037064309815N07619535EA000000253389
B1037074309814N07619542EA000000253040
B1037084309812N07619548EA000000252858
B1037094309810N07619555EA000000252625
B1037104309808N07619561EA000000252612
B1037114309806N07619566EA000000252622
B1037124309804N07619571EA000000252634
B1037134309802N07619577EA000000252430
B1037144309800N07619583EA000000252320
B1037154309798N07619589EA000000252130
B1037164309797N07619595EA000000252011
B1037174309796N07619601EA000000252023
B1037184309795N07619607EA000000251905
B1037194309793N07619613EA000000251944
B1037204309792N07619619EA000000251913
B1037214309791N07619625EA000000251990
B1037224309792N07619630EA000000252046
B1037234309793N07619636EA000000252112
B1037244309793N07619642EA000000252213
B1037254309792N07619648EA000000252335
B1037264309790N07619655EA000000252270
B1037274309789N07619661EA000000252206
B1037284309787N07619668EA000000252270
B1037294309786N07619673EA000000252328
B1037304309784N07619679EA000000252483
B1037314309783N07619684EA000000252469
B1037324309782N07619690EA000000252378
B1037334309781N07619696EA000000252364
B1037344309779N07619702EA000000252381
B1037354309777N07619708EA000000252300
B1037364309773N07619713EA000000252386
B1037374309771N07619719EA000000252209
B1037384309768N07619726EA000000252158
B1037394309765N07619734EA000000252090
B1037404309763N07619741EA000000251901
B1037414309760N07619747EA000000251919
B1037424309757N07619755EA000000251811
B1037434309754N07619762EA000000251768
B1037444309752N07619770EA000000251522
B1037454309750N07619777EA000000251410
B1037464309748N07619784EA000000251323
B1037474309746N07619791EA000000251189
B1037484309745N07619799EA000000250816
B1037494309743N07619807EA000000250524
B1037504309741N07619815EA000000250332
B1037514309740N07619822EA000000250222
B1037524309740N07619829EA000000250101
B1037534309739N07619836EA000000250074
B1037544309738N07619843EA000000249787
B1037554309737N07619851EA000000249417
B1037564309735N07619859EA000000249119
B1037574309733N07619867EA000000249025
B1037584309731N07619874EA000000249049
B1037594309729N07619881EA000000248998
B1038004309728N07619888EA000000248878
B1038014309727N07619896EA000000248705
B1038024309725N07619904EA000000248538
B1038034309723N07619913EA000000248480
B1038044309722N07619920EA000000248356
B1038054309721N07619928EA000000248214
B1038064309720N07619936EA000000248122
B1038074309719N07619943EA000000247898
B1038084309720N07619951EA000000247632
B1038094309720N07619959EA000000247385
B1038104309720N07619967EA000000247199
B1038114309721N07619975EA000000246928
B1038124309721N07619983EA000000246769
B1038134309722N07619992EA000000246620
B1038144309723N07619999EA000000246328
B1038154309724N07620007EA000000246114
B1038164309724N07620015EA000000245978
B1038174309724N07620024EA000000245683
B1038184309725N07620032EA000000245451
B1038194309726N07620040EA000000245312
B1038204309726N07620046EA000000245241
B1038214309726N07620052EA000000245330
B1038224309725N07620058EA000000245280
B1038234309725N07620065EA000000245162
B1038244309724N07620072EA000000244895
B1038254309724N07620079EA000000244726
B1038264309723N07620086EA000000244587
B1038274309723N07620093EA000000244594
B1038284309724N07620100EA000000244541
B1038294309725N07620106EA000000244559
B1038304309726N07620113EA000000244459
B1038314309727N07620121EA000000244372
B1038324309728N07620128EA000000244279
B1038334309730N07620136EA000000244023
B1038344309731N07620143EA000000243974
B1038354309733N07620150EA000000243840
B1038364309735N07620156EA000000243831
B1038374309736N07620163EA000000243792
B1038384309738N07620170EA000000243634
B1038394309740N07620178EA000000243501
B1038404309742N07620184EA000000243409
B1038414309744N07620191EA000000243323
B1038424309746N07620197EA000000243259
B1038434309748N07620204EA000000243186
B1038444309750N07620211EA000000243029
B1038454309751N07620219EA000000242822
B1038464309751N07620227EA000000242511
B1038474309751N07620233EA000000242509
B1038484309751N07620239EA000000242457
B1038494309752N07620245EA000000242472
B1038504309754N07620250EA000000242257
B1038514309756N07620256EA000000242039
B1038524309757N07620264EA000000241883
B1038534309759N07620271EA000000241527
B1038544309760N07620278EA000000241398
B1038554309762N07620285EA000000241276
B1038564309764N07620292EA000000241134
B1038574309765N07620299EA000000240974
B1038584309767N07620306EA000000240728
B1038594309769N07620314EA000000240415
B1039004309771N07620321EA000000240264
B1039014309774N07620327EA000000240066
B1039024309777N07620333EA000000239929
B1039034309779N07620340EA000000239723
B1039044309781N07620346EA000000239548
B1039054309783N07620353EA000000239396
B1039064309787N07620360EA000000238911
B1039074309790N07620366EA000000238639
B1039084309793N07620374EA000000238322
B1039094309795N07620381EA000000238174
B1039104309797N07620388EA000000238072
B1039114309800N07620395EA000000237841
B1039124309803N07620401EA000000237713
B1039134309806N07620408EA000000237411
B1039144309808N07620415EA000000237187
B1039154309811N07620423EA000000236941
B1039164309814N07620430EA000000236708
B1039174309816N07620437EA000000236664
B1039184309819N07620443EA000000236418
B1039194309821N07620450EA000000236255
B1039204309823N07620457EA000000236080
B1039214309826N07620464EA000000235711
B1039224309828N07620471EA000000235551
B1039234309830N07620478EA000000235290
B1039244309833N07620484EA000000235063
B1039254309836N07620490EA000000234854
B1039264309839N07620497EA000000234626
B1039274309842N07620504EA000000234515
B1039284309844N07620510EA000000234489
B1039294309848N07620516EA000000234305
B1039304309850N07620523EA000000234091
B1039314309854N07620528EA000000233818
B1039324309857N07620535EA000000233543
B1039334309860N07620541EA000000233184
B1039344309865N07620546EA000000232738
B1039354309870N07620553EA000000232320
B1039364309874N07620559EA000000232156
B1039374309878N07620566EA000000231912
B1039384309881N07620572EA000000231808
B1039394309884N07620578EA000000231763
B1039404309888N07620583EA000000231657
B1039414309893N07620589EA000000231404
B1039424309897N07620595EA000000231202
B1039434309900N07620601EA000000231133
B1039444309902N07620606EA000000231166
B1039454309905N07620611EA000000231022
B1039464309907N07620616EA000000230864
B1039474309911N07620622EA000000230501
B1039484309914N07620628EA000000230289
B1039494309918N07620635EA000000229957
B1039504309921N07620640EA000000229999
B1039514309924N07620645EA000000230062
B1039524309926N07620649EA000000230183
B1039534309928N07620654EA000000230182
B1039544309930N07620660EA000000230073
B1039554309932N07620666EA000000230034
B1039564309933N07620671EA000000230057
B1039574309935N07620677EA000000229927
B1039584309936N07620683EA000000229948
B1039594309937N07620689EA000000229932
B1040004309938N07620695EA000000229745
B1040014309938N07620702EA000000229592
B1040024309939N07620708EA000000229437
B1040034309939N07620715EA000000229385
B1040044309940N07620721EA000000229118
B1040054309939N07620728EA000000229082
B1040064309939N07620734EA000000228860
B1040074309938N07620741EA000000228472
B1040084309938N07620748EA000000228124
B1040094309937N07620755EA000000227998
B1040104309937N07620762EA000000227896
B1040114309937N07620769EA000000227735
B1040124309936N07620776EA000000227772
B1040134309936N07620783EA000000227601
B1040144309936N07620789EA000000227444
B1040154309936N07620796EA000000227227
B1040164309936N07620803EA000000227006
B1040174309935N07620811EA000000226910
B1040184309933N07620818EA000000226883
B1040194309932N07620825EA000000226774
B1040204309932N07620832EA000000226622
B1040214309932N07620839EA000000226503
B1040224309932N07620846EA000000226416
B1040234309932N07620854EA000000226345
B1040244309933N07620863EA000000226000
B1040254309932N07620871EA000000225896
B1040264309932N07620879EA000000225768
B1040274309932N07620887EA000000225665
B1040284309932N07620895EA000000225541
B1040294309932N07620903EA000000225501
B1040304309931N07620911EA000000225340
B1040314309931N07620918EA000000225228
B1040324309930N07620926EA000000225098
B1040334309930N07620934EA000000224992
B1040344309930N07620941EA000000224753
B1040354309930N07620948EA000000224637
B1040364309929N07620956EA000000224395
B1040374309929N07620964EA000000224093
B1040384309930N07620972EA000000223891
B1040394309932N07620979EA000000223610
B1040404309933N07620985EA000000223439
B1040414309934N07620991EA000000223498
B1040424309936N07620996EA000000223418
B1040434309936N07621002EA000000223380
B1040444309937N07621007EA000000223316
B1040454309936N07621013EA000000223176
B1040464309935N07621020EA000000222990
B1040474309935N07621026EA000000222709
B1040484309933N07621034EA000000222545
B1040494309931N07621041EA000000222452
B1040504309929N07621047EA000000222268
B1040514309927N07621054EA000000222072
B1040524309926N07621060EA000000221938
B1040534309924N07621066EA000000221785
B1040544309923N07621072EA000000221546
B1040554309922N07621078EA000000221219
B1040564309920N07621085EA000000220955
B1040574309919N07621092EA000000220751
B1040584309918N07621098EA000000220534
B1040594309917N07621104EA000000220306
B1041004309915N07621110EA000000220187
B1041014309914N07621117EA000000219980
B1041024309914N07621123EA000000219707
B1041034309913N07621130EA000000219444
B1041044309913N07621136EA000000219208
B1041054309912N07621143EA000000219074
B1041064309912N07621149EA000000218941
B1041074309911N07621155EA000000218736
B1041084309909N07621162EA000000218555
B1041094309907N07621168EA000000218436
B1041104309904N07621174EA000000218373
B1041114309902N07621179EA000000218239
B1041124309900N07621185EA000000218133
B1041134309898N07621191EA000000218031
B1041144309896N07621196EA000000217959
B1041154309894N07621202EA000000217857
B1041164309892N07621208EA000000217746
B1041174309890N07621214EA000000217697
B1041184309889N07621220EA000000217416
B1041194309887N07621226EA000000217275
B1041204309885N07621232EA000000217132
B1041214309881N07621237EA000000216992
B1041224309878N07621241EA000000216814
B1041234309875N07621245EA000000216703
B1041244309872N07621248EA000000216716
B1041254309868N07621252EA000000216574
B1041264309865N07621256EA000000216515
B1041274309861N07621259EA000000216417
B1041284309856N07621262EA000000216397
B1041294309852N07621265EA000000216348
B1041304309847N07621268EA000000216253
B1041314309842N07621270EA000000216299
B1041324309838N07621273EA000000216232
B1041334309833N07621275EA000000216169
B1041344309829N07621278EA000000216014
B1041354309824N07621281EA000000216033
B1041364309819N07621283EA000000215929
B1041374309814N07621285EA000000215848
B1041384309809N07621287EA000000215877
B1041394309805N07621290EA000000215811
B1041404309800N07621292EA000000215629
B1041414309795N07621295EA000000215634
B1041424309790N07621297EA000000215620
B1041434309785N07621298EA000000215766
B1041444309781N07621299EA000000215719
B1041454309776N07621302EA000000215772
B1041464309772N07621304EA000000215729
B1041474309767N07621307EA000000215774
B1041484309762N07621310EA000000215780
B1041494309757N07621311EA000000215888
B1041504309752N07621313EA000000215713
B1041514309746N07621314EA000000215836
B1041524309740N07621316EA000000215801
B1041534309734N07621317EA000000215833
B1041544309728N07621318EA000000215976
B1041554309723N07621320EA000000216050
B1041564309717N07621319EA000000216279
B1041574309711N07621319EA000000216451
B1041584309704N07621317EA000000216587
B1041594309697N07621316EA000000216698
B1042004309691N07621316EA000000216761
B1042014309684N07621315EA000000216876
B1042024309678N07621315EA000000217162
B1042034309673N07621316EA000000217257
B1042044309669N07621320EA000000217491
B1042054309668N07621325EA000000217350
B1042064309669N07621329EA000000217246
B1042074309672N07621332EA000000217337
B1042084309676N07621331EA000000217553
B1042094309680N07621324EA000000217718
B1042104309681N07621314EA000000217877
B1042114309680N07621303EA000000218013
B1042124309676N07621292EA000000218258
B1042134309671N07621284EA000000218544
B1042144309664N07621277EA000000218798
B1042154309658N07621273EA000000218822
B1042164309651N07621270EA000000219099
B1042174309646N07621271EA000000219125
B1042184309642N07621275EA000000219036
B1042194309640N07621281EA000000218886
B1042204309642N07621287EA000000218762
B1042214309646N07621289EA000000218775
B1042224309651N07621287EA000000218839
B1042234309655N07621283EA000000218900
B1042244309657N07621274EA000000219034
B1042254309657N07621263EA000000219164
B1042264309654N07621252EA000000219290
B1042274309649N07621242EA000000219241
B1042284309642N07621235EA000000219218
B1042294309634N07621234EA000000219385
B1042304309628N07621236EA000000219476
B1042314309624N07621240EA000000219453
B1042324309622N07621244EA000000219537
B1042334309622N07621248EA000000219529
B1042344309624N07621252EA000000219521
B1042354309627N07621253EA000000219590
B1042364309632N07621250EA000000219428
B1042374309636N07621244EA000000219435
B1042384309637N07621233EA000000219487
B1042394309635N07621222EA000000219553
B1042404309631N07621212EA000000219518
B1042414309625N07621205EA000000219638
B1042424309619N07621202EA000000219610
B1042434309612N07621199EA000000219697
B1042444309607N07621198EA000000219707
B1042454309601N07621197EA000000219700
B1042464309594N07621195EA000000219782
B1042474309588N07621194EA000000219830
B1042484309582N07621195EA000000219732
B1042494309576N07621198EA000000219774
B1042504309571N07621202EA000000219783
B1042514309567N07621205EA000000219856
B1042524309563N07621208EA000000219946
B1042534309558N07621211EA000000219976
B1042544309554N07621214EA000000219915
B1042554309549N07621217EA000000219907
B1042564309544N07621220EA000000220074
B1042574309540N07621223EA000000220160
B1042584309536N07621224EA000000220379
B1042594309532N07621226EA000000220479
B1043004309528N07621228EA000000220614
B1043014309522N07621228EA000000220601
B1043024309515N07621224EA000000220715
B1043034309508N07621218EA000000220666
B1043044309502N07621213EA000000220615
B1043054309495N07621211EA000000220832
B1043064309489N07621212EA000000220800
B1043074309483N07621215EA000000220749
B1043084309477N07621219EA000000220664
B1043094309471N07621221EA000000220699
B1043104309465N07621223EA000000220683
B1043114309460N07621224EA000000220722
B1043124309455N07621225EA000000220808
B1043134309450N07621227EA000000220923
B1043144309445N07621229EA000000221002
B1043154309440N07621231EA000000220913
B1043164309434N07621233EA000000220986
B1043174309429N07621235EA000000221033
B1043184309423N07621236EA000000221059
B1043194309417N07621238EA000000221072
B1043204309413N07621239EA000000221008
B1043214309408N07621242EA000000221163
B1043224309404N07621245EA000000221134
B1043234309399N07621248EA000000221160
B1043244309394N07621250EA000000221170
B1043254309389N07621250EA000000221109
B1043264309383N07621251EA000000221153
B1043274309378N07621251EA000000221229
B1043284309373N07621253EA000000221355
B1043294309369N07621255EA000000221454
B1043304309365N07621259EA000000221460
B1043314309361N07621264EA000000221487
B1043324309358N07621270EA000000221327
B1043334309355N07621275EA000000221425
B1043344309351N07621279EA000000221674
B1043354309347N07621282EA000000221943
B1043364309342N07621284EA000000222131
B1043374309335N07621283EA000000222167
B1043384309328N07621280EA000000222178
B1043394309322N07621274EA000000222193
B1043404309319N07621265EA000000222181
B1043414309319N07621255EA000000222218
B1043424309320N07621248EA000000222464
B1043434309322N07621243EA000000222895
B1043444309325N07621240EA000000223261
B1043454309328N07621238EA000000223574
B1043464309332N07621238EA000000223758
B1043474309336N07621242EA000000223912
B1043484309338N07621248EA000000223936
B1043494309337N07621256EA000000224035
B1043504309332N07621262EA000000224175
B1043514309325N07621264EA000000224286
B1043524309318N07621262EA000000224359
B1043534309313N07621258EA000000224606
B1043544309308N07621253EA000000224966
B1043554309305N07621247EA000000225003
B1043564309302N07621239EA000000225142
B1043574309302N07621229EA000000225103
B1043584309305N07621220EA000000225104
B1043594309310N07621215EA000000225332
B1044004309315N07621214EA000000225635
B1044014309319N07621216EA000000225908
B1044024309321N07621221EA000000226251
B1044034309322N07621226EA000000226492
B1044044309322N07621232EA000000226408
B1044054309318N07621238EA000000226525
B1044064309311N07621241EA000000226680
B1044074309304N07621239EA000000226666
B1044084309297N07621236EA000000226664
B1044094309292N07621229EA000000226745
B1044104309293N07621220EA000000226764
B1044114309294N07621211EA000000226865
B1044124309297N07621203EA000000227038
B1044134309300N07621197EA000000227454
B1044144309304N07621194EA000000227778
B1044154309309N07621194EA000000227893
B1044164309314N07621196EA000000227849
B1044174309316N07621201EA000000227997
B1044184309316N07621207EA000000228272
B1044194309313N07621211EA000000228378
B1044204309308N07621214EA000000228318
B1044214309302N07621215EA000000228416
B1044224309296N07621214EA000000228723
B1044234309290N07621209EA000000229056
B1044244309286N07621202EA000000229128
B1044254309283N07621194EA000000229222
B1044264309282N07621184EA000000229317
B1044274309282N07621175EA000000229679
B1044284309285N07621169EA000000229935
B1044294309288N07621166EA000000230172
B1044304309294N07621166EA000000230255
B1044314309298N07621170EA000000230336
B1044324309300N07621175EA000000230549
B1044334309299N07621181EA000000230708
B1044344309295N07621185EA000000230928
B1044354309290N07621187EA000000231198
B1044364309285N07621189EA000000231392
B1044374309280N07621188EA000000231633
B1044384309274N07621184EA000000231776
B1044394309270N07621176EA000000231749
B1044404309268N07621166EA000000231897
B1044414309270N07621157EA000000231921
B1044424309273N07621150EA000000232025
B1044434309278N07621148EA000000232332
B1044444309282N07621149EA000000232565
B1044454309285N07621154EA000000232640
B1044464309286N07621160EA000000232724
B1044474309284N07621165EA000000232983
B1044484309280N07621170EA000000233223
B1044494309274N07621172EA000000233355
B1044504309268N07621172EA000000233659
B1044514309262N07621170EA000000233984
B1044524309257N07621165EA000000234145
B1044534309253N07621158EA000000234350
B1044544309250N07621149EA000000234480
B1044554309250N07621139EA000000234544
B1044564309252N07621130EA000000234805
B1044574309255N07621124EA000000235050
B1044584309259N07621119EA000000235298
B1044594309264N07621117EA000000235379
B1045004309269N07621118EA000000235521
B1045014309272N07621120EA000000235637
B1045024309273N07621125EA000000235767
B1045034309274N07621131EA000000235740
B1045044309270N07621138EA000000235712
B1045054309264N07621143EA000000235857
B1045064309258N07621146EA000000236054
B1045074309253N07621148EA000000236564
B1045084309249N07621150EA000000237160
B1045094309245N07621150EA000000237434
B1045104309239N07621149EA000000237883
B1045114309234N07621144EA000000237837
B1045124309229N07621136EA000000237981
B1045134309228N07621125EA000000237915
B1045144309229N07621115EA000000238057
B1045154309232N07621108EA000000238383
B1045164309236N07621103EA000000238785
B1045174309240N07621099EA000000239050
B1045184309244N07621095EA000000239314
B1045194309247N07621094EA000000239776
B1045204309250N07621097EA000000239911
B1045214309251N07621102EA000000240035
B1045224309250N07621109EA000000239917
B1045234309247N07621116EA000000240003
B1045244309242N07621120EA000000240235
B1045254309237N07621122EA000000240510
B1045264309231N07621121EA000000240800
B1045274309225N07621117EA000000241003
B1045284309219N07621111EA000000241293
B1045294309216N07621102EA000000241463
B1045304309216N07621092EA000000241618
B1045314309218N07621083EA000000241755
B1045324309222N07621076EA000000241906
B1045334309226N07621073EA000000242211
B1045344309230N07621072EA000000242648
B1045354309233N07621075EA000000242862
B1045364309235N07621079EA000000243022
B1045374309235N07621083EA000000243369
B1045384309234N07621089EA000000243425
B1045394309230N07621094EA000000243595
B1045404309225N07621097EA000000243646
B1045414309219N07621098EA000000243800
B1045424309212N07621094EA000000243976
B1045434309207N07621088EA000000244031
B1045444309204N07621079EA000000244123
B1045454309203N07621069EA000000244237
B1045464309204N07621061EA000000244575
B1045474309207N07621054EA000000244858
B1045484309211N07621050EA000000245057
B1045494309215N07621048EA000000245386
B1045504309219N07621048EA000000245498
B1045514309223N07621051EA000000245704
B1045524309225N07621055EA000000246014
B1045534309225N07621060EA000000246227
B1045544309223N07621066EA000000246237
B1045554309219N07621071EA000000246566
B1045564309214N07621074EA000000246851
B1045574309208N07621074EA000000247027
B1045584309202N07621071EA000000247308
B1045594309196N07621066EA000000247451
B1046004309192N07621057EA000000247556
B1046014309190N07621047EA000000247796
B1046024309193N07621038EA000000247753
B1046034309197N07621032EA000000247991
B1046044309202N07621029EA000000248356
B1046054309206N07621029EA000000248669
B1046064309209N07621032EA000000248916
B1046074309210N07621036EA000000249174
B1046084309211N07621041EA000000249233
B1046094309211N07621046EA000000249416
B1046104309208N07621052EA000000249627
B1046114309203N07621056EA000000249718
B1046124309196N07621058EA000000249931
B1046134309189N07621056EA000000249940
B1046144309183N07621049EA000000250162
B1046154309180N07621041EA000000250310
B1046164309178N07621032EA000000250579
B1046174309178N07621024EA000000250648
B1046184309179N07621016EA000000250857
B1046194309181N07621009EA000000251088
B1046204309185N07621004EA000000251236
B1046214309189N07621001EA000000251528
B1046224309193N07621001EA000000251819
B1046234309196N07621004EA000000252017
B1046244309198N07621008EA000000252166
B1046254309199N07621013EA000000252359
B1046264309199N07621019EA000000252436
B1046274309196N07621025EA000000252521
B1046284309191N07621028EA000000252759
B1046294309185N07621031EA000000252922
B1046304309178N07621030EA000000253193
B1046314309172N07621027EA000000253491
B1046324309167N07621021EA000000253776
B1046334309163N07621014EA000000253955
B1046344309160N07621006EA000000254042
B1046354309159N07620997EA000000254172
B1046364309160N07620988EA000000254396
B1046374309164N07620982EA000000254515
B1046384309168N07620979EA000000254622
B1046394309172N07620978EA000000254965
B1046404309176N07620979EA000000255079
B1046414309179N07620983EA000000255367
B1046424309180N07620989EA000000255492
B1046434309181N07620994EA000000255637
B1046444309179N07621000EA000000255656
B1046454309176N07621005EA000000255901
B1046464309171N07621008EA000000256148
B1046474309165N07621010EA000000256390
B1046484309159N07621009EA000000256696
B1046494309153N07621006EA000000256878
B1046504309148N07621000EA000000256939
B1046514309144N07620992EA000000256929
B1046524309142N07620983EA000000257019
B1046534309142N07620974EA000000257199
B1046544309145N07620967EA000000257386
B1046554309149N07620962EA000000257672
B1046564309154N07620959EA000000257808
B1046574309158N07620959EA000000258052
B1046584309162N07620960EA000000258322
B1046594309164N07620962EA000000258675
B1047004309166N07620966EA000000258883
B1047014309168N07620971EA000000258824
B1047024309169N07620977EA000000258941
B1047034309168N07620982EA000000259189
B1047044309165N07620987EA000000259312
B1047054309159N07620990EA000000259580
B1047064309153N07620990EA000000259652
B1047074309147N07620988EA000000260056
B1047084309142N07620983EA000000260255
B1047094309139N07620975EA000000260428
B1047104309137N07620966EA000000260460
B1047114309138N07620955EA000000260566
B1047124309142N07620947EA000000260738
B1047134309147N07620943EA000000261045
B1047144309152N07620942EA000000261317
B1047154309155N07620944EA000000261671
B1047164309159N07620946EA000000261709
B1047174309161N07620949EA000000261999
B1047184309164N07620953EA000000262233
B1047194309164N07620958EA000000262483
B1047204309163N07620963EA000000262609
B1047214309158N07620968EA000000262782
B1047224309153N07620970EA000000262913
B1047234309146N07620969EA000000263191
B1047244309141N07620964EA000000263370
B1047254309138N07620956EA000000263515
B1047264309136N07620947EA000000263753
B1047274309136N07620938EA000000264082
B1047284309139N07620929EA000000264408
B1047294309142N07620923EA000000264765
B1047304309146N07620919EA000000264952
B1047314309151N07620917EA000000265113
B1047324309155N07620917EA000000265325
B1047334309158N07620919EA000000265678
B1047344309161N07620923EA000000265809
B1047354309160N07620929EA000000265947
B1047364309157N07620935EA000000266067
B1047374309152N07620938EA000000266146
B1047384309146N07620939EA000000266423
B1047394309140N07620937EA000000266749
B1047404309135N07620934EA000000266926
B1047414309130N07620929EA000000267290
B1047424309127N07620921EA000000267566
B1047434309126N07620912EA000000267618
B1047444309125N07620903EA000000267873
B1047454309127N07620893EA000000268049
B1047464309130N07620886EA000000268376
B1047474309135N07620881EA000000268618
B1047484309139N07620880EA000000268995
B1047494309144N07620881EA000000269125
B1047504309147N07620884EA000000269359
B1047514309148N07620889EA000000269694
B1047524309148N07620893EA000000269955
B1047534309146N07620897EA000000270231
B1047544309143N07620901EA000000270430
B1047554309140N07620904EA000000270609
B1047564309135N07620907EA000000270773
B1047574309130N07620908EA000000270951
B1047584309124N07620906EA000000271055
B1047594309118N07620901EA000000271180
B1048004309114N07620892EA000000271111
B1048014309112N07620881EA000000271224
B1048024309112N07620871EA000000271598
B1048034309115N07620864EA000000271670
B1048044309119N07620858EA000000271844
B1048054309123N07620854EA000000272124
B1048064309127N07620852EA000000272410
B1048074309130N07620850EA000000272676
B1048084309134N07620851EA000000272753
B1048094309138N07620853EA000000272837
B1048104309141N07620856EA000000272969
B1048114309143N07620860EA000000273260
B1048124309143N07620863EA000000273597
B1048134309142N07620868EA000000273652
B1048144309138N07620871EA000000273722
B1048154309132N07620872EA000000273898
B1048164309126N07620871EA000000273964
B1048174309120N07620866EA000000274181
B1048184309115N07620857EA000000274398
B1048194309112N07620847EA000000274598
B1048204309111N07620837EA000000274879
B1048214309112N07620829EA000000275161
B1048224309115N07620822EA000000275531
B1048234309119N07620816EA000000275613
B1048244309123N07620812EA000000275760
B1048254309128N07620809EA000000275968
B1048264309133N07620810EA000000276138
B1048274309136N07620814EA000000276299
B1048284309138N07620820EA000000276482
B1048294309138N07620825EA000000276740
B1048304309135N07620828EA000000277056
B1048314309130N07620830EA000000277268
B1048324309124N07620830EA000000277345
B1048334309118N07620828EA000000277525
B1048344309112N07620824EA000000277853
B1048354309107N07620817EA000000278197
B1048364309104N07620809EA000000278343
B1048374309102N07620800EA000000278520
B1048384309101N07620790EA000000278697
B1048394309103N07620781EA000000278848
B1048404309106N07620774EA000000278950
B1048414309110N07620768EA000000279194
B1048424309116N07620765EA000000279208
B1048434309121N07620766EA000000279423
B1048444309125N07620769EA000000279557
B1048454309127N07620774EA000000279679
B1048464309127N07620780EA000000279813
B1048474309123N07620784EA000000280074
B1048484309119N07620786EA000000280206
B1048494309113N07620787EA000000280450
B1048504309108N07620785EA000000280608
B1048514309102N07620782EA000000280850
B1048524309097N07620775EA000000280944
B1048534309093N07620766EA000000281080
B1048544309092N07620756EA000000281100
B1048554309093N07620746EA000000281217
B1048564309095N07620738EA000000281569
B1048574309098N07620733EA000000281850
B1048584309102N07620727EA000000282063
B1048594309107N07620723EA000000282145
B1049004309112N07620722EA000000282260
B1049014309117N07620723EA000000282311
B1049024309119N07620727EA000000282543
B1049034309119N07620732EA000000282691
B1049044309117N07620737EA000000282782
B1049054309113N07620740EA000000282875
B1049064309108N07620741EA000000282945
B1049074309102N07620740EA000000283221
B1049084309095N07620735EA000000283495
B1049094309090N07620728EA000000283422
B1049104309086N07620718EA000000283549
B1049114309084N07620709EA000000283768
B1049124309085N07620699EA000000283859
B1049134309087N07620690EA000000284068
B1049144309091N07620684EA000000284110
B1049154309095N07620679EA000000284241
B1049164309100N07620676EA000000284436
B1049174309105N07620676EA000000284525
B1049184309108N07620679EA000000284670
B1049194309110N07620682EA000000284867
B1049204309109N07620687EA000000284993
B1049214309107N07620691EA000000285101
B1049224309102N07620693EA000000285223
B1049234309097N07620693EA000000285554
B1049244309092N07620691EA000000285909
B1049254309087N07620688EA000000286107
B1049264309082N07620682EA000000286346
B1049274309078N07620675EA000000286460
B1049284309075N07620665EA000000286595
B1049294309075N07620655EA000000286677
B1049304309078N07620646EA000000286557
B1049314309083N07620641EA000000286660
B1049324309089N07620638EA000000286741
B1049334309094N07620637EA000000286913
B1049344309097N07620638EA000000287174
B1049354309100N07620641EA000000287300
B1049364309101N07620644EA000000287488
B1049374309102N07620648EA000000287437
B1049384309101N07620652EA000000287547
B1049394309099N07620656EA000000287655
B1049404309096N07620659EA000000287835
B1049414309091N07620660EA000000288087
B1049424309086N07620659EA000000288134
B1049434309080N07620654EA000000288353
B1049444309075N07620647EA000000288571
B1049454309072N07620638EA000000288666
B1049464309070N07620629EA000000288765
B1049474309069N07620621EA000000289092
B1049484309071N07620612EA000000289108
B1049494309073N07620605EA000000289330
B1049504309076N07620597EA000000289280
B1049514309081N07620590EA000000289447
B1049524309086N07620587EA000000289688
B1049534309091N07620588EA000000289795
B1049544309095N07620592EA000000289790
B1049554309097N07620598EA000000289750
B1049564309098N07620603EA000000289821
B1049574309095N07620606EA000000289897
B1049584309091N07620608EA000000289870
B1049594309087N07620607EA000000290259
B1050004309082N07620606EA000000290458
B1050014309077N07620604EA000000290614
B1050024309072N07620598EA000000290846
B1050034309068N07620590EA000000290916
B1050044309065N07620581EA000000291085
B1050054309064N07620571EA000000291056
B1050064309064N07620562EA000000291281
B1050074309067N07620553EA000000291409
B1050084309070N07620547EA000000291630
B1050094309074N07620542EA000000291834
B1050104309079N07620539EA000000291904
B1050114309084N07620539EA000000292008
B1050124309087N07620543EA000000292072
B1050134309089N07620548EA000000292077
B1050144309090N07620554EA000000292140
B1050154309088N07620558EA000000292104
B1050164309083N07620560EA000000292372
B1050174309079N07620560EA000000292600
B1050184309074N07620558EA000000292868
B1050194309070N07620556EA000000293001
B1050204309065N07620550EA000000293259
B1050214309061N07620543EA000000293275
B1050224309058N07620534EA000000293383
B1050234309058N07620524EA000000293432
B1050244309059N07620514EA000000293502
B1050254309061N07620505EA000000293756
B1050264309064N07620498EA000000293927
B1050274309067N07620493EA000000294134
B1050284309071N07620488EA000000294170
B1050294309076N07620484EA000000294279
B1050304309082N07620483EA000000294129
B1050314309086N07620486EA000000294170
B1050324309090N07620490EA000000294111
B1050334309091N07620494EA000000294146
B1050344309090N07620499EA000000294145
B1050354309088N07620503EA000000294203
B1050364309084N07620506EA000000294358
B1050374309081N07620509EA000000294368
B1050384309079N07620513EA000000294450
B1050394309077N07620516EA000000294578
B1050404309076N07620520EA000000294623
B1050414309074N07620523EA000000294609
B1050424309071N07620527EA000000294713
B1050434309068N07620530EA000000294715
B1050444309064N07620533EA000000294875
B1050454309061N07620536EA000000294948
B1050464309057N07620539EA000000294979
B1050474309054N07620542EA000000295007
B1050484309051N07620546EA000000295105
B1050494309048N07620550EA000000295233
B1050504309045N07620553EA000000295259
B1050514309042N07620557EA000000295287
B1050524309039N07620561EA000000295172
B1050534309036N07620564EA000000295148
B1050544309033N07620568EA000000295234
B1050554309029N07620572EA000000295185
B1050564309026N07620576EA000000295248
B1050574309023N07620581EA000000295213
B1050584309020N07620585EA000000295291
B1050594309018N07620588EA000000295294
B1051004309017N07620592EA000000295280
B1051014309016N07620596EA000000295137
B1051024309014N07620601EA000000295161
B1051034309012N07620605EA000000295108
B1051044309009N07620610EA000000295182
B1051054309008N07620614EA000000295085
B1051064309007N07620619EA000000294976
B1051074309007N07620624EA000000294999
B1051084309007N07620630EA000000294788
B1051094309007N07620637EA000000294632
B1051104309006N07620642EA000000294627
B1051114309004N07620647EA000000294548
B1051124309001N07620652EA000000294597
B1051134308999N07620657EA000000294498
B1051144308997N07620663EA000000294265
B1051154308995N07620669EA000000294264
B1051164308994N07620674EA000000294209
B1051174308991N07620680EA000000294166
B1051184308988N07620687EA000000294096
B1051194308986N07620695EA000000293941
B1051204308984N07620703EA000000293833
B1051214308982N07620710EA000000293788
B1051224308981N07620717EA000000293877
B1051234308980N07620724EA000000293836
B1051244308978N07620730EA000000293959
B1051254308976N07620737EA000000293859
B1051264308974N07620745EA000000293810
B1051274308972N07620751EA000000293962
B1051284308971N07620756EA000000294143
B1051294308970N07620760EA000000294337
B1051304308968N07620764EA000000294466
B1051314308965N07620769EA000000294591
B1051324308961N07620773EA000000294535
B1051334308955N07620776EA000000294664
B1051344308949N07620776EA000000294669
B1051354308943N07620774EA000000294767
B1051364308938N07620771EA000000294951
B1051374308934N07620765EA000000295013
B1051384308930N07620758EA000000295053
B1051394308927N07620750EA000000295126
B1051404308925N07620741EA000000295116
B1051414308924N07620732EA000000295185
B1051424308926N07620724EA000000295296
B1051434308930N07620718EA000000295359
B1051444308935N07620717EA000000295550
B1051454308939N07620718EA000000295623
B1051464308942N07620721EA000000295608
B1051474308943N07620726EA000000295720
B1051484308943N07620731EA000000295841
B1051494308942N07620736EA000000295950
B1051504308941N07620740EA000000296049
B1051514308940N07620745EA000000296079
B1051524308939N07620752EA000000296030
B1051534308937N07620758EA000000296065
B1051544308935N07620764EA000000296067
B1051554308934N07620770EA000000296119
B1051564308933N07620777EA000000296204
B1051574308931N07620783EA000000296391
B1051584308931N07620788EA000000296427
B1051594308930N07620794EA000000296504
B1052004308928N07620800EA000000296678
B1052014308927N07620807EA000000296648
B1052024308926N07620815EA000000296544
B1052034308925N07620822EA000000296680
B1052044308925N07620828EA000000296700
B1052054308923N07620833EA000000296867
B1052064308921N07620839EA000000296994
B1052074308918N07620843EA000000297027
B1052084308913N07620846EA000000297126
B1052094308906N07620846EA000000297294
B1052104308900N07620843EA000000297458
B1052114308896N07620836EA000000297559
B1052124308894N07620828EA000000297652
B1052134308895N07620819EA000000297633
B1052144308897N07620810EA000000297789
B1052154308901N07620805EA000000297998
B1052164308906N07620804EA000000298170
B1052174308911N07620804EA000000298369
B1052184308915N07620808EA000000298481
B1052194308918N07620813EA000000298448
B1052204308919N07620820EA000000298461
B1052214308919N07620826EA000000298545
B1052224308919N07620832EA000000298820
B1052234308919N07620837EA000000299074
B1052244308920N07620843EA000000299200
B1052254308919N07620848EA000000299308
B1052264308916N07620853EA000000299407
B1052274308910N07620856EA000000299388
B1052284308904N07620857EA000000299394
B1052294308898N07620856EA000000299476
B1052304308893N07620853EA000000299738
B1052314308888N07620849EA000000299833
B1052324308883N07620844EA000000300071
B1052334308879N07620837EA000000299923
B1052344308875N07620830EA000000299860
B1052354308872N07620821EA000000299997
B1052364308872N07620813EA000000299933
B1052374308873N07620804EA000000299975
B1052384308877N07620797EA000000299914
B1052394308881N07620792EA000000300086
B1052404308886N07620790EA000000300273
B1052414308891N07620790EA000000300376
B1052424308896N07620792EA000000300338
B1052434308900N07620796EA000000300321
B1052444308903N07620800EA000000300425
B1052454308904N07620805EA000000300686
B1052464308905N07620811EA000000300795
B1052474308906N07620817EA000000300705
B1052484308906N07620823EA000000300894
B1052494308908N07620829EA000000300814
B1052504308909N07620835EA000000300710
B1052514308909N07620840EA000000300789
B1052524308909N07620846EA000000300959
B1052534308908N07620852EA000000301182
B1052544308908N07620857EA000000301305
B1052554308907N07620863EA000000301331
B1052564308906N07620869EA000000301363
B1052574308905N07620876EA000000301253
B1052584308904N07620882EA000000301187
B1052594308904N07620888EA000000301203
B1053004308903N07620893EA000000301321
B1053014308903N07620897EA000000301413
B1053024308903N07620901EA000000301598
B1053034308904N07620907EA000000301466
B1053044308905N07620914EA000000301311
B1053054308905N07620920EA000000301235
B1053064308905N07620926EA000000301431
B1053074308904N07620930EA000000301568
B1053084308904N07620935EA000000301665
B1053094308904N07620940EA000000301669
B1053104308905N07620946EA000000301748
B1053114308905N07620954EA000000301641
B1053124308905N07620961EA000000301710
B1053134308904N07620966EA000000301865
B1053144308903N07620972EA000000301980
B1053154308903N07620976EA000000302039
B1053164308903N07620983EA000000302110
B1053174308903N07620990EA000000302122
B1053184308903N07620997EA000000302162
B1053194308904N07621003EA000000302239
B1053204308905N07621010EA000000302247
B1053214308906N07621016EA000000302333
B1053224308906N07621022EA000000302292
B1053234308907N07621028EA000000302153
B1053244308907N07621035EA000000301997
B1053254308908N07621043EA000000301740
B1053264308908N07621048EA000000301729
B1053274308908N07621054EA000000301705
B1053284308908N07621059EA000000301607
B1053294308908N07621065EA000000301690
B1053304308910N07621070EA000000301551
B1053314308911N07621075EA000000301364
B1053324308912N07621080EA000000301179
B1053334308913N07621086EA000000300986
B1053344308914N07621093EA000000300912
B1053354308913N07621098EA000000300775
B1053364308913N07621103EA000000300743
B1053374308913N07621108EA000000300733
B1053384308913N07621113EA000000300692
B1053394308914N07621119EA000000300301
B1053404308914N07621126EA000000300002
B1053414308913N07621133EA000000299862
B1053424308913N07621140EA000000299721
B1053434308912N07621146EA000000299584
B1053444308913N07621152EA000000299428
B1053454308913N07621158EA000000299351
B1053464308913N07621164EA000000299240
B1053474308913N07621170EA000000299100
B1053484308912N07621175EA000000298959
B1053494308912N07621181EA000000298826
B1053504308912N07621187EA000000298673
B1053514308912N07621192EA000000298369
B1053524308912N07621199EA000000298069
B1053534308913N07621208EA000000297792
B1053544308914N07621216EA000000297270
B1053554308915N07621224EA000000296930
B1053564308916N07621231EA000000296803
B1053574308916N07621237EA000000296779
B1053584308917N07621245EA000000296590
B1053594308918N07621252EA000000296284
B1054004308919N07621259EA000000295968
B1054014308920N07621267EA000000295636
B1054024308920N07621274EA000000295469
B1054034308920N07621282EA000000295390
B1054044308921N07621289EA000000295166
B1054054308921N07621297EA000000294851
B1054064308920N07621305EA000000294574
B1054074308919N07621313EA000000294314
B1054084308917N07621320EA000000294188
B1054094308916N07621328EA000000293931
B1054104308915N07621335EA000000293752
B1054114308915N07621342EA000000293627
B1054124308914N07621349EA000000293495
B1054134308914N07621357EA000000293001
B1054144308913N07621365EA000000292833
B1054154308912N07621373EA000000292545
B1054164308912N07621382EA000000292266
B1054174308912N07621390EA000000292034
B1054184308912N07621397EA000000291926
B1054194308912N07621405EA000000291722
B1054204308911N07621412EA000000291493
B1054214308912N07621419EA000000291146
B1054224308912N07621427EA000000290836
B1054234308912N07621436EA000000290658
B1054244308912N07621444EA000000290413
B1054254308911N07621451EA000000290276
B1054264308912N07621458EA000000290019
B1054274308912N07621466EA000000289876
B1054284308913N07621474EA000000289584
B1054294308914N07621482EA000000289234
B1054304308914N07621490EA000000289041
B1054314308914N07621497EA000000288917
B1054324308914N07621505EA000000288745
B1054334308914N07621513EA000000288540
B1054344308914N07621520EA000000288476
B1054354308914N07621527EA000000288225
B1054364308913N07621534EA000000288147
B1054374308912N07621541EA000000287942
B1054384308911N07621547EA000000287856
B1054394308911N07621554EA000000287623
B1054404308911N07621561EA000000287421
B1054414308910N07621568EA000000287351
B1054424308909N07621575EA000000287191
B1054434308909N07621582EA000000286940
B1054444308908N07621588EA000000286882
B1054454308908N07621594EA000000286639
B1054464308907N07621601EA000000286559
B1054474308906N07621608EA000000286347
B1054484308905N07621616EA000000286154
B1054494308905N07621623EA000000285916
B1054504308904N07621630EA000000285874
B1054514308904N07621636EA000000285789
B1054524308904N07621643EA000000285683
B1054534308904N07621649EA000000285368
B1054544308903N07621656EA000000285087
B1054554308902N07621664EA000000284773
B1054564308901N07621672EA000000284562
B1054574308900N07621679EA000000284399
B1054584308900N07621687EA000000284377
B1054594308900N07621695EA000000284222
B1055004308899N07621702EA000000284280
B1055014308899N07621708EA000000284110
B1055024308897N07621715EA000000284091
B1055034308897N07621722EA000000283865
B1055044308896N07621729EA000000283644
B1055054308895N07621736EA000000283417
B1055064308894N07621743EA000000283305
B1055074308893N07621750EA000000283135
B1055084308892N07621758EA000000282993
B1055094308892N07621766EA000000282676
B1055104308892N07621774EA000000282439
B1055114308890N07621782EA000000282189
B1055124308889N07621790EA000000282060
B1055134308888N07621796EA000000281985
B1055144308888N07621803EA000000281761
B1055154308888N07621810EA000000281561
B1055164308887N07621817EA000000281393
B1055174308887N07621824EA000000281130
B1055184308886N07621830EA000000280946
B1055194308886N07621837EA000000280827
B1055204308886N07621845EA000000280513
B1055214308885N07621852EA000000280254
B1055224308885N07621859EA000000280024
B1055234308885N07621865EA000000279819
B1055244308885N07621872EA000000279525
B1055254308885N07621880EA000000279200
B1055264308884N07621886EA000000279079
B1055274308884N07621894EA000000278831
B1055284308884N07621900EA000000278726
B1055294308884N07621906EA000000278616
B1055304308883N07621911EA000000278695
B1055314308883N07621917EA000000278473
B1055324308883N07621923EA000000278121
B1055334308882N07621930EA000000277650
B1055344308881N07621937EA000000277382
B1055354308882N07621944EA000000277111
B1055364308883N07621951EA000000277010
B1055374308883N07621956EA000000276898
B1055384308884N07621962EA000000276752
B1055394308884N07621967EA000000276589
B1055404308885N07621973EA000000276211
B1055414308885N07621979EA000000275835
B1055424308886N07621986EA000000275500
B1055434308886N07621991EA000000275258
B1055444308887N07621997EA000000275051
B1055454308888N07622002EA000000274834
B1055464308889N07622008EA000000274521
B1055474308889N07622014EA000000274251
B1055484308889N07622019EA000000273879
B1055494308890N07622025EA000000273509
B1055504308889N07622032EA000000273280
B1055514308889N07622038EA000000273051
B1055524308889N07622043EA000000272855
B1055534308889N07622049EA000000272651
B1055544308889N07622054EA000000272253
B1055554308890N07622060EA000000271953
B1055564308891N07622066EA000000271525
B1055574308891N07622072EA000000271277
B1055584308891N07622079EA000000270941
B1055594308891N07622084EA000000270709
B1056004308890N07622090EA000000270550
B1056014308890N07622094EA000000270326
B1056024308890N07622099EA000000270058
B1056034308890N07622105EA000000269797
B1056044308890N07622112EA000000269491
B1056054308891N07622118EA000000269055
B1056064308891N07622124EA000000268877
B1056074308892N07622130EA000000268533
B1056084308892N07622136EA000000268351
B1056094308892N07622142EA000000268041
B1056104308892N07622148EA000000267727
B1056114308892N07622154EA000000267548
B1056124308892N07622161EA000000267282
B1056134308892N07622167EA000000266980
B1056144308893N07622173EA000000266711
B1056154308892N07622179EA000000266490
B1056164308892N07622185EA000000266186
B1056174308893N07622192EA000000265801
B1056184308893N07622197EA000000265507
B1056194308893N07622203EA000000265245
B1056204308892N07622209EA000000265098
B1056214308892N07622216EA000000264665
B1056224308892N07622223EA000000264369
B1056234308892N07622231EA000000264191
B1056244308893N07622237EA000000263908
B1056254308893N07622244EA000000263821
B1056264308893N07622250EA000000263619
B1056274308892N07622257EA000000263375
B1056284308892N07622264EA000000263087
B1056294308893N07622272EA000000262694
B1056304308894N07622280EA000000262353
B1056314308894N07622287EA000000262126
B1056324308893N07622295EA000000261971
B1056334308893N07622302EA000000261863
B1056344308893N07622309EA000000261538
B1056354308893N07622317EA000000261152
B1056364308893N07622325EA000000260850
B1056374308893N07622332EA000000260483
B1056384308894N07622340EA000000260231
B1056394308895N07622347EA000000259952
B1056404308897N07622354EA000000259759
B1056414308899N07622360EA000000259579
B1056424308900N07622366EA000000259491
B1056434308901N07622371EA000000259426
B1056444308900N07622377EA000000259341
B1056454308899N07622383EA000000258988
B1056464308899N07622390EA000000258523
B1056474308898N07622396EA000000258288
B1056484308898N07622402EA000000258039
B1056494308897N07622408EA000000257878
B1056504308896N07622414EA000000257677
B1056514308896N07622421EA000000257332
B1056524308896N07622428EA000000256937
B1056534308896N07622436EA000000256663
B1056544308896N07622442EA000000256445
B1056554308895N07622448EA000000256263
B1056564308894N07622453EA000000256159
B1056574308893N07622460EA000000255831
B1056584308892N07622466EA000000255437
B1056594308891N07622473EA000000255176
B1057004308890N07622480EA000000254981
B1057014308889N07622485EA000000254757
B1057024308888N07622491EA000000254523
B1057034308886N07622497EA000000254385
B1057044308885N07622504EA000000254034
B1057054308884N07622511EA000000253724
B1057064308883N07622517EA000000253688
B1057074308883N07622523EA000000253347
B1057084308882N07622529EA000000253252
B1057094308882N07622535EA000000253032
B1057104308881N07622541EA000000252739
B1057114308880N07622549EA000000252450
B1057124308879N07622555EA000000252357
B1057134308878N07622561EA000000252357
B1057144308877N07622567EA000000252225
B1057154308875N07622573EA000000252197
B1057164308874N07622580EA000000251963
B1057174308873N07622586EA000000251846
B1057184308872N07622592EA000000251743
B1057194308871N07622597EA000000251738
B1057204308870N07622603EA000000251633
B1057214308869N07622609EA000000251479
B1057224308868N07622616EA000000251271
B1057234308867N07622622EA000000251070
B1057244308866N07622627EA000000250869
B1057254308865N07622634EA000000250654
B1057264308864N07622641EA000000250595
B1057274308863N07622647EA000000250485
B1057284308862N07622653EA000000250332
B1057294308860N07622659EA000000250161
B1057304308859N07622665EA000000249921
B1057314308858N07622671EA000000249630
B1057324308857N07622677EA000000249337
B1057334308856N07622684EA000000249153
B1057344308855N07622690EA000000249096
B1057354308855N07622697EA000000248740
B1057364308855N07622703EA000000248614
B1057374308854N07622710EA000000248287
B1057384308855N07622718EA000000247809
B1057394308854N07622728EA000000247490
B1057404308854N07622737EA000000247271
B1057414308854N07622743EA000000247228
B1057424308853N07622748EA000000247486
B1057434308853N07622752EA000000247562
B1057444308853N07622756EA000000247467
B1057454308853N07622763EA000000247154
B1057464308853N07622771EA000000246811
B1057474308852N07622778EA000000246568
B1057484308852N07622785EA000000246403
B1057494308852N07622790EA000000246418
B1057504308851N07622795EA000000246368
B1057514308851N07622801EA000000246142
B1057524308850N07622807EA000000245881
B1057534308850N07622813EA000000245517
B1057544308849N07622820EA000000245331
B1057554308848N07622826EA000000245285
B1057564308848N07622832EA000000245044
B1057574308847N07622839EA000000244898
B1057584308847N07622847EA000000244571
B1057594308847N07622854EA000000244394
B1058004308847N07622860EA000000244272
B1058014308846N07622866EA000000244231
B1058024308844N07622871EA000000244185
B1058034308843N07622877EA000000244008
B1058044308841N07622884EA000000243812
B1058054308839N07622891EA000000243781
B1058064308838N07622897EA000000243567
B1058074308837N07622903EA000000243458
B1058084308836N07622910EA000000243341
B1058094308834N07622916EA000000243184
B1058104308832N07622922EA000000243095
B1058114308831N07622928EA000000242957
B1058124308830N07622934EA000000242718
B1058134308828N07622940EA000000242590
B1058144308827N07622945EA000000242376
B1058154308826N07622951EA000000242145
B1058164308825N07622957EA000000241828
B1058174308824N07622964EA000000241515
B1058184308822N07622970EA000000241361
B1058194308821N07622975EA000000241214
B1058204308818N07622980EA000000241085
B1058214308816N07622985EA000000240955
B1058224308814N07622992EA000000240670
B1058234308813N07622998EA000000240339
B1058244308812N07623005EA000000240124
B1058254308810N07623010EA000000240183
B1058264308808N07623015EA000000240284
B1058274308807N07623019EA000000240233
B1058284308805N07623024EA000000240251
B1058294308803N07623029EA000000240160
B1058304308801N07623034EA000000240007
B1058314308797N07623040EA000000239875
B1058324308794N07623046EA000000239890
B1058334308792N07623050EA000000239742
B1058344308790N07623053EA000000239888
B1058354308789N07623057EA000000239905
B1058364308787N07623062EA000000239901
B1058374308784N07623067EA000000239881
B1058384308782N07623072EA000000239650
B1058394308780N07623076EA000000239576
B1058404308779N07623081EA000000239524
B1058414308777N07623086EA000000239431
B1058424308774N07623091EA000000239332
B1058434308771N07623095EA000000239328
B1058444308767N07623099EA000000239498
B1058454308764N07623104EA000000239452
B1058464308761N07623108EA000000239505
B1058474308757N07623112EA000000239517
B1058484308753N07623116EA000000239544
B1058494308749N07623120EA000000239571
B1058504308746N07623125EA000000239521
B1058514308742N07623131EA000000239453
B1058524308739N07623137EA000000239498
B1058534308737N07623143EA000000239497
B1058544308735N07623148EA000000239627
B1058554308732N07623153EA000000239935
B1058564308730N07623157EA000000240027
B1058574308729N07623161EA000000240269
B1058584308730N07623165EA000000240284
B1058594308733N07623166EA000000240288
B1059004308737N07623164EA000000240103
B1059014308739N07623158EA000000240235
B1059024308739N07623149EA000000240334
B1059034308736N07623139EA000000240686
B1059044308732N07623131EA000000240802
B1059054308725N07623124EA000000241086
B1059064308719N07623119EA000000241227
B1059074308711N07623116EA000000241488
B1059084308704N07623116EA000000241426
B1059094308697N07623118EA000000241518
B1059104308691N07623123EA000000241604
B1059114308687N07623128EA000000241914
B1059124308684N07623133EA000000242174
B1059134308683N07623138EA000000242281
B1059144308684N07623142EA000000242274
B1059154308686N07623146EA000000242270
B1059164308689N07623147EA000000242203
B1059174308691N07623146EA000000242262
B1059184308693N07623142EA000000242393
B1059194308695N07623135EA000000242315
B1059204308694N07623126EA000000242599
B1059214308692N07623117EA000000242649
B1059224308687N07623109EA000000242705
B1059234308679N07623103EA000000242879
B1059244308671N07623102EA000000242819
B1059254308664N07623105EA000000243051
B1059264308660N07623110EA000000243334
B1059274308660N07623115EA000000243508
B1059284308660N07623120EA000000243538
B1059294308660N07623125EA000000243559
B1059304308660N07623130EA000000243692
B1059314308661N07623133EA000000243679
B1059324308664N07623136EA000000243526
B1059334308668N07623137EA000000243443
B1059344308673N07623134EA000000243308
B1059354308677N07623129EA000000243422
B1059364308678N07623121EA000000243591
B1059374308678N07623111EA000000243818
B1059384308674N07623103EA000000244171
B1059394308669N07623095EA000000244384
B1059404308663N07623087EA000000244469
B1059414308655N07623083EA000000244482
B1059424308647N07623082EA000000244463
B1059434308640N07623088EA000000244325
B1059444308633N07623093EA000000244493
B1059454308635N07623101EA000000244463
B1059464308636N07623104EA000000244957
B1059474308636N07623107EA000000245353
B1059484308635N07623110EA000000245463
B1059494308635N07623115EA000000245343
B1059504308637N07623120EA000000245243
B1059514308641N07623121EA000000245276
B1059524308646N07623118EA000000245232
B1059534308649N07623109EA000000245405
B1059544308647N07623099EA000000245550
B1059554308642N07623090EA000000245763
B1059564308636N07623085EA000000245902
B1059574308629N07623083EA000000246119
B1059584308622N07623085EA000000246240
B1059594308617N07623089EA000000246410
B1100004308614N07623093EA000000246638
B1100014308613N07623099EA000000246862
B1100024308615N07623103EA000000246942
B1100034308618N07623105EA000000246971
B1100044308622N07623104EA000000247065
B1100054308626N07623100EA000000247107
B1100064308628N07623094EA000000247252
B1100074308628N07623085EA000000247338
B1100084308625N07623077EA000000247480
B1100094308620N07623069EA000000247464
B1100104308613N07623064EA000000247493
B1100114308606N07623062EA000000247581
B1100124308600N07623063EA000000247612
B1100134308595N07623068EA000000247605
B1100144308591N07623074EA000000247786
B1100154308592N07623080EA000000247941
B1100164308594N07623084EA000000248080
B1100174308598N07623085EA000000247948
B1100184308602N07623085EA000000248024
B1100194308605N07623082EA000000248356
B1100204308607N07623077EA000000248595
B1100214308608N07623069EA000000248595
B1100224308606N07623059EA000000248587
B1100234308602N07623051EA000000248502
B1100244308595N07623046EA000000248602
B1100254308587N07623045EA000000248681
B1100264308581N07623046EA000000248713
B1100274308576N07623051EA000000248963
B1100284308574N07623056EA000000249208
B1100294308573N07623062EA000000249453
B1100304308575N07623067EA000000249530
B1100314308578N07623070EA000000249631
B1100324308581N07623070EA000000249798
B1100334308585N07623067EA000000249867
B1100344308588N07623061EA000000249958
B1100354308587N07623052EA000000249824
B1100364308583N07623043EA000000249862
B1100374308577N07623036EA000000249880
B1100384308570N07623032EA000000250061
B1100394308563N07623031EA000000250242
B1100404308557N07623032EA000000250414
B1100414308551N07623036EA000000250651
B1100424308547N07623040EA000000250803
B1100434308544N07623045EA000000250938
B1100444308543N07623052EA000000251082
B1100454308546N07623057EA000000251003
B1100464308549N07623059EA000000251132
B1100474308553N07623056EA000000251348
B1100484308556N07623051EA000000251434
B1100494308556N07623043EA000000251581
B1100504308554N07623033EA000000251529
B1100514308548N07623026EA000000251401
B1100524308540N07623021EA000000251548
B1100534308533N07623020EA000000251607
B1100544308526N07623023EA000000251941
B1100554308520N07623026EA000000252177
B1100564308516N07623031EA000000252342
B1100574308513N07623036EA000000252536
B1100584308512N07623042EA000000252601
B1100594308512N07623046EA000000252698
B1101004308515N07623050EA000000252890
B1101014308520N07623050EA000000252716
B1101024308524N07623047EA000000252804
B1101034308526N07623042EA000000252930
B1101044308526N07623033EA000000253000
B1101054308523N07623024EA000000253051
B1101064308518N07623016EA000000253060
B1101074308512N07623009EA000000253083
B1101084308506N07623005EA000000253210
B1101094308498N07623003EA000000253457
B1101104308490N07623004EA000000253598
B1101114308484N07623008EA000000253782
B1101124308480N07623012EA000000253900
B1101134308476N07623016EA000000254192
B1101144308475N07623021EA000000254265
B1101154308475N07623027EA000000254181
B1101164308478N07623031EA000000254112
B1101174308481N07623032EA000000254180
B1101184308485N07623028EA000000254229
B1101194308487N07623022EA000000254239
B1101204308487N07623014EA000000254221
B1101214308484N07623004EA000000254369
B1101224308479N07622997EA000000254491
B1101234308473N07622991EA000000254680
B1101244308467N07622986EA000000254716
B1101254308461N07622983EA000000254908
B1101264308454N07622981EA000000255185
B1101274308448N07622981EA000000255120
B1101284308442N07622983EA000000255102
B1101294308436N07622988EA000000255082
B1101304308434N07622995EA000000254955
B1101314308434N07623002EA000000254876
B1101324308435N07623008EA000000254974
B1101334308436N07623013EA000000255011
B1101344308435N07623017EA000000255256
B1101354308434N07623022EA000000255141
B1101364308433N07623027EA000000255159
B1101374308433N07623033EA000000255048
B1101384308433N07623040EA000000254912
B1101394308432N07623046EA000000255062
B1101404308431N07623052EA000000255140
B1101414308430N07623057EA000000255148
B1101424308429N07623064EA000000255245
B1101434308428N07623070EA000000255367
B1101444308428N07623076EA000000255417
B1101454308427N07623082EA000000255527
B1101464308426N07623088EA000000255515
B1101474308425N07623094EA000000255567
B1101484308425N07623100EA000000255586
B1101494308426N07623105EA000000255517
B1101504308426N07623110EA000000255528
B1101514308425N07623116EA000000255475
B1101524308425N07623122EA000000255419
B1101534308424N07623129EA000000255354
B1101544308424N07623136EA000000255341
B1101554308424N07623141EA000000255367
B1101564308424N07623146EA000000255067
B1101574308425N07623151EA000000254928
B1101584308425N07623157EA000000254610
B1101594308425N07623162EA000000254349
B1102004308425N07623169EA000000254183
B1102014308426N07623175EA000000253926
B1102024308426N07623181EA000000253971
B1102034308427N07623186EA000000253821
B1102044308427N07623190EA000000253689
B1102054308428N07623196EA000000253520
B1102064308428N07623201EA000000253342
B1102074308429N07623206EA000000253127
B1102084308429N07623212EA000000252890
B1102094308430N07623217EA000000252650
B1102104308430N07623221EA000000252495
B1102114308431N07623226EA000000252361
B1102124308432N07623231EA000000252011
B1102134308432N07623236EA000000251893
B1102144308433N07623241EA000000251556
B1102154308434N07623247EA000000251323
B1102164308434N07623253EA000000251190
B1102174308435N07623259EA000000250981
B1102184308436N07623265EA000000250691
B1102194308438N07623271EA000000250335
B1102204308439N07623277EA000000250138
B1102214308440N07623284EA000000250000
B1102224308440N07623289EA000000249959
B1102234308441N07623296EA000000249824
B1102244308441N07623303EA000000249770
B1102254308442N07623309EA000000249516
B1102264308442N07623315EA000000249672
B1102274308443N07623319EA000000249657
B1102284308444N07623323EA000000249685
B1102294308446N07623327EA000000249632
B1102304308447N07623330EA000000249688
B1102314308448N07623334EA000000249696
B1102324308448N07623338EA000000249781
B1102334308448N07623341EA000000249719
B1102344308447N07623346EA000000249713
B1102354308446N07623351EA000000249719
B1102364308444N07623358EA000000249540
B1102374308441N07623364EA000000249530
B1102384308438N07623369EA000000249515
B1102394308435N07623374EA000000249537
B1102404308433N07623380EA000000249564
B1102414308432N07623385EA000000249538
B1102424308430N07623391EA000000249593
B1102434308429N07623396EA000000249477
B1102444308428N07623402EA000000249438
B1102454308427N07623409EA000000249338
B1102464308426N07623416EA000000249252
B1102474308425N07623422EA000000249384
B1102484308424N07623428EA000000249393
B1102494308424N07623434EA000000249423
B1102504308423N07623440EA000000249455
B1102514308422N07623446EA000000249588
B1102524308422N07623453EA000000249513
B1102534308421N07623460EA000000249661
B1102544308421N07623466EA000000249662
B1102554308421N07623471EA000000249598
B1102564308422N07623477EA000000249555
B1102574308423N07623483EA000000249516
B1102584308423N07623489EA000000249479
B1102594308424N07623496EA000000249403
B1103004308423N07623502EA000000249498
B1103014308423N07623508EA000000249334
B1103024308422N07623514EA000000249280
B1103034308422N07623520EA000000249141
B1103044308422N07623527EA000000249031
B1103054308422N07623534EA000000248960
B1103064308422N07623540EA000000248851
B1103074308422N07623545EA000000248818
B1103084308421N07623551EA000000248720
B1103094308420N07623556EA000000248694
B1103104308421N07623561EA000000248418
B1103114308421N07623567EA000000248264
B1103124308421N07623572EA000000248167
B1103134308421N07623577EA000000247938
B1103144308421N07623583EA000000247700
B1103154308420N07623588EA000000247583
B1103164308420N07623593EA000000247377
B1103174308421N07623599EA000000247102
B1103184308420N07623605EA000000246845
B1103194308419N07623611EA000000246736
B1103204308418N07623616EA000000246709
B1103214308417N07623622EA000000246602
B1103224308416N07623627EA000000246558
B1103234308416N07623633EA000000246444
B1103244308415N07623638EA000000246379
B1103254308415N07623644EA000000246369
B1103264308415N07623650EA000000246444
B1103274308414N07623655EA000000246440
B1103284308413N07623659EA000000246441
B1103294308412N07623664EA000000246405
B1103304308411N07623670EA000000246312
B1103314308410N07623675EA000000246276
B1103324308410N07623681EA000000246111
B1103334308409N07623685EA000000246029
B1103344308408N07623690EA000000245904
B1103354308407N07623694EA000000245809
B1103364308406N07623699EA000000245656
B1103374308406N07623704EA000000245418
B1103384308405N07623710EA000000245254
B1103394308405N07623716EA000000245005
B1103404308404N07623723EA000000244770
B1103414308403N07623728EA000000244675
B1103424308402N07623733EA000000244595
B1103434308401N07623738EA000000244369
B1103444308400N07623744EA000000244180
B1103454308400N07623749EA000000244051
B1103464308400N07623754EA000000243700
B1103474308399N07623759EA000000243621
B1103484308398N07623764EA000000243444
B1103494308397N07623769EA000000243388
B1103504308396N07623774EA000000243190
B1103514308396N07623778EA000000243094
B1103524308396N07623783EA000000242872
B1103534308396N07623788EA000000242691
B1103544308397N07623793EA000000242355
B1103554308397N07623799EA000000242191
B1103564308398N07623804EA000000241909
B1103574308397N07623810EA000000241821
B1103584308396N07623815EA000000241616
B1103594308395N07623821EA000000241448
B1104004308395N07623829EA000000241360
B1104014308396N07623835EA000000241159
B1104024308397N07623842EA000000241142
B1104034308397N07623848EA000000241291
B1104044308397N07623853EA000000241394
B1104054308398N07623858EA000000241316
B1104064308398N07623863EA000000241338
B1104074308398N07623868EA000000241286
B1104084308399N07623874EA000000241201
B1104094308399N07623879EA000000241139
B1104104308399N07623886EA000000241150
B1104114308399N07623891EA000000241099
B1104124308400N07623897EA000000241066
B1104134308401N07623903EA000000241053
B1104144308402N07623908EA000000241048
B1104154308403N07623914EA000000240928
B1104164308403N07623920EA000000240978
B1104174308404N07623927EA000000240901
B1104184308404N07623932EA000000240936
B1104194308404N07623938EA000000240951
B1104204308404N07623943EA000000241064
B1104214308404N07623949EA000000240962
B1104224308404N07623955EA000000240908
B1104234308403N07623961EA000000240839
B1104244308403N07623967EA000000240718
B1104254308403N07623973EA000000240618
B1104264308403N07623979EA000000240575
B1104274308404N07623985EA000000240416
B1104284308404N07623991EA000000240488
B1104294308404N07623997EA000000240374
B1104304308404N07624003EA000000240370
B1104314308405N07624008EA000000240206
B1104324308405N07624014EA000000240049
B1104334308406N07624021EA000000239732
B1104344308406N07624028EA000000239680
B1104354308406N07624033EA000000239686
B1104364308406N07624038EA000000239646
B1104374308406N07624044EA000000239530
B1104384308406N07624050EA000000239322
B1104394308406N07624056EA000000239059
B1104404308406N07624063EA000000238952
B1104414308406N07624069EA000000238724
B1104424308405N07624074EA000000238787
B1104434308405N07624078EA000000238629
B1104444308404N07624084EA000000238481
B1104454308404N07624090EA000000238136
B1104464308403N07624097EA000000237986
B1104474308403N07624104EA000000237714
B1104484308402N07624110EA000000237630
B1104494308401N07624115EA000000237534
B1104504308399N07624120EA000000237585
B1104514308398N07624125EA000000237438
B1104524308397N07624131EA000000237144
B1104534308396N07624137EA000000236848
B1104544308395N07624143EA000000236517
B1104554308393N07624149EA000000236264
B1104564308391N07624155EA000000236170
B1104574308390N07624161EA000000235972
B1104584308390N07624168EA000000235761
B1104594308390N07624174EA000000235483
B1105004308390N07624180EA000000235062
B1105014308390N07624186EA000000234842
B1105024308389N07624192EA000000234521
B1105034308387N07624198EA000000234393
B1105044308387N07624204EA000000234163
B1105054308387N07624210EA000000233896
B1105064308388N07624217EA000000233472
B1105074308389N07624223EA000000233096
B1105084308391N07624229EA000000232717
B1105094308391N07624235EA000000232593
B1105104308392N07624241EA000000232392
B1105114308393N07624246EA000000232280
B1105124308395N07624251EA000000231913
B1105134308395N07624257EA000000231682
B1105144308396N07624263EA000000231452
B1105154308397N07624269EA000000231203
B1105164308397N07624275EA000000231111
B1105174308397N07624281EA000000231000
B1105184308397N07624286EA000000231016
B1105194308396N07624292EA000000230994
B1105204308396N07624298EA000000230850
B1105214308395N07624303EA000000230774
B1105224308394N07624309EA000000230574
B1105234308394N07624315EA000000230314
B1105244308393N07624321EA000000230266
B1105254308393N07624327EA000000230237
B1105264308393N07624334EA000000230021
B1105274308393N07624340EA000000230055
B1105284308393N07624346EA000000229982
B1105294308394N07624352EA000000229850
B1105304308395N07624357EA000000229719
B1105314308395N07624363EA000000229538
B1105324308395N07624369EA000000229475
B1105334308396N07624375EA000000229350
B1105344308397N07624380EA000000229360
B1105354308398N07624385EA000000229270
B1105364308399N07624390EA000000229151
B1105374308400N07624395EA000000228906
B1105384308400N07624401EA000000228786
B1105394308401N07624407EA000000228543
B1105404308402N07624412EA000000228414
B1105414308402N07624417EA000000228355
B1105424308402N07624422EA000000228187
B1105434308403N07624427EA000000227864
B1105444308404N07624434EA000000227582
B1105454308406N07624440EA000000227189
B1105464308408N07624447EA000000226874
B1105474308410N07624454EA000000226660
B1105484308411N07624460EA000000226571
B1105494308412N07624466EA000000226330
B1105504308413N07624471EA000000226174
B1105514308415N07624477EA000000225854
B1105524308417N07624483EA000000225502
B1105534308418N07624489EA000000225252
B1105544308419N07624495EA000000225020
B1105554308419N07624501EA000000224634
B1105564308419N07624507EA000000224396
B1105574308420N07624513EA000000223986
B1105584308421N07624518EA000000223566
B1105594308421N07624523EA000000223385
B1106004308421N07624529EA000000222974
B1106014308421N07624535EA000000222562
B1106024308421N07624541EA000000222145
B1106034308421N07624547EA000000221902
B1106044308420N07624551EA000000221767
B1106054308420N07624556EA000000221326
B1106064308420N07624562EA000000221002
B1106074308420N07624567EA000000220678
B1106084308421N07624574EA000000220253
B1106094308421N07624580EA000000220082
B1106104308421N07624585EA000000219953
B1106114308420N07624589EA000000219849
B1106124308419N07624594EA000000219696
B1106134308419N07624599EA000000219388
B1106144308420N07624605EA000000219044
B1106154308420N07624611EA000000218794
B1106164308421N07624616EA000000218538
B1106174308421N07624621EA000000218458
B1106184308421N07624626EA000000218212
B1106194308420N07624630EA000000218178
B1106204308420N07624636EA000000217872
B1106214308419N07624642EA000000217381
B1106224308419N07624648EA000000217021
B1106234308418N07624653EA000000216855
B1106244308418N07624657EA000000216718
B1106254308417N07624661EA000000216595
B1106264308417N07624665EA000000216274
B1106274308417N07624669EA000000215957
B1106284308417N07624674EA000000215555
B1106294308417N07624679EA000000215050
B1106304308417N07624684EA000000214733
B1106314308417N07624689EA000000214521
B1106324308417N07624694EA000000214275
B1106334308418N07624699EA000000213905
B1106344308418N07624704EA000000213668
B1106354308418N07624710EA000000213382
B1106364308418N07624715EA000000213154
B1106374308418N07624720EA000000212866
B1106384308419N07624725EA000000212606
B1106394308420N07624729EA000000212309
B1106404308420N07624734EA000000211966
B1106414308420N07624739EA000000211756
B1106424308420N07624745EA000000211501
B1106434308419N07624750EA000000211249
B1106444308418N07624756EA000000211090
B1106454308418N07624760EA000000210787
B1106464308418N07624765EA000000210466
B1106474308418N07624770EA000000210123
B1106484308418N07624775EA000000209717
B1106494308417N07624781EA000000209289
B1106504308417N07624787EA000000208996
B1106514308417N07624793EA000000208740
B1106524308417N07624798EA000000208404
B1106534308416N07624803EA000000208149
B1106544308416N07624809EA000000207676
B1106554308417N07624815EA000000207256
B1106564308418N07624820EA000000206866
B1106574308419N07624824EA000000206698
B1106584308421N07624828EA000000206419
B1106594308421N07624833EA000000206182
B1107004308422N07624838EA000000205819
B1107014308422N07624844EA000000205537
B1107024308422N07624850EA000000205355
B1107034308423N07624855EA000000205100
B1107044308423N07624859EA000000205031
B1107054308423N07624863EA000000204855
B1107064308423N07624868EA000000204665
B1107074308423N07624873EA000000204386
B1107084308423N07624879EA000000203987
B1107094308423N07624885EA000000203671
B1107104308423N07624890EA000000203480
B1107114308423N07624894EA000000203137
B1107124308423N07624900EA000000202800
B1107134308423N07624905EA000000202418
B1107144308424N07624911EA000000202109
B1107154308425N07624917EA000000201812
B1107164308426N07624921EA000000201649
B1107174308427N07624927EA000000201450
B1107184308428N07624931EA000000201239
B1107194308430N07624936EA000000201004
B1107204308431N07624941EA000000200769
B1107214308432N07624947EA000000200579
B1107224308433N07624953EA000000200327
B1107234308433N07624959EA000000200111
B1107244308432N07624964EA000000199977
B1107254308432N07624970EA000000199876
B1107264308433N07624976EA000000199657
B1107274308434N07624982EA000000199502
B1107284308434N07624987EA000000199316
B1107294308433N07624992EA000000199237
B1107304308432N07624997EA000000199274
B1107314308432N07625002EA000000199132
B1107324308432N07625007EA000000199081
B1107334308433N07625012EA000000198853
B1107344308435N07625016EA000000198689
B1107354308436N07625021EA000000198222
B1107364308436N07625025EA000000198123
B1107374308436N07625028EA000000198168
B1107384308437N07625033EA000000197950
B1107394308438N07625037EA000000197774
B1107404308440N07625042EA000000197506
B1107414308441N07625048EA000000197301
B1107424308441N07625053EA000000197121
B1107434308440N07625058EA000000197095
B1107444308440N07625064EA000000196992
B1107454308441N07625069EA000000196628
B1107464308442N07625075EA000000196338
B1107474308443N07625081EA000000196244
B1107484308444N07625086EA000000196031
B1107494308444N07625090EA000000195977
B1107504308444N07625095EA000000195891
B1107514308445N07625099EA000000195565
B1107524308446N07625105EA000000195300
B1107534308446N07625110EA000000195120
B1107544308446N07625115EA000000194831
B1107554308446N07625118EA000000194669
B1107564308446N07625123EA000000194279
B1107574308446N07625129EA000000193893
B1107584308447N07625135EA000000193434
B1107594308447N07625141EA000000193170
B1108004308448N07625145EA000000192819
B1108014308448N07625150EA000000192724
B1108024308448N07625154EA000000192448
B1108034308448N07625159EA000000192192
B1108044308449N07625163EA000000191699
B1108054308451N07625169EA000000191227
B1108064308452N07625175EA000000190852
B1108074308453N07625180EA000000190751
B1108084308454N07625185EA000000190500
B1108094308454N07625190EA000000190363
B1108104308455N07625196EA000000190041
B1108114308456N07625201EA000000189603
B1108124308457N07625206EA000000189306
B1108134308458N07625212EA000000188952
B1108144308459N07625218EA000000188585
B1108154308460N07625224EA000000188178
B1108164308460N07625231EA000000187880
B1108174308461N07625236EA000000187715
B1108184308461N07625241EA000000187588
B1108194308463N07625248EA000000187212
B1108204308463N07625254EA000000187098
B1108214308464N07625261EA000000186907
B1108224308464N07625265EA000000187069
B1108234308465N07625270EA000000187030
B1108244308467N07625273EA000000186938
B1108254308468N07625278EA000000186777
B1108264308469N07625283EA000000186754
B1108274308470N07625286EA000000186628
B1108284308470N07625289EA000000186588
B1108294308471N07625293EA000000186460
B1108304308472N07625296EA000000186363
B1108314308474N07625300EA000000186100
B1108324308475N07625305EA000000185904
B1108334308475N07625311EA000000185871
B1108344308476N07625316EA000000185864
B1108354308477N07625321EA000000185720
B1108364308477N07625324EA000000185656
B1108374308478N07625329EA000000185453
B1108384308480N07625334EA000000185110
B1108394308481N07625339EA000000184990
B1108404308483N07625343EA000000184616
B1108414308483N07625348EA000000184489
B1108424308483N07625353EA000000184289
B1108434308484N07625358EA000000184009
B1108444308485N07625363EA000000183746
B1108454308487N07625367EA000000183456
B1108464308489N07625371EA000000183194
B1108474308491N07625374EA000000183099
B1108484308493N07625378EA000000182824
B1108494308493N07625382EA000000182560
B1108504308493N07625386EA000000182286
B1108514308494N07625391EA000000181898
B1108524308496N07625396EA000000181446
B1108534308497N07625400EA000000181048
B1108544308498N07625405EA000000180783
B1108554308500N07625410EA000000180337
B1108564308502N07625416EA000000179944
B1108574308504N07625422EA000000179692
B1108584308507N07625426EA000000179426
B1108594308509N07625430EA000000179336
B1109004308511N07625434EA000000179244
B1109014308513N07625439EA000000179030
B1109024308515N07625443EA000000178719
B1109034308516N07625449EA000000178481
B1109044308519N07625454EA000000178200
B1109054308520N07625458EA000000178192
B1109064308522N07625462EA000000177982
B1109074308525N07625465EA000000177608
B1109084308526N07625470EA000000177375
B1109094308528N07625475EA000000177066
B1109104308530N07625480EA000000176858
B1109114308532N07625486EA000000176661
B1109124308534N07625490EA000000176652
B1109134308536N07625495EA000000176414
B1109144308537N07625500EA000000176253
B1109154308538N07625505EA000000176085
B1109164308540N07625511EA000000175740
B1109174308542N07625517EA000000175400
B1109184308543N07625523EA000000175001
B1109194308543N07625528EA000000174892
B1109204308545N07625532EA000000174870
B1109214308546N07625535EA000000174771
B1109224308547N07625539EA000000174670
B1109234308548N07625543EA000000174443
B1109244308549N07625548EA000000174313
B1109254308549N07625553EA000000174248
B1109264308549N07625557EA000000174258
B1109274308550N07625560EA000000174113
B1109284308550N07625564EA000000173847
B1109294308550N07625570EA000000173464
B1109304308550N07625576EA000000173068
B1109314308550N07625582EA000000172789
B1109324308550N07625588EA000000172453
B1109334308550N07625593EA000000172262
B1109344308550N07625598EA000000172032
B1109354308549N07625603EA000000171894
B1109364308549N07625608EA000000171597
B1109374308550N07625614EA000000171115
B1109384308550N07625620EA000000170953
B1109394308550N07625625EA000000170677
B1109404308551N07625630EA000000170419
B1109414308551N07625635EA000000170154
B1109424308552N07625639EA000000169838
B1109434308553N07625644EA000000169518
B1109444308553N07625650EA000000169282
B1109454308554N07625655EA000000169035
B1109464308555N07625660EA000000168721
B1109474308556N07625665EA000000168402
B1109484308557N07625670EA000000168054
B1109494308559N07625676EA000000167612
B1109504308560N07625682EA000000167432
B1109514308561N07625687EA000000167215
B1109524308561N07625692EA000000167164
B1109534308562N07625696EA000000166948
B1109544308563N07625702EA000000166734
B1109554308564N07625708EA000000166556
B1109564308565N07625715EA000000166270
B1109574308566N07625720EA000000166186
B1109584308567N07625726EA000000166060
B1109594308568N07625730EA000000166048
B1110004308569N07625736EA000000165910
B1110014308569N07625741EA000000165875
B1110024308570N07625747EA000000165628
B1110034308570N07625753EA000000165544
B1110044308571N07625758EA000000165425
B1110054308572N07625763EA000000165264
B1110064308574N07625768EA000000165032
B1110074308575N07625772EA000000164759
B1110084308576N07625777EA000000164574
B1110094308578N07625781EA000000164314
B1110104308579N07625785EA000000164096
B1110114308581N07625789EA000000163875
B1110124308583N07625793EA000000163562
B1110134308585N07625796EA000000163439
B1110144308586N07625800EA000000163308
B1110154308585N07625804EA000000163199
B1110164308586N07625808EA000000162939
B1110174308587N07625813EA000000162550
B1110184308589N07625817EA000000162342
B1110194308590N07625821EA000000162176
B1110204308591N07625826EA000000162053
B1110214308592N07625829EA000000161948
B1110224308591N07625833EA000000161894
B1110234308591N07625838EA000000161744
B1110244308590N07625844EA000000161690
B1110254308590N07625850EA000000161580
B1110264308590N07625855EA000000161585
B1110274308591N07625860EA000000161622
B1110284308591N07625863EA000000161729
B1110294308591N07625866EA000000161709
B1110304308590N07625871EA000000161592
B1110314308591N07625877EA000000161322
B1110324308591N07625884EA000000161098
B1110334308592N07625892EA000000160931
B1110344308592N07625898EA000000161040
B1110354308592N07625902EA000000161290
B1110364308593N07625906EA000000161440
B1110374308594N07625911EA000000161441
B1110384308595N07625917EA000000161474
B1110394308596N07625923EA000000161398
B1110404308597N07625929EA000000161561
B1110414308597N07625933EA000000161774
B1110424308597N07625937EA000000161950
B1110434308597N07625940EA000000162198
B1110444308600N07625944EA000000162207
B1110454308603N07625946EA000000162288
B1110464308608N07625946EA000000162216
B1110474308612N07625942EA000000162327
B1110484308615N07625934EA000000162504
B1110494308613N07625924EA000000162653
B1110504308609N07625915EA000000162636
B1110514308602N07625910EA000000162857
B1110524308595N07625911EA000000162945
B1110534308590N07625916EA000000162901
B1110544308587N07625923EA000000163280
B1110554308587N07625928EA000000163368
B1110564308587N07625933EA000000163761
B1110574308587N07625936EA000000164094
B1110584308589N07625939EA000000164215
B1110594308591N07625941EA000000164390
B1111004308596N07625938EA000000164328
B1111014308599N07625932EA000000164379
B1111024308600N07625922EA000000164443
B1111034308595N07625911EA000000164447
B1111044308588N07625906EA000000164431
B1111054308581N07625900EA000000164317
B1111064308574N07625907EA000000164460
B1111074308572N07625912EA000000164813
B1111084308570N07625915EA000000165277
B1111094308569N07625919EA000000165471
B1111104308568N07625924EA000000165651
B1111114308567N07625930EA000000165646
B1111124308566N07625937EA000000165519
B1111134308564N07625944EA000000165510
B1111144308562N07625947EA000000165759
B1111154308561N07625951EA000000165874
B1111164308562N07625954EA000000165836
B1111174308564N07625958EA000000165797
B1111184308568N07625963EA000000165639
B1111194308570N07625969EA000000165533
B1111204308570N07625974EA000000165694
B1111214308570N07625978EA000000165768
B1111224308571N07625981EA000000165877
B1111234308573N07625984EA000000165890
B1111244308576N07625986EA000000165732
B1111254308580N07625983EA000000165793
B1111264308584N07625974EA000000165636
B1111274308587N07625965EA000000165436
B1111284308580N07625955EA000000165255
B1111294308574N07625947EA000000164918
B1111304308565N07625949EA000000164718
B1111314308559N07625954EA000000164655
B1111324308556N07625958EA000000164836
B1111334308555N07625963EA000000164931
B1111344308554N07625967EA000000164948
B1111354308553N07625972EA000000164844
B1111364308552N07625977EA000000164637
B1111374308551N07625982EA000000164527
B1111384308550N07625987EA000000164464
B1111394308550N07625990EA000000164308
B1111404308549N07625994EA000000164260
B1111414308550N07625997EA000000163812
B1111424308551N07626001EA000000163412
B1111434308552N07626005EA000000163066
B1111444308554N07626009EA000000162849
B1111454308556N07626013EA000000162601
B1111464308557N07626015EA000000162449
B1111474308558N07626018EA000000162186
B1111484308560N07626021EA000000161976
B1111494308562N07626025EA000000161590
B1111504308565N07626028EA000000161332
B1111514308567N07626030EA000000161219
B1111524308568N07626033EA000000161134
B1111534308569N07626036EA000000161042
B1111544308570N07626039EA000000160992
B1111554308573N07626042EA000000160627
B1111564308576N07626045EA000000160523
B1111574308579N07626046EA000000160437
B1111584308582N07626047EA000000160422
B1111594308585N07626047EA000000160312
B1112004308588N07626047EA000000160114
B1112014308592N07626047EA000000159808
B1112024308596N07626048EA000000159512
B1112034308600N07626048EA000000159314
B1112044308603N07626048EA000000159284
B1112054308606N07626047EA000000159189
B1112064308610N07626048EA000000159000
B1112074308613N07626048EA000000158757
B1112084308617N07626050EA000000158450
B1112094308621N07626051EA000000158180
B1112104308625N07626050EA000000157987
B1112114308629N07626050EA000000157937
B1112124308631N07626051EA000000157892
B1112134308634N07626052EA000000157677
B1112144308638N07626054EA000000157342
B1112154308642N07626055EA000000156963
B1112164308646N07626055EA000000156758
B1112174308650N07626056EA000000156610
B1112184308653N07626055EA000000156568
B1112194308657N07626055EA000000156413
B1112204308660N07626054EA000000156288
B1112214308664N07626055EA000000155986
B1112224308668N07626057EA000000155682
B1112234308671N07626059EA000000155494
B1112244308674N07626061EA000000155473
B1112254308677N07626062EA000000155308
B1112264308679N07626063EA000000155307
B1112274308681N07626064EA000000155245
B1112284308683N07626066EA000000155172
B1112294308685N07626069EA000000155062
B1112304308686N07626073EA000000154878
B1112314308686N07626079EA000000154790
B1112324308687N07626083EA000000154621
B1112334308687N07626085EA000000154793
B1112344308690N07626085EA000000154628
B1112354308692N07626087EA000000154344
B1112364308694N07626091EA000000154173
B1112374308696N07626095EA000000153987
B1112384308698N07626102EA000000153601
B1112394308699N07626106EA000000153724
B1112404308700N07626109EA000000153982
B1112414308703N07626109EA000000154059
B1112424308707N07626109EA000000154059
B1112434308712N07626109EA000000153821
B1112444308717N07626109EA000000153630
B1112454308721N07626110EA000000153497
B1112464308724N07626113EA000000153380
B1112474308726N07626116EA000000153453
B1112484308727N07626118EA000000153407
B1112494308727N07626121EA000000153452
B1112504308727N07626123EA000000153477
B1112514308727N07626126EA000000153435
B1112524308728N07626128EA000000153205
B1112534308729N07626131EA000000153024
B1112544308729N07626136EA000000152909
B1112554308731N07626141EA000000152689
B1112564308735N07626145EA000000152642
B1112574308738N07626147EA000000152831
B1112584308740N07626146EA000000153139
B1112594308742N07626146EA000000153245
B1113004308745N07626146EA000000153220
B1113014308748N07626146EA000000153091
B1113024308753N07626145EA000000152969
B1113034308758N07626143EA000000152728
B1113044308762N07626142EA000000152815
B1113054308764N07626141EA000000153073
B1113064308766N07626140EA000000153244
B1113074308768N07626139EA000000153316
B1113084308770N07626136EA000000153285
B1113094308774N07626130EA000000153119
B1113104308776N07626123EA000000153083
B1113114308777N07626113EA000000153173
B1113124308776N07626102EA000000153349
B1113134308771N07626093EA000000153490
B1113144308766N07626084EA000000153543
B1113154308760N07626077EA000000153658
B1113164308754N07626072EA000000153768
B1113174308749N07626069EA000000153916
B1113184308744N07626069EA000000154031
B1113194308740N07626071EA000000154081
B1113204308739N07626074EA000000153931
B1113214308740N07626076EA000000153805
B1113224308741N07626078EA000000153675
B1113234308743N07626079EA000000153689
B1113244308745N07626081EA000000153506
B1113254308745N07626083EA000000153581
B1113264308746N07626085EA000000153411
B1113274308746N07626087EA000000153360
B1113284308748N07626088EA000000153149
B1113294308752N07626087EA000000152960
B1113304308757N07626085EA000000152485
B1113314308763N07626083EA000000152205
B1113324308766N07626082EA000000152257
B1113334308768N07626081EA000000152473
B1113344308771N07626078EA000000152447
B1113354308775N07626076EA000000152311
B1113364308779N07626073EA000000152180
B1113374308784N07626070EA000000152125
B1113384308787N07626067EA000000152478
B1113394308790N07626065EA000000152646
B1113404308792N07626063EA000000152774
B1113414308795N07626062EA000000152771
B1113424308798N07626062EA000000152790
B1113434308802N07626062EA000000152806
B1113444308804N07626062EA000000153022
B1113454308806N07626060EA000000153256
B1113464308809N07626057EA000000153436
B1113474308812N07626053EA000000153461
B1113484308815N07626045EA000000153497
B1113494308818N07626035EA000000153507
B1113504308816N07626024EA000000153692
B1113514308812N07626013EA000000153622
B1113524308805N07626005EA000000153807
B1113534308797N07626001EA000000153972
B1113544308791N07625999EA000000154180
B1113554308787N07625998EA000000154474
B1113564308784N07625998EA000000154604
B1113574308783N07626001EA000000154705
B1113584308782N07626004EA000000154693
B1113594308785N07626005EA000000154703
B1114004308788N07626004EA000000154800
B1114014308791N07625999EA000000155053
B1114024308794N07625993EA000000155031
B1114034308796N07625984EA000000155201
B1114044308794N07625973EA000000155390
B1114054308790N07625962EA000000155482
B1114064308785N07625953EA000000155406
B1114074308777N07625949EA000000155566
B1114084308771N07625948EA000000155755
B1114094308766N07625951EA000000155893
B1114104308764N07625954EA000000155979
B1114114308764N07625957EA000000156134
B1114124308763N07625959EA000000156340
B1114134308762N07625960EA000000156520
B1114144308762N07625961EA000000156750
B1114154308764N07625961EA000000156842
B1114164308768N07625958EA000000156707
B1114174308771N07625952EA000000156766
B1114184308774N07625941EA000000156743
B1114194308770N07625927EA000000156799
B1114204308765N07625917EA000000156998
B1114214308759N07625912EA000000157101
B1114224308752N07625910EA000000157250
B1114234308747N07625909EA000000157438
B1114244308742N07625910EA000000157680
B1114254308738N07625910EA000000157766
B1114264308735N07625912EA000000157947
B1114274308732N07625915EA000000157973
B1114284308731N07625918EA000000158073
B1114294308730N07625920EA000000158146
B1114304308729N07625921EA000000158366
B1114314308730N07625922EA000000158640
B1114324308732N07625920EA000000158779
B1114334308736N07625916EA000000158745
B1114344308739N07625907EA000000158728
B1114354308739N07625895EA000000158856
B1114364308735N07625883EA000000158770
B1114374308728N07625873EA000000158819
B1114384308720N07625869EA000000158823
B1114394308713N07625870EA000000158945
B1114404308708N07625873EA000000159062
B1114414308707N07625876EA000000159226
B1114424308707N07625879EA000000159435
B1114434308707N07625881EA000000159636
B1114444308706N07625884EA000000159881
B1114454308706N07625885EA000000159926
B1114464308707N07625886EA000000160051
B1114474308708N07625884EA000000160109
B1114484308715N07625879EA000000160174
B1114494308719N07625870EA000000159854
B1114504308719N07625859EA000000160021
B1114514308715N07625847EA000000160168
B1114524308708N07625839EA000000160178
B1114534308700N07625836EA000000160035
B1114544308693N07625838EA000000160021
B1114554308689N07625842EA000000160130
B1114564308690N07625845EA000000160206
B1114574308693N07625846EA000000160416
B1114584308696N07625845EA000000160492
B1114594308699N07625844EA000000160538
B1115004308700N07625846EA000000160730
B1115014308701N07625846EA000000160864
B1115024308703N07625845EA000000160888
B1115034308707N07625842EA000000160825
B1115044308711N07625835EA000000160703
B1115054308713N07625825EA000000160654
B1115064308712N07625814EA000000160886
B1115074308709N07625804EA000000160911
B1115084308703N07625795EA000000160906
B1115094308695N07625790EA000000160955
B1115104308688N07625788EA000000161020
B1115114308681N07625787EA000000161185
B1115124308676N07625788EA000000161300
B1115134308671N07625789EA000000161342
B1115144308667N07625791EA000000161464
B1115154308665N07625795EA000000161544
B1115164308663N07625799EA000000161499
B1115174308662N07625804EA000000161450
B1115184308661N07625807EA000000161574
B1115194308660N07625809EA000000161515
B1115204308659N07625811EA000000161605
B1115214308658N07625813EA000000161638
B1115224308658N07625816EA000000161569
B1115234308660N07625820EA000000161403
B1115244308662N07625824EA000000161313
B1115254308664N07625828EA000000161304
B1115264308665N07625831EA000000161512
B1115274308666N07625832EA000000161807
B1115284308667N07625832EA000000162276
B1115294308670N07625831EA000000162317
B1115304308672N07625830EA000000162494
B1115314308676N07625827EA000000162507
B1115324308680N07625823EA000000162543
B1115334308685N07625818EA000000162536
B1115344308689N07625815EA000000162747
B1115354308692N07625815EA000000162971
B1115364308695N07625817EA000000163030
B1115374308697N07625819EA000000163185
B1115384308700N07625821EA000000163230
B1115394308702N07625821EA000000163425
B1115404308704N07625822EA000000163672
B1115414308707N07625822EA000000163782
B1115424308711N07625819EA000000163898
B1115434308716N07625813EA000000163933
B1115444308719N07625803EA000000163961
B1115454308717N07625789EA000000164099
B1115464308711N07625779EA000000163995
B1115474308704N07625775EA000000163820
B1115484308696N07625776EA000000163654
B1115494308693N07625781EA000000163744
B1115504308694N07625785EA000000163872
B1115514308696N07625786EA000000164140
B1115524308698N07625785EA000000164419
B1115534308699N07625786EA000000164523
B1115544308700N07625788EA000000164578
B1115554308703N07625791EA000000164459
B1115564308706N07625794EA000000164356
B1115574308708N07625796EA000000164572
B1115584308710N07625797EA000000164767
B1115594308712N07625798EA000000164959
B1116004308714N07625800EA000000165099
B1116014308718N07625802EA000000165105
B1116024308720N07625803EA000000165208
B1116034308722N07625805EA000000165352
B1116044308724N07625806EA000000165354
B1116054308727N07625806EA000000165315
B1116064308731N07625805EA000000165226
B1116074308735N07625803EA000000165411
B1116084308737N07625801EA000000165687
B1116094308739N07625800EA000000165942
B1116104308741N07625800EA000000166060
B1116114308743N07625801EA000000166074
B1116124308746N07625804EA000000166010
B1116134308748N07625807EA000000166014
B1116144308749N07625810EA000000166097
B1116154308751N07625812EA000000166109
B1116164308752N07625815EA000000166134
B1116174308753N07625817EA000000166188
B1116184308755N07625820EA000000166079
B1116194308757N07625825EA000000165990
B1116204308759N07625828EA000000165965
B1116214308760N07625831EA000000166110
B1116224308760N07625833EA000000166334
B1116234308760N07625834EA000000166457
B1116244308761N07625835EA000000166498
B1116254308764N07625836EA000000166396
B1116264308769N07625837EA000000166226
B1116274308772N07625838EA000000166295
B1116284308774N07625840EA000000166491
B1116294308775N07625841EA000000166676
B1116304308776N07625842EA000000166668
B1116314308778N07625843EA000000166753
B1116324308781N07625841EA000000166673
B1116334308785N07625837EA000000166349
B1116344308788N07625837EA000000166180
B1116354308791N07625837EA000000166063
B1116364308793N07625839EA000000165839
B1116374308794N07625842EA000000165796
B1116384308796N07625846EA000000165522
B1116394308797N07625848EA000000165414
B1116404308798N07625850EA000000165217
B1116414308799N07625852EA000000165069
B1116424308801N07625854EA000000164839
B1116434308803N07625855EA000000164621
B1116444308804N07625855EA000000164596
B1116454308806N07625862EA000000164427
B1116464308808N07625865EA000000164316
B1116474308810N07625868EA000000164316
B1116484308811N07625871EA000000164374
B1116494308813N07625874EA000000164221
B1116504308815N07625876EA000000164215
B1116514308817N07625880EA000000164112
B1116524308819N07625884EA000000164024
B1116534308821N07625889EA000000163920
B1116544308822N07625892EA000000163975
B1116554308823N07625895EA000000163857
B1116564308824N07625899EA000000163851
B1116574308826N07625901EA000000163749
B1116584308828N07625905EA000000163641
B1116594308830N07625907EA000000163629
B1117004308831N07625910EA000000163790
B1117014308833N07625912EA000000163823
B1117024308834N07625914EA000000163759
B1117034308836N07625917EA000000163614
B1117044308837N07625917EA000000163672
B1117054308839N07625916EA000000163606
B1117064308840N07625917EA000000163720
B1117074308841N07625918EA000000163840
B1117084308842N07625919EA000000163941
B1117094308843N07625919EA000000164050
B1117104308849N07625924EA000000164062
B1117114308854N07625914EA000000163906
B1117124308856N07625903EA000000163887
B1117134308854N07625891EA000000163884
B1117144308849N07625880EA000000163953
B1117154308842N07625872EA000000163968
B1117164308834N07625869EA000000163967
B1117174308828N07625869EA000000164029
B1117184308823N07625872EA000000164050
B1117194308820N07625874EA000000164179
B1117204308819N07625878EA000000164164
B1117214308819N07625881EA000000164146
B1117224308819N07625884EA000000164246
B1117234308819N07625887EA000000164346
B1117244308819N07625890EA000000164445
B1117254308819N07625893EA000000164628
B1117264308819N07625896EA000000164649
B1117274308819N07625899EA000000164689
B1117284308820N07625902EA000000164719
B1117294308820N07625905EA000000164805
B1117304308819N07625907EA000000164897
B1117314308819N07625909EA000000164888
B1117324308820N07625911EA000000164836
B1117334308821N07625913EA000000164609
B1117344308822N07625916EA000000164515
B1117354308823N07625919EA000000164502
B1117364308823N07625921EA000000164559
B1117374308823N07625924EA000000164577
B1117384308824N07625927EA000000164516
B1117394308824N07625930EA000000164497
B1117404308825N07625933EA000000164477
B1117414308826N07625936EA000000164356
B1117424308826N07625939EA000000164486
B1117434308826N07625942EA000000164578
B1117444308826N07625945EA000000164568
B1117454308826N07625948EA000000164677
B1117464308827N07625951EA000000164543
B1117474308828N07625953EA000000164549
B1117484308829N07625956EA000000164579
B1117494308830N07625960EA000000164568
B1117504308832N07625963EA000000164523
B1117514308833N07625966EA000000164653
B1117524308834N07625969EA000000164656
B1117534308836N07625971EA000000164726
B1117544308838N07625973EA000000164761
B1117554308841N07625973EA000000164681
B1117564308845N07625971EA000000164657
B1117574308848N07625971EA000000164791
B1117584308851N07625971EA000000164828
B1117594308852N07625973EA000000165094
B1118004308854N07625975EA000000164927
B1118014308855N07625978EA000000164986
B1118024308856N07625982EA000000164972
B1118034308856N07625985EA000000164977
B1118044308856N07625987EA000000165199
B1118054308857N07625989EA000000165235
B1118064308857N07625990EA000000165369
B1118074308858N07625991EA000000165396
B1118084308861N07625992EA000000165300
B1118094308864N07625990EA000000165257
B1118104308867N07625990EA000000165256
B1118114308869N07625991EA000000165249
B1118124308870N07625994EA000000165165
B1118134308871N07625997EA000000165047
B1118144308872N07626000EA000000165035
B1118154308873N07626003EA000000165006
B1118164308874N07626006EA000000164943
B1118174308874N07626010EA000000164947
B1118184308874N07626014EA000000164865
B1118194308874N07626018EA000000164964
B1118204308874N07626021EA000000165019
B1118214308873N07626025EA000000165240
B1118224308873N07626028EA000000165352
B1118234308874N07626031EA000000165285
B1118244308877N07626033EA000000165342
B1118254308881N07626030EA000000165449
B1118264308885N07626025EA000000165416
B1118274308887N07626017EA000000165400
B1118284308885N07626006EA000000165472
B1118294308881N07625996EA000000165531
B1118304308874N07625989EA000000165632
B1118314308867N07625987EA000000165622
B1118324308860N07625987EA000000165766
B1118334308855N07625990EA000000165864
B1118344308851N07625993EA000000166063
B1118354308849N07625996EA000000166238
B1118364308848N07626000EA000000166319
B1118374308849N07626004EA000000166228
B1118384308852N07626007EA000000166110
B1118394308855N07626006EA000000166175
B1118404308859N07626002EA000000166235
B1118414308861N07625996EA000000166452
B1118424308862N07625987EA000000166479
B1118434308861N07625978EA000000166593
B1118444308859N07625967EA000000166405
B1118454308852N07625958EA000000166497
B1118464308845N07625953EA000000166438
B1118474308837N07625953EA000000166493
B1118484308831N07625955EA000000166596
B1118494308827N07625959EA000000166682
B1118504308824N07625962EA000000166763
B1118514308823N07625965EA000000166907
B1118524308821N07625969EA000000166956
B1118534308820N07625974EA000000166910
B1118544308818N07625979EA000000166871
B1118554308817N07625984EA000000166870
B1118564308816N07625987EA000000166867
B1118574308815N07625990EA000000166975
B1118584308815N07625992EA000000166909
B1118594308814N07625996EA000000166966
B1119004308815N07626000EA000000166738
B1119014308816N07626005EA000000166642
B1119024308817N07626008EA000000166708
B1119034308816N07626011EA000000166885
B1119044308816N07626014EA000000166812
B1119054308815N07626017EA000000166986
B1119064308815N07626021EA000000166877
B1119074308816N07626025EA000000166744
B1119084308817N07626028EA000000166607
B1119094308817N07626030EA000000166669
B1119104308818N07626033EA000000166593
B1119114308820N07626035EA000000166551
B1119124308822N07626036EA000000166448
B1119134308824N07626038EA000000166416
B1119144308825N07626040EA000000166376
B1119154308827N07626043EA000000166151
B1119164308829N07626045EA000000165946
B1119174308829N07626050EA000000165726
B1119184308828N07626055EA000000165708
B1119194308826N07626060EA000000165795
B1119204308825N07626064EA000000165771
B1119214308825N07626067EA000000165752
B1119224308826N07626069EA000000165519
B1119234308826N07626073EA000000165496
B1119244308827N07626077EA000000165227
B1119254308827N07626082EA000000165133
B1119264308827N07626086EA000000165034
B1119274308826N07626090EA000000164993
B1119284308826N07626095EA000000164800
B1119294308825N07626099EA000000164805
B1119304308824N07626103EA000000164777
B1119314308825N07626107EA000000164604
B1119324308825N07626110EA000000164654
B1119334308826N07626114EA000000164506
B1119344308826N07626118EA000000164415
B1119354308826N07626123EA000000164290
B1119364308828N07626127EA000000164109
B1119374308828N07626131EA000000164196
B1119384308829N07626134EA000000164346
B1119394308829N07626136EA000000164469
B1119404308829N07626139EA000000164396
B1119414308830N07626143EA000000164351
B1119424308831N07626147EA000000164134
B1119434308831N07626152EA000000164192
B1119444308832N07626156EA000000164163
B1119454308832N07626158EA000000164138
B1119464308832N07626161EA000000164115
B1119474308831N07626165EA000000164095
B1119484308831N07626169EA000000163989
B1119494308831N07626175EA000000163781
B1119504308832N07626179EA000000163718
B1119514308832N07626183EA000000163791
B1119524308834N07626186EA000000163712
B1119534308835N07626188EA000000163649
B1119544308836N07626191EA000000163594
B1119554308838N07626194EA000000163352
B1119564308840N07626197EA000000163238
B1119574308842N07626202EA000000163081
B1119584308845N07626206EA000000162966
B1119594308847N07626210EA000000162995
B1120004308849N07626213EA000000163053
B1120014308850N07626215EA000000163285
B1120024308852N07626217EA000000163202
B1120034308853N07626219EA000000163334
B1120044308854N07626222EA000000163237
B1120054308855N07626227EA000000163124
B1120064308855N07626232EA000000163093
B1120074308856N07626236EA000000163153
B1120084308856N07626239EA000000163290
B1120094308857N07626241EA000000163286
B1120104308859N07626244EA000000163116
B1120114308861N07626247EA000000162908
B1120124308862N07626252EA000000162722
B1120134308862N07626256EA000000162695
B1120144308863N07626259EA000000162637
B1120154308864N07626260EA000000162507
B1120164308864N07626263EA000000162292
B1120174308865N07626266EA000000161994
B1120184308866N07626271EA000000161590
B1120194308867N07626276EA000000161136
B1120204308867N07626282EA000000160852
B1120214308867N07626287EA000000160647
B1120224308867N07626292EA000000160589
B1120234308868N07626298EA000000160365
B1120244308869N07626303EA000000160138
B1120254308869N07626308EA000000159983
B1120264308870N07626314EA000000159740
B1120274308872N07626320EA000000159402
B1120284308874N07626326EA000000159228
B1120294308876N07626331EA000000159069
B1120304308877N07626337EA000000159074
B1120314308878N07626342EA000000159137
B1120324308878N07626347EA000000159197
B1120334308880N07626352EA000000159017
B1120344308881N07626357EA000000158858
B1120354308882N07626361EA000000158887
B1120364308883N07626365EA000000158864
B1120374308884N07626368EA000000158824
B1120384308884N07626372EA000000158845
B1120394308884N07626378EA000000158792
B1120404308886N07626383EA000000158506
B1120414308887N07626388EA000000158424
B1120424308888N07626392EA000000158534
B1120434308889N07626395EA000000158653
B1120444308890N07626398EA000000158576
B1120454308891N07626402EA000000158495
B1120464308893N07626407EA000000158214
B1120474308894N07626412EA000000158006
B1120484308895N07626417EA000000157902
B1120494308896N07626421EA000000157941
B1120504308898N07626425EA000000157810
B1120514308899N07626429EA000000157691
B1120524308901N07626433EA000000157574
B1120534308903N07626438EA000000157318
B1120544308904N07626444EA000000157216
B1120554308904N07626449EA000000157189
B1120564308905N07626454EA000000157158
B1120574308906N07626459EA000000157171
B1120584308908N07626463EA000000156962
B1120594308910N07626467EA000000156750
B1121004308912N07626471EA000000156550
B1121014308914N07626475EA000000156354
B1121024308916N07626479EA000000156272
B1121034308919N07626483EA000000156013
B1121044308921N07626487EA000000155917
B1121054308922N07626491EA000000155797
B1121064308924N07626495EA000000155637
B1121074308925N07626499EA000000155659
B1121084308927N07626502EA000000155517
B1121094308928N07626506EA000000155461
B1121104308930N07626509EA000000155351
B1121114308932N07626512EA000000155253
B1121124308933N07626516EA000000155070
B1121134308935N07626520EA000000154713
B1121144308936N07626524EA000000154499
B1121154308939N07626529EA000000154111
B1121164308940N07626533EA000000153942
B1121174308941N07626537EA000000153756
B1121184308942N07626542EA000000153634
B1121194308943N07626545EA000000153488
B1121204308945N07626549EA000000153146
B1121214308947N07626553EA000000152850
B1121224308949N07626557EA000000152534
B1121234308950N07626561EA000000152166
B1121244308951N07626566EA000000151924
B1121254308951N07626570EA000000151884
B1121264308952N07626573EA000000151787
B1121274308954N07626577EA000000151650
B1121284308956N07626579EA000000151373
B1121294308959N07626582EA000000151100
B1121304308961N07626585EA000000150913
B1121314308963N07626588EA000000150707
B1121324308965N07626592EA000000150541
B1121334308968N07626595EA000000150258
B1121344308972N07626599EA000000150024
B1121354308975N07626603EA000000149877
B1121364308978N07626607EA000000149739
B1121374308980N07626611EA000000149646
B1121384308982N07626615EA000000149552
B1121394308985N07626618EA000000149239
B1121404308988N07626622EA000000148938
B1121414308991N07626627EA000000148715
B1121424308993N07626631EA000000148563
B1121434308995N07626634EA000000148385
B1121444308998N07626637EA000000148082
B1121454309002N07626639EA000000147859
B1121464309006N07626643EA000000147514
B1121474309009N07626647EA000000147264
B1121484309012N07626650EA000000147088
B1121494309016N07626652EA000000146909
B1121504309019N07626655EA000000146713
B1121514309022N07626657EA000000146544
B1121524309025N07626659EA000000146371
B1121534309028N07626661EA000000146058
B1121544309031N07626664EA000000145866
B1121554309035N07626666EA000000145609
B1121564309038N07626669EA000000145337
B1121574309041N07626673EA000000145028
B1121584309043N07626678EA000000144751
B1121594309046N07626680EA000000144437
B1122004309048N07626683EA000000144454
B1122014309050N07626685EA000000144287
B1122024309053N07626688EA000000144102
B1122034309055N07626691EA000000143925
B1122044309057N07626695EA000000143422
B1122054309059N07626698EA000000143079
B1122064309062N07626703EA000000142724
B1122074309064N07626707EA000000142556
B1122084309066N07626710EA000000142497
B1122094309068N07626713EA000000142485
B1122104309070N07626716EA000000142354
B1122114309071N07626719EA000000142275
B1122124309073N07626723EA000000141936
B1122134309074N07626728EA000000141693
B1122144309076N07626731EA000000141558
B1122154309077N07626735EA000000141455
B1122164309078N07626739EA000000141441
B1122174309079N07626742EA000000141345
B1122184309080N07626746EA000000141264
B1122194309082N07626750EA000000141108
B1122204309083N07626755EA000000140913
B1122214309083N07626759EA000000140979
B1122224309084N07626764EA000000140868
B1122234309085N07626769EA000000140661
B1122244309087N07626772EA000000140516
B1122254309088N07626776EA000000140485
B1122264309090N07626780EA000000140256
B1122274309092N07626784EA000000140119
B1122284309093N07626788EA000000140068
B1122294309095N07626792EA000000139955
B1122304309097N07626795EA000000139775
B1122314309099N07626798EA000000139669
B1122324309101N07626803EA000000139421
B1122334309102N07626807EA000000139267
B1122344309104N07626812EA000000139043
B1122354309106N07626815EA000000138819
B1122364309108N07626819EA000000138707
B1122374309110N07626823EA000000138418
B1122384309112N07626827EA000000138247
B1122394309114N07626831EA000000138156
B1122404309116N07626835EA000000137902
B1122414309117N07626839EA000000137757
B1122424309118N07626844EA000000137693
B1122434309120N07626848EA000000137429
B1122444309122N07626853EA000000137404
B1122454309124N07626858EA000000137238
B1122464309125N07626863EA000000137165
B1122474309126N07626868EA000000137131
B1122484309126N07626872EA000000137184
B1122494309126N07626876EA000000137168
B1122504309126N07626881EA000000137122
B1122514309126N07626885EA000000137024
B1122524309126N07626888EA000000136915
B1122534309126N07626892EA000000136842
B1122544309127N07626896EA000000136703
B1122554309127N07626899EA000000136549
B1122564309127N07626903EA000000136412
B1122574309127N07626906EA000000136513
B1122584309127N07626909EA000000136411
B1122594309127N07626912EA000000136344
B1123004309127N07626916EA000000136246
B1123014309127N07626920EA000000136185
B1123024309128N07626923EA000000136028
B1123034309129N07626926EA000000136036
B1123044309130N07626929EA000000135853
B1123054309132N07626932EA000000135704
B1123064309132N07626936EA000000135590
B1123074309133N07626939EA000000135443
B1123084309133N07626942EA000000135446
B1123094309133N07626945EA000000135386
B1123104309134N07626948EA000000135247
B1123114309135N07626952EA000000135133
B1123124309135N07626956EA000000135187
B1123134309136N07626960EA000000135022
B1123144309136N07626964EA000000134981
B1123154309136N07626968EA000000134861
B1123164309136N07626972EA000000134755
B1123174309137N07626976EA000000134676
B1123184309139N07626981EA000000134634
B1123194309140N07626985EA000000134697
B1123204309141N07626989EA000000134778
B1123214309141N07626993EA000000134895
B1123224309142N07626997EA000000134800
B1123234309142N07627000EA000000134866
B1123244309143N07627004EA000000134744
B1123254309143N07627008EA000000134776
B1123264309143N07627012EA000000134764
B1123274309143N07627016EA000000134740
B1123284309143N07627019EA000000134778
B1123294309144N07627021EA000000134646
B1123304309144N07627024EA000000134488
B1123314309145N07627027EA000000134168
B1123324309146N07627031EA000000133954
B1123334309147N07627036EA000000133750
B1123344309148N07627039EA000000133668
B1123354309149N07627042EA000000133568
B1123364309150N07627045EA000000133370
B1123374309151N07627047EA000000133193
B1123384309153N07627049EA000000132865
B1123394309155N07627052EA000000132602
B1123404309156N07627055EA000000132413
B1123414309156N07627059EA000000132271
B1123424309157N07627063EA000000132132
B1123434309157N07627067EA000000131994
B1123444309159N07627070EA000000131819
B1123454309160N07627075EA000000131633
B1123464309161N07627079EA000000131459
B1123474309162N07627084EA000000131170
B1123484309164N07627087EA000000131066
B1123494309166N07627091EA000000130963
B1123504309168N07627094EA000000130927
B1123514309169N07627097EA000000130959
B1123524309170N07627101EA000000130855
B1123534309171N07627105EA000000130763
B1123544309173N07627109EA000000130647
B1123554309175N07627113EA000000130482
B1123564309178N07627117EA000000130354
B1123574309181N07627120EA000000130320
B1123584309183N07627122EA000000130381
B1123594309185N07627123EA000000130398
B1124004309187N07627126EA000000130372
B1124014309189N07627129EA000000130283
B1124024309192N07627132EA000000130029
B1124034309194N07627136EA000000129871
B1124044309197N07627139EA000000129707
B1124054309198N07627143EA000000129783
B1124064309200N07627146EA000000129596
B1124074309203N07627149EA000000129435
B1124084309205N07627152EA000000129389
B1124094309207N07627157EA000000129261
B1124104309208N07627161EA000000129090
B1124114309210N07627165EA000000128940
B1124124309212N07627168EA000000128708
B1124134309214N07627172EA000000128523
B1124144309216N07627175EA000000128407
B1124154309217N07627179EA000000128382
B1124164309219N07627182EA000000128168
B1124174309221N07627186EA000000128046
B1124184309223N07627189EA000000127949
B1124194309225N07627193EA000000127765
B1124204309227N07627197EA000000127769
B1124214309229N07627201EA000000127461
B1124224309231N07627204EA000000127345
B1124234309233N07627208EA000000127114
B1124244309235N07627212EA000000127005
B1124254309237N07627216EA000000126830
B1124264309239N07627219EA000000126788
B1124274309242N07627223EA000000126574
B1124284309245N07627227EA000000126330
B1124294309247N07627230EA000000126248
B1124304309249N07627235EA000000126044
B1124314309251N07627239EA000000125820
B1124324309253N07627243EA000000125522
B1124334309254N07627247EA000000125365
B1124344309255N07627251EA000000125189
B1124354309257N07627256EA000000124933
B1124364309259N07627260EA000000124624
B1124374309260N07627263EA000000124395
B1124384309262N07627266EA000000124057
B1124394309263N07627271EA000000123761
B1124404309265N07627275EA000000123355
B1124414309267N07627280EA000000123045
B1124424309269N07627285EA000000122883
B1124434309272N07627289EA000000122606
B1124444309273N07627293EA000000122566
B1124454309275N07627297EA000000122337
B1124464309276N07627302EA000000122185
B1124474309278N07627307EA000000121694
B1124484309281N07627312EA000000121346
B1124494309284N07627317EA000000121023
B1124504309285N07627322EA000000120995
B1124514309287N07627326EA000000120842
B1124524309288N07627329EA000000120811
B1124534309289N07627331EA000000120503
B1124544309290N07627335EA000000120333
B1124554309292N07627340EA000000120030
B1124564309294N07627344EA000000119729
B1124574309296N07627349EA000000119616
B1124584309297N07627353EA000000119648
B1124594309298N07627357EA000000119565
B1125004309300N07627360EA000000119433
B1125014309302N07627364EA000000119109
B1125024309303N07627369EA000000118877
B1125034309305N07627373EA000000118747
B1125044309306N07627377EA000000118699
B1125054309308N07627382EA000000118531
B1125064309310N07627385EA000000118308
B1125074309312N07627389EA000000118142
B1125084309315N07627392EA000000117806
B1125094309316N07627397EA000000117554
B1125104309317N07627402EA000000117229
B1125114309317N07627407EA000000117137
B1125124309317N07627412EA000000117167
B1125134309318N07627417EA000000117044
B1125144309319N07627422EA000000116870
B1125154309321N07627425EA000000116664
B1125164309323N07627428EA000000116404
B1125174309324N07627432EA000000116321
B1125184309324N07627435EA000000116153
B1125194309324N07627438EA000000116181
B1125204309325N07627440EA000000116040
B1125214309326N07627441EA000000115906
B1125224309326N07627444EA000000115755
B1125234309326N07627448EA000000115537
B1125244309326N07627452EA000000115269
B1125254309326N07627457EA000000115052
B1125264309326N07627461EA000000114885
B1125274309326N07627466EA000000114769
B1125284309326N07627472EA000000114705
B1125294309325N07627477EA000000114650
B1125304309325N07627480EA000000114526
B1125314309325N07627484EA000000114423
B1125324309324N07627488EA000000114334
B1125334309323N07627493EA000000114131
B1125344309322N07627498EA000000113803
B1125354309321N07627503EA000000113730
B1125364309321N07627507EA000000113606
B1125374309320N07627511EA000000113544
B1125384309319N07627515EA000000113580
B1125394309319N07627519EA000000113320
B1125404309318N07627523EA000000113155
B1125414309318N07627528EA000000113009
B1125424309318N07627533EA000000112837
B1125434309319N07627536EA000000113056
B1125444309320N07627537EA000000113189
B1125454309322N07627538EA000000113309
B1125464309322N07627540EA000000113392
B1125474309324N07627541EA000000113159
B1125484309325N07627544EA000000113086
B1125494309327N07627547EA000000112851
B1125504309328N07627548EA000000112959
B1125514309328N07627550EA000000112995
B1125524309328N07627552EA000000112972
B1125534309328N07627555EA000000112761
B1125544309328N07627558EA000000112592
B1125554309329N07627561EA000000112494
B1125564309331N07627563EA000000112308
B1125574309332N07627566EA000000112404
B1125584309333N07627568EA000000112316
B1125594309335N07627568EA000000112270
B1126004309339N07627564EA000000112010
B1126014309342N07627557EA000000111841
B1126024309344N07627547EA000000111837
B1126034309342N07627535EA000000111860
B1126044309338N07627524EA000000111696
B1126054309333N07627516EA000000111530
B1126064309327N07627508EA000000111567
B1126074309321N07627502EA000000111586
B1126084309316N07627496EA000000111416
B1126094309310N07627489EA000000111467
B1126104309306N07627481EA000000111318
B1126114309302N07627471EA000000111168
B1126124309300N07627460EA000000111092
B1126134309301N07627449EA000000110877
B1126144309303N07627441EA000000110798
B1126154309306N07627438EA000000110761
B1126164309309N07627437EA000000110423
B1126174309312N07627438EA000000110224
B1126184309314N07627440EA000000110054
B1126194309317N07627442EA000000110113
B1126204309319N07627443EA000000109919
B1126214309320N07627446EA000000109920
B1126224309320N07627448EA000000109947
B1126234309319N07627451EA000000109767
B1126244309319N07627455EA000000109417
B1126254309320N07627458EA000000109440
B1126264309321N07627460EA000000109390
B1126274309322N07627461EA000000109377
B1126284309323N07627463EA000000109506
B1126294309322N07627466EA000000109471
B1126304309322N07627468EA000000109314
B1126314309321N07627470EA000000109175
B1126324309321N07627472EA000000108863
B1126334309322N07627474EA000000108800
B1126344309322N07627475EA000000108743
B1126354309322N07627476EA000000108782
B1126364309323N07627477EA000000108641
B1126374309324N07627478EA000000108381
B1126384309326N07627479EA000000108310
B1126394309326N07627479EA000000108074
B1126404309326N07627479EA000000108043
B1126414309326N07627479EA000000107931
B1126424309326N07627479EA000000107924
B1126434309326N07627479EA000000107836
B1126444309326N07627479EA000000107705
B1126454309326N07627479EA000000107715
B1126464309326N07627479EA000000107734
B1126474309326N07627479EA000000107634
B1126484309326N07627479EA000000107633
B1126494309326N07627479EA000000107644
B1126504309326N07627479EA000000107544
B1126514309326N07627479EA000000107543
B1126524309326N07627479EA000000107552
B1126534309326N07627479EA000000107561
B1126544309326N07627479EA000000107571
